[2026-09-13 15:13:16] debug: 	zh:ember:ezsp: <=== [CBFRAME: ID=69:"INCOMING_MESSAGE_HANDLER" Seq=167 Len=35]
[2026-09-13 15:13:16] debug: 	zh:ember:ezsp: ezspIncomingMessageHandler: type=UNICAST apsFrame={"profileId":260,"clusterId":61184,"sourceEndpoint":1,"destinationEndpoint":1,"options":256,"groupId":0,"sequence":18} packetInfo:{"senderShortId":3595,"senderLongId":"0xffffffffffffffff","bindingIndex":255,"addressIndex":255,"lastHopLqi":136,"lastHopRssi":-66,"lastHopTimestamp":0} messageContents=090e02005c0104000102
[2026-09-13 15:13:16] debug: 	zh:controller: Received payload: clusterID=61184, address=3595, groupID=0, endpoint=1, destinationEndpoint=1, wasBroadcast=false, linkQuality=136, frame={"header":{"frameControl":{"frameType":1,"manufacturerSpecific":false,"direction":1,"disableDefaultResponse":false,"reservedBits":0},"transactionSequenceNumber":14,"commandIdentifier":2},"payload":{"seq":23552,"dpValues":[{"dp":1,"datatype":4,"data":{"type":"Buffer","data":[2]}}]},"command":{"name":"dataReport","ID":2,"parameters":[{"name":"seq","type":33,"max":65535},{"name":"dpValues","type":1011}]}}
[2026-09-13 15:13:16] debug: 	zh:controller:endpoint: ZCL command 0x94b216fffef3cf25/1 manuSpecificTuya.defaultRsp({"cmdId":2,"statusCode":0}, {"timeout":10000,"disableResponse":false,"disableRecovery":false,"disableDefaultResponse":true,"direction":0,"reservedBits":0,"transactionSequenceNumber":14,"writeUndiv":false})
[2026-09-13 15:13:16] debug: 	zh:ember: ~~~> [ZCL to=0x94b216fffef3cf25:3595 apsFrame={"profileId":260,"clusterId":61184,"sourceEndpoint":1,"destinationEndpoint":1,"options":4352,"groupId":0,"sequence":0} header={"frameControl":{"reservedBits":0,"frameType":0,"direction":0,"disableDefaultResponse":true,"manufacturerSpecific":false},"transactionSequenceNumber":14,"commandIdentifier":11}]
[2026-09-13 15:13:16] debug: 	zh:ember:ezsp: ===> [FRAME: ID=52:"SEND_UNICAST" Seq=168 Len=26]
[2026-09-13 15:13:16] debug: 	zh:ember:uart:ash: ---> [FRAME type=DATA frmTx=0 frmRx=5](ackRx=0)
[2026-09-13 15:13:16] debug: 	z2m: Received Zigbee message from 'Nivelagua', type 'commandDataReport', cluster 'manuSpecificTuya', data '{"dpValues":[{"data":{"data":[2],"type":"Buffer"},"datatype":4,"dp":1}],"seq":23552}' from endpoint 1 with groupID 0
[2026-09-13 15:13:16] info: 	z2m:mqtt: MQTT publish: topic 'zigbee2mqtt/Nivelagua', payload '{"installation_height":0.75,"linkquality":136,"liquid_depth":0.38,"liquid_depth_max":0.28,"liquid_level_percent":81,"liquid_state":"high","max_set":80,"min_set":25}'
[2026-09-13 15:13:17] debug: 	zh:ember:uart:ash: <--- [FRAME type=DATA]
[2026-09-13 15:13:17] debug: 	zh:ember:uart:ash: <--- [FRAME type=DATA ackNum=1](ackRx=0 frmTx=1)
[2026-09-13 15:13:17] debug: 	zh:ember:uart:ash: <--- [FRAME type=DATA ackNum=1 frmNum=5](frmRx=5) Added to rxQueue
[2026-09-13 15:13:17] debug: 	zh:ember:uart:ash: ---> [FRAME type=ACK frmRx=6](ackRx=1)
[2026-09-13 15:13:17] debug: 	zh:ember:ezsp: <=== [FRAME: ID=52:"SEND_UNICAST" Seq=168 Len=7]
[2026-09-13 15:13:17] debug: 	zh:ember:ezsp: ~~~> [SENT type=DIRECT apsSequence=201 messageTag=7 status=OK]
[2026-09-13 15:13:17] debug: 	zh:ember:uart:ash: <--- [FRAME type=DATA]
[2026-09-13 15:13:17] debug: 	zh:ember:uart:ash: <--- [FRAME type=DATA ackNum=1](ackRx=1 frmTx=1)
[2026-09-13 15:13:17] debug: 	zh:ember:uart:ash: <--- [FRAME type=DATA ackNum=1 frmNum=6](frmRx=6) Added to rxQueue
[2026-09-13 15:13:17] debug: 	zh:ember:uart:ash: ---> [FRAME type=ACK frmRx=7](ackRx=1)
[2026-09-13 15:13:17] debug: 	zh:ember:ezsp: <=== [CBFRAME: ID=63:"MESSAGE_SENT_HANDLER" Seq=168 Len=22]
[2026-09-13 15:13:17] debug: 	zh:ember:ezsp: ezspMessageSentHandler: status=OK type=DIRECT indexOrDestination=3595 apsFrame={"profileId":260,"clusterId":61184,"sourceEndpoint":1,"destinationEndpoint":1,"options":4352,"groupId":0,"sequence":201} messageTag=7
[2026-09-13 15:13:17] debug: 	zh:ember:uart:ash: <--- [FRAME type=DATA]
[2026-09-13 15:13:17] debug: 	zh:ember:uart:ash: <--- [FRAME type=DATA ackNum=1](ackRx=1 frmTx=1)
[2026-09-13 15:13:17] debug: 	zh:ember:uart:ash: <--- [FRAME type=DATA ackNum=1 frmNum=7](frmRx=7) Added to rxQueue
[2026-09-13 15:13:17] debug: 	zh:ember:uart:ash: ---> [FRAME type=ACK frmRx=0](ackRx=1)
[2026-09-13 15:13:17] debug: 	zh:ember:ezsp: <=== [CBFRAME: ID=69:"INCOMING_MESSAGE_HANDLER" Seq=168 Len=38]
[2026-09-13 15:13:17] debug: 	zh:ember:ezsp: ezspIncomingMessageHandler: type=UNICAST apsFrame={"profileId":260,"clusterId":61184,"sourceEndpoint":1,"destinationEndpoint":1,"options":256,"groupId":0,"sequence":19} packetInfo:{"senderShortId":3595,"senderLongId":"0xffffffffffffffff","bindingIndex":255,"addressIndex":255,"lastHopLqi":136,"lastHopRssi":-66,"lastHopTimestamp":0} messageContents=090f02005d0202000400000026
[2026-09-13 15:13:17] debug: 	zh:controller: Received payload: clusterID=61184, address=3595, groupID=0, endpoint=1, destinationEndpoint=1, wasBroadcast=false, linkQuality=136, frame={"header":{"frameControl":{"frameType":1,"manufacturerSpecific":false,"direction":1,"disableDefaultResponse":false,"reservedBits":0},"transactionSequenceNumber":15,"commandIdentifier":2},"payload":{"seq":23808,"dpValues":[{"dp":2,"datatype":2,"data":{"type":"Buffer","data":[0,0,0,38]}}]},"command":{"name":"dataReport","ID":2,"parameters":[{"name":"seq","type":33,"max":65535},{"name":"dpValues","type":1011}]}}
[2026-09-13 15:13:17] debug: 	zh:controller:endpoint: ZCL command 0x94b216fffef3cf25/1 manuSpecificTuya.defaultRsp({"cmdId":2,"statusCode":0}, {"timeout":10000,"disableResponse":false,"disableRecovery":false,"disableDefaultResponse":true,"direction":0,"reservedBits":0,"transactionSequenceNumber":15,"writeUndiv":false})
[2026-09-13 15:13:17] debug: 	zh:ember: ~~~> [ZCL to=0x94b216fffef3cf25:3595 apsFrame={"profileId":260,"clusterId":61184,"sourceEndpoint":1,"destinationEndpoint":1,"options":4352,"groupId":0,"sequence":0} header={"frameControl":{"reservedBits":0,"frameType":0,"direction":0,"disableDefaultResponse":true,"manufacturerSpecific":false},"transactionSequenceNumber":15,"commandIdentifier":11}]
[2026-09-13 15:13:17] debug: 	zh:ember:ezsp: ===> [FRAME: ID=52:"SEND_UNICAST" Seq=169 Len=26]
[2026-09-13 15:13:17] debug: 	zh:ember:uart:ash: ---> [FRAME type=DATA frmTx=1 frmRx=0](ackRx=1)
[2026-09-13 15:13:17] debug: 	z2m: Received Zigbee message from 'Nivelagua', type 'commandDataReport', cluster 'manuSpecificTuya', data '{"dpValues":[{"data":{"data":[0,0,0,38],"type":"Buffer"},"datatype":2,"dp":2}],"seq":23808}' from endpoint 1 with groupID 0
[2026-09-13 15:13:17] info: 	z2m:mqtt: MQTT publish: topic 'zigbee2mqtt/Nivelagua', payload '{"installation_height":0.75,"linkquality":136,"liquid_depth":0.38,"liquid_depth_max":0.28,"liquid_level_percent":81,"liquid_state":"high","max_set":80,"min_set":25}'
[2026-09-13 15:13:17] debug: 	zh:ember:uart:ash: <--- [FRAME type=DATA]
[2026-09-13 15:13:17] debug: 	zh:ember:uart:ash: <--- [FRAME type=DATA ackNum=2](ackRx=1 frmTx=2)
[2026-09-13 15:13:17] debug: 	zh:ember:uart:ash: <--- [FRAME type=DATA ackNum=2 frmNum=0](frmRx=0) Added to rxQueue
[2026-09-13 15:13:17] debug: 	zh:ember:uart:ash: ---> [FRAME type=ACK frmRx=1](ackRx=2)
[2026-09-13 15:13:17] debug: 	zh:ember:ezsp: <=== [FRAME: ID=52:"SEND_UNICAST" Seq=169 Len=7]
[2026-09-13 15:13:17] debug: 	zh:ember:ezsp: ~~~> [SENT type=DIRECT apsSequence=202 messageTag=8 status=OK]
[2026-09-13 15:13:17] debug: 	zh:ember:uart:ash: <--- [FRAME type=DATA]
[2026-09-13 15:13:17] debug: 	zh:ember:uart:ash: <--- [FRAME type=DATA ackNum=2](ackRx=2 frmTx=2)
[2026-09-13 15:13:17] debug: 	zh:ember:uart:ash: <--- [FRAME type=DATA ackNum=2 frmNum=1](frmRx=1) Added to rxQueue
[2026-09-13 15:13:17] debug: 	zh:ember:uart:ash: ---> [FRAME type=ACK frmRx=2](ackRx=2)
[2026-09-13 15:13:17] debug: 	zh:ember:ezsp: <=== [CBFRAME: ID=63:"MESSAGE_SENT_HANDLER" Seq=169 Len=22]
[2026-09-13 15:13:17] debug: 	zh:ember:ezsp: ezspMessageSentHandler: status=OK type=DIRECT indexOrDestination=3595 apsFrame={"profileId":260,"clusterId":61184,"sourceEndpoint":1,"destinationEndpoint":1,"options":4352,"groupId":0,"sequence":202} messageTag=8
[2026-09-13 15:13:17] debug: 	zh:ember:uart:ash: <--- [FRAME type=DATA]
[2026-09-13 15:13:17] debug: 	zh:ember:uart:ash: <--- [FRAME type=DATA ackNum=2](ackRx=2 frmTx=2)
[2026-09-13 15:13:17] debug: 	zh:ember:uart:ash: <--- [FRAME type=DATA ackNum=2 frmNum=2](frmRx=2) Added to rxQueue
[2026-09-13 15:13:17] debug: 	zh:ember:uart:ash: ---> [FRAME type=ACK frmRx=3](ackRx=2)
[2026-09-13 15:13:17] debug: 	zh:ember:ezsp: <=== [CBFRAME: ID=69:"INCOMING_MESSAGE_HANDLER" Seq=169 Len=38]
[2026-09-13 15:13:17] debug: 	zh:ember:ezsp: ezspIncomingMessageHandler: type=UNICAST apsFrame={"profileId":260,"clusterId":61184,"sourceEndpoint":1,"destinationEndpoint":1,"options":256,"groupId":0,"sequence":20} packetInfo:{"senderShortId":3595,"senderLongId":"0xffffffffffffffff","bindingIndex":255,"addressIndex":255,"lastHopLqi":136,"lastHopRssi":-66,"lastHopTimestamp":0} messageContents=091002005e1602000400000051
[2026-09-13 15:13:17] debug: 	zh:controller: Received payload: clusterID=61184, address=3595, groupID=0, endpoint=1, destinationEndpoint=1, wasBroadcast=false, linkQuality=136, frame={"header":{"frameControl":{"frameType":1,"manufacturerSpecific":false,"direction":1,"disableDefaultResponse":false,"reservedBits":0},"transactionSequenceNumber":16,"commandIdentifier":2},"payload":{"seq":24064,"dpValues":[{"dp":22,"datatype":2,"data":{"type":"Buffer","data":[0,0,0,81]}}]},"command":{"name":"dataReport","ID":2,"parameters":[{"name":"seq","type":33,"max":65535},{"name":"dpValues","type":1011}]}}
[2026-09-13 15:13:17] debug: 	zh:controller:endpoint: ZCL command 0x94b216fffef3cf25/1 manuSpecificTuya.defaultRsp({"cmdId":2,"statusCode":0}, {"timeout":10000,"disableResponse":false,"disableRecovery":false,"disableDefaultResponse":true,"direction":0,"reservedBits":0,"transactionSequenceNumber":16,"writeUndiv":false})
[2026-09-13 15:13:17] debug: 	zh:ember: ~~~> [ZCL to=0x94b216fffef3cf25:3595 apsFrame={"profileId":260,"clusterId":61184,"sourceEndpoint":1,"destinationEndpoint":1,"options":4352,"groupId":0,"sequence":0} header={"frameControl":{"reservedBits":0,"frameType":0,"direction":0,"disableDefaultResponse":true,"manufacturerSpecific":false},"transactionSequenceNumber":16,"commandIdentifier":11}]
[2026-09-13 15:13:17] debug: 	zh:ember:ezsp: ===> [FRAME: ID=52:"SEND_UNICAST" Seq=170 Len=26]
[2026-09-13 15:13:17] debug: 	zh:ember:uart:ash: ---> [FRAME type=DATA frmTx=2 frmRx=3](ackRx=2)
[2026-09-13 15:13:17] debug: 	z2m: Received Zigbee message from 'Nivelagua', type 'commandDataReport', cluster 'manuSpecificTuya', data '{"dpValues":[{"data":{"data":[0,0,0,81],"type":"Buffer"},"datatype":2,"dp":22}],"seq":24064}' from endpoint 1 with groupID 0
[2026-09-13 15:13:17] info: 	z2m:mqtt: MQTT publish: topic 'zigbee2mqtt/Nivelagua', payload '{"installation_height":0.75,"linkquality":136,"liquid_depth":0.38,"liquid_depth_max":0.28,"liquid_level_percent":81,"liquid_state":"high","max_set":80,"min_set":25}'
[2026-09-13 15:13:17] debug: 	zh:ember:uart:ash: <--- [FRAME type=DATA]
[2026-09-13 15:13:17] debug: 	zh:ember:uart:ash: <--- [FRAME type=DATA ackNum=3](ackRx=2 frmTx=3)
[2026-09-13 15:13:17] debug: 	zh:ember:uart:ash: <--- [FRAME type=DATA ackNum=3 frmNum=3](frmRx=3) Added to rxQueue
[2026-09-13 15:13:17] debug: 	zh:ember:uart:ash: ---> [FRAME type=ACK frmRx=4](ackRx=3)
[2026-09-13 15:13:17] debug: 	zh:ember:ezsp: <=== [FRAME: ID=52:"SEND_UNICAST" Seq=170 Len=7]
[2026-09-13 15:13:17] debug: 	zh:ember:ezsp: ~~~> [SENT type=DIRECT apsSequence=203 messageTag=9 status=OK]
[2026-09-13 15:13:17] debug: 	zh:ember:uart:ash: <--- [FRAME type=DATA]
[2026-09-13 15:13:17] debug: 	zh:ember:uart:ash: <--- [FRAME type=DATA ackNum=3](ackRx=3 frmTx=3)
[2026-09-13 15:13:17] debug: 	zh:ember:uart:ash: <--- [FRAME type=DATA ackNum=3 frmNum=4](frmRx=4) Added to rxQueue
[2026-09-13 15:13:17] debug: 	zh:ember:uart:ash: ---> [FRAME type=ACK frmRx=5](ackRx=3)
[2026-09-13 15:13:17] debug: 	zh:ember:ezsp: <=== [CBFRAME: ID=63:"MESSAGE_SENT_HANDLER" Seq=170 Len=22]
[2026-09-13 15:13:17] debug: 	zh:ember:ezsp: ezspMessageSentHandler: status=OK type=DIRECT indexOrDestination=3595 apsFrame={"profileId":260,"clusterId":61184,"sourceEndpoint":1,"destinationEndpoint":1,"options":4352,"groupId":0,"sequence":203} messageTag=9
[2026-09-13 15:13:18] debug: 	zh:ember:uart:ash: <--- [FRAME type=DATA]
[2026-09-13 15:13:18] debug: 	zh:ember:uart:ash: <--- [FRAME type=DATA ackNum=3](ackRx=3 frmTx=3)
[2026-09-13 15:13:18] debug: 	zh:ember:uart:ash: <--- [FRAME type=DATA ackNum=3 frmNum=5](frmRx=5) Added to rxQueue
[2026-09-13 15:13:18] debug: 	zh:ember:uart:ash: ---> [FRAME type=ACK frmRx=6](ackRx=3)
[2026-09-13 15:13:18] debug: 	zh:ember:ezsp: <=== [CBFRAME: ID=69:"INCOMING_MESSAGE_HANDLER" Seq=170 Len=35]
[2026-09-13 15:13:18] debug: 	zh:ember:ezsp: ezspIncomingMessageHandler: type=UNICAST apsFrame={"profileId":260,"clusterId":61184,"sourceEndpoint":1,"destinationEndpoint":1,"options":256,"groupId":0,"sequence":21} packetInfo:{"senderShortId":3595,"senderLongId":"0xffffffffffffffff","bindingIndex":255,"addressIndex":255,"lastHopLqi":136,"lastHopRssi":-66,"lastHopTimestamp":0} messageContents=091102005f0104000102
[2026-09-13 15:13:18] debug: 	zh:controller: Received payload: clusterID=61184, address=3595, groupID=0, endpoint=1, destinationEndpoint=1, wasBroadcast=false, linkQuality=136, frame={"header":{"frameControl":{"frameType":1,"manufacturerSpecific":false,"direction":1,"disableDefaultResponse":false,"reservedBits":0},"transactionSequenceNumber":17,"commandIdentifier":2},"payload":{"seq":24320,"dpValues":[{"dp":1,"datatype":4,"data":{"type":"Buffer","data":[2]}}]},"command":{"name":"dataReport","ID":2,"parameters":[{"name":"seq","type":33,"max":65535},{"name":"dpValues","type":1011}]}}
[2026-09-13 15:13:18] debug: 	zh:controller:endpoint: ZCL command 0x94b216fffef3cf25/1 manuSpecificTuya.defaultRsp({"cmdId":2,"statusCode":0}, {"timeout":10000,"disableResponse":false,"disableRecovery":false,"disableDefaultResponse":true,"direction":0,"reservedBits":0,"transactionSequenceNumber":17,"writeUndiv":false})
[2026-09-13 15:13:18] debug: 	zh:ember: ~~~> [ZCL to=0x94b216fffef3cf25:3595 apsFrame={"profileId":260,"clusterId":61184,"sourceEndpoint":1,"destinationEndpoint":1,"options":4352,"groupId":0,"sequence":0} header={"frameControl":{"reservedBits":0,"frameType":0,"direction":0,"disableDefaultResponse":true,"manufacturerSpecific":false},"transactionSequenceNumber":17,"commandIdentifier":11}]
[2026-09-13 15:13:18] debug: 	zh:ember:ezsp: ===> [FRAME: ID=52:"SEND_UNICAST" Seq=171 Len=26]
[2026-09-13 15:13:18] debug: 	zh:ember:uart:ash: ---> [FRAME type=DATA frmTx=3 frmRx=6](ackRx=3)
[2026-09-13 15:13:18] debug: 	z2m: Received Zigbee message from 'Nivelagua', type 'commandDataReport', cluster 'manuSpecificTuya', data '{"dpValues":[{"data":{"data":[2],"type":"Buffer"},"datatype":4,"dp":1}],"seq":24320}' from endpoint 1 with groupID 0
[2026-09-13 15:13:18] info: 	z2m:mqtt: MQTT publish: topic 'zigbee2mqtt/Nivelagua', payload '{"installation_height":0.75,"linkquality":136,"liquid_depth":0.38,"liquid_depth_max":0.28,"liquid_level_percent":81,"liquid_state":"high","max_set":80,"min_set":25}'
[2026-09-13 15:13:18] debug: 	zh:ember:uart:ash: <--- [FRAME type=DATA]
[2026-09-13 15:13:18] debug: 	zh:ember:uart:ash: <--- [FRAME type=DATA ackNum=4](ackRx=3 frmTx=4)
[2026-09-13 15:13:18] debug: 	zh:ember:uart:ash: <--- [FRAME type=DATA ackNum=4 frmNum=6](frmRx=6) Added to rxQueue
[2026-09-13 15:13:18] debug: 	zh:ember:uart:ash: ---> [FRAME type=ACK frmRx=7](ackRx=4)
[2026-09-13 15:13:18] debug: 	zh:ember:ezsp: <=== [FRAME: ID=52:"SEND_UNICAST" Seq=171 Len=7]
[2026-09-13 15:13:18] debug: 	zh:ember:ezsp: ~~~> [SENT type=DIRECT apsSequence=204 messageTag=10 status=OK]
[2026-09-13 15:13:18] debug: 	zh:ember:uart:ash: <--- [FRAME type=DATA]
[2026-09-13 15:13:18] debug: 	zh:ember:uart:ash: <--- [FRAME type=DATA ackNum=4](ackRx=4 frmTx=4)
[2026-09-13 15:13:18] debug: 	zh:ember:uart:ash: <--- [FRAME type=DATA ackNum=4 frmNum=7](frmRx=7) Added to rxQueue
[2026-09-13 15:13:18] debug: 	zh:ember:uart:ash: ---> [FRAME type=ACK frmRx=0](ackRx=4)
[2026-09-13 15:13:18] debug: 	zh:ember:ezsp: <=== [CBFRAME: ID=63:"MESSAGE_SENT_HANDLER" Seq=171 Len=22]
[2026-09-13 15:13:18] debug: 	zh:ember:ezsp: ezspMessageSentHandler: status=OK type=DIRECT indexOrDestination=3595 apsFrame={"profileId":260,"clusterId":61184,"sourceEndpoint":1,"destinationEndpoint":1,"options":4352,"groupId":0,"sequence":204} messageTag=10
[2026-09-13 15:13:18] debug: 	zh:ember:uart:ash: <--- [FRAME type=DATA]
[2026-09-13 15:13:18] debug: 	zh:ember:uart:ash: <--- [FRAME type=DATA ackNum=4](ackRx=4 frmTx=4)
[2026-09-13 15:13:18] debug: 	zh:ember:uart:ash: <--- [FRAME type=DATA ackNum=4 frmNum=0](frmRx=0) Added to rxQueue
[2026-09-13 15:13:18] debug: 	zh:ember:uart:ash: ---> [FRAME type=ACK frmRx=1](ackRx=4)
[2026-09-13 15:13:18] debug: 	zh:ember:ezsp: <=== [CBFRAME: ID=69:"INCOMING_MESSAGE_HANDLER" Seq=171 Len=38]
[2026-09-13 15:13:18] debug: 	zh:ember:ezsp: ezspIncomingMessageHandler: type=UNICAST apsFrame={"profileId":260,"clusterId":61184,"sourceEndpoint":1,"destinationEndpoint":1,"options":256,"groupId":0,"sequence":22} packetInfo:{"senderShortId":3595,"senderLongId":"0xffffffffffffffff","bindingIndex":255,"addressIndex":255,"lastHopLqi":136,"lastHopRssi":-66,"lastHopTimestamp":0} messageContents=09120200600202000400000026
[2026-09-13 15:13:18] debug: 	zh:controller: Received payload: clusterID=61184, address=3595, groupID=0, endpoint=1, destinationEndpoint=1, wasBroadcast=false, linkQuality=136, frame={"header":{"frameControl":{"frameType":1,"manufacturerSpecific":false,"direction":1,"disableDefaultResponse":false,"reservedBits":0},"transactionSequenceNumber":18,"commandIdentifier":2},"payload":{"seq":24576,"dpValues":[{"dp":2,"datatype":2,"data":{"type":"Buffer","data":[0,0,0,38]}}]},"command":{"name":"dataReport","ID":2,"parameters":[{"name":"seq","type":33,"max":65535},{"name":"dpValues","type":1011}]}}
[2026-09-13 15:13:18] debug: 	zh:controller:endpoint: ZCL command 0x94b216fffef3cf25/1 manuSpecificTuya.defaultRsp({"cmdId":2,"statusCode":0}, {"timeout":10000,"disableResponse":false,"disableRecovery":false,"disableDefaultResponse":true,"direction":0,"reservedBits":0,"transactionSequenceNumber":18,"writeUndiv":false})
[2026-09-13 15:13:18] debug: 	zh:ember: ~~~> [ZCL to=0x94b216fffef3cf25:3595 apsFrame={"profileId":260,"clusterId":61184,"sourceEndpoint":1,"destinationEndpoint":1,"options":4352,"groupId":0,"sequence":0} header={"frameControl":{"reservedBits":0,"frameType":0,"direction":0,"disableDefaultResponse":true,"manufacturerSpecific":false},"transactionSequenceNumber":18,"commandIdentifier":11}]
[2026-09-13 15:13:18] debug: 	zh:ember:ezsp: ===> [FRAME: ID=52:"SEND_UNICAST" Seq=172 Len=26]
[2026-09-13 15:13:18] debug: 	zh:ember:uart:ash: ---> [FRAME type=DATA frmTx=4 frmRx=1](ackRx=4)
[2026-09-13 15:13:18] debug: 	z2m: Received Zigbee message from 'Nivelagua', type 'commandDataReport', cluster 'manuSpecificTuya', data '{"dpValues":[{"data":{"data":[0,0,0,38],"type":"Buffer"},"datatype":2,"dp":2}],"seq":24576}' from endpoint 1 with groupID 0
[2026-09-13 15:13:18] info: 	z2m:mqtt: MQTT publish: topic 'zigbee2mqtt/Nivelagua', payload '{"installation_height":0.75,"linkquality":136,"liquid_depth":0.38,"liquid_depth_max":0.28,"liquid_level_percent":81,"liquid_state":"high","max_set":80,"min_set":25}'
[2026-09-13 15:13:18] debug: 	zh:ember:uart:ash: <--- [FRAME type=DATA]
[2026-09-13 15:13:18] debug: 	zh:ember:uart:ash: <--- [FRAME type=DATA ackNum=5](ackRx=4 frmTx=5)
[2026-09-13 15:13:18] debug: 	zh:ember:uart:ash: <--- [FRAME type=DATA ackNum=5 frmNum=1](frmRx=1) Added to rxQueue
[2026-09-13 15:13:18] debug: 	zh:ember:uart:ash: ---> [FRAME type=ACK frmRx=2](ackRx=5)
[2026-09-13 15:13:18] debug: 	zh:ember:ezsp: <=== [FRAME: ID=52:"SEND_UNICAST" Seq=172 Len=7]
[2026-09-13 15:13:18] debug: 	zh:ember:ezsp: ~~~> [SENT type=DIRECT apsSequence=205 messageTag=11 status=OK]
[2026-09-13 15:13:18] debug: 	zh:ember:uart:ash: <--- [FRAME type=DATA]
[2026-09-13 15:13:18] debug: 	zh:ember:uart:ash: <--- [FRAME type=DATA ackNum=5](ackRx=5 frmTx=5)
[2026-09-13 15:13:18] debug: 	zh:ember:uart:ash: <--- [FRAME type=DATA ackNum=5 frmNum=2](frmRx=2) Added to rxQueue
[2026-09-13 15:13:18] debug: 	zh:ember:uart:ash: ---> [FRAME type=ACK frmRx=3](ackRx=5)
[2026-09-13 15:13:18] debug: 	zh:ember:ezsp: <=== [CBFRAME: ID=63:"MESSAGE_SENT_HANDLER" Seq=172 Len=22]
[2026-09-13 15:13:18] debug: 	zh:ember:ezsp: ezspMessageSentHandler: status=OK type=DIRECT indexOrDestination=3595 apsFrame={"profileId":260,"clusterId":61184,"sourceEndpoint":1,"destinationEndpoint":1,"options":4352,"groupId":0,"sequence":205} messageTag=11
[2026-09-13 15:13:18] debug: 	zh:ember:uart:ash: <--- [FRAME type=DATA]
[2026-09-13 15:13:18] debug: 	zh:ember:uart:ash: <--- [FRAME type=DATA ackNum=5](ackRx=5 frmTx=5)
[2026-09-13 15:13:18] debug: 	zh:ember:uart:ash: <--- [FRAME type=DATA ackNum=5 frmNum=3](frmRx=3) Added to rxQueue
[2026-09-13 15:13:18] debug: 	zh:ember:uart:ash: ---> [FRAME type=ACK frmRx=4](ackRx=5)
[2026-09-13 15:13:18] debug: 	zh:ember:ezsp: <=== [CBFRAME: ID=69:"INCOMING_MESSAGE_HANDLER" Seq=172 Len=38]
[2026-09-13 15:13:18] debug: 	zh:ember:ezsp: ezspIncomingMessageHandler: type=UNICAST apsFrame={"profileId":260,"clusterId":61184,"sourceEndpoint":1,"destinationEndpoint":1,"options":256,"groupId":0,"sequence":23} packetInfo:{"senderShortId":3595,"senderLongId":"0xffffffffffffffff","bindingIndex":255,"addressIndex":255,"lastHopLqi":136,"lastHopRssi":-66,"lastHopTimestamp":0} messageContents=09130200611602000400000051
[2026-09-13 15:13:18] debug: 	zh:controller: Received payload: clusterID=61184, address=3595, groupID=0, endpoint=1, destinationEndpoint=1, wasBroadcast=false, linkQuality=136, frame={"header":{"frameControl":{"frameType":1,"manufacturerSpecific":false,"direction":1,"disableDefaultResponse":false,"reservedBits":0},"transactionSequenceNumber":19,"commandIdentifier":2},"payload":{"seq":24832,"dpValues":[{"dp":22,"datatype":2,"data":{"type":"Buffer","data":[0,0,0,81]}}]},"command":{"name":"dataReport","ID":2,"parameters":[{"name":"seq","type":33,"max":65535},{"name":"dpValues","type":1011}]}}
[2026-09-13 15:13:18] debug: 	zh:controller:endpoint: ZCL command 0x94b216fffef3cf25/1 manuSpecificTuya.defaultRsp({"cmdId":2,"statusCode":0}, {"timeout":10000,"disableResponse":false,"disableRecovery":false,"disableDefaultResponse":true,"direction":0,"reservedBits":0,"transactionSequenceNumber":19,"writeUndiv":false})
[2026-09-13 15:13:18] debug: 	zh:ember: ~~~> [ZCL to=0x94b216fffef3cf25:3595 apsFrame={"profileId":260,"clusterId":61184,"sourceEndpoint":1,"destinationEndpoint":1,"options":4352,"groupId":0,"sequence":0} header={"frameControl":{"reservedBits":0,"frameType":0,"direction":0,"disableDefaultResponse":true,"manufacturerSpecific":false},"transactionSequenceNumber":19,"commandIdentifier":11}]
[2026-09-13 15:13:18] debug: 	zh:ember:ezsp: ===> [FRAME: ID=52:"SEND_UNICAST" Seq=173 Len=26]
[2026-09-13 15:13:18] debug: 	zh:ember:uart:ash: ---> [FRAME type=DATA frmTx=5 frmRx=4](ackRx=5)
[2026-09-13 15:13:18] debug: 	z2m: Received Zigbee message from 'Nivelagua', type 'commandDataReport', cluster 'manuSpecificTuya', data '{"dpValues":[{"data":{"data":[0,0,0,81],"type":"Buffer"},"datatype":2,"dp":22}],"seq":24832}' from endpoint 1 with groupID 0
[2026-09-13 15:13:18] info: 	z2m:mqtt: MQTT publish: topic 'zigbee2mqtt/Nivelagua', payload '{"installation_height":0.75,"linkquality":136,"liquid_depth":0.38,"liquid_depth_max":0.28,"liquid_level_percent":81,"liquid_state":"high","max_set":80,"min_set":25}'
[2026-09-13 15:13:18] debug: 	zh:ember:uart:ash: <--- [FRAME type=DATA]
[2026-09-13 15:13:18] debug: 	zh:ember:uart:ash: <--- [FRAME type=DATA ackNum=6](ackRx=5 frmTx=6)
[2026-09-13 15:13:18] debug: 	zh:ember:uart:ash: <--- [FRAME type=DATA ackNum=6 frmNum=4](frmRx=4) Added to rxQueue
[2026-09-13 15:13:18] debug: 	zh:ember:uart:ash: ---> [FRAME type=ACK frmRx=5](ackRx=6)
[2026-09-13 15:13:18] debug: 	zh:ember:ezsp: <=== [FRAME: ID=52:"SEND_UNICAST" Seq=173 Len=7]
[2026-09-13 15:13:18] debug: 	zh:ember:ezsp: ~~~> [SENT type=DIRECT apsSequence=206 messageTag=12 status=OK]
[2026-09-13 15:13:18] debug: 	zh:ember:uart:ash: <--- [FRAME type=DATA]
[2026-09-13 15:13:18] debug: 	zh:ember:uart:ash: <--- [FRAME type=DATA ackNum=6](ackRx=6 frmTx=6)
[2026-09-13 15:13:18] debug: 	zh:ember:uart:ash: <--- [FRAME type=DATA ackNum=6 frmNum=5](frmRx=5) Added to rxQueue
[2026-09-13 15:13:18] debug: 	zh:ember:uart:ash: ---> [FRAME type=ACK frmRx=6](ackRx=6)
[2026-09-13 15:13:18] debug: 	zh:ember:ezsp: <=== [CBFRAME: ID=63:"MESSAGE_SENT_HANDLER" Seq=173 Len=22]
[2026-09-13 15:13:18] debug: 	zh:ember:ezsp: ezspMessageSentHandler: status=OK type=DIRECT indexOrDestination=3595 apsFrame={"profileId":260,"clusterId":61184,"sourceEndpoint":1,"destinationEndpoint":1,"options":4352,"groupId":0,"sequence":206} messageTag=12
[2026-09-13 15:13:19] debug: 	zh:ember:uart:ash: <--- [FRAME type=DATA]
[2026-09-13 15:13:19] debug: 	zh:ember:uart:ash: <--- [FRAME type=DATA ackNum=6](ackRx=6 frmTx=6)
[2026-09-13 15:13:19] debug: 	zh:ember:uart:ash: <--- [FRAME type=DATA ackNum=6 frmNum=6](frmRx=6) Added to rxQueue
[2026-09-13 15:13:19] debug: 	zh:ember:uart:ash: ---> [FRAME type=ACK frmRx=7](ackRx=6)
[2026-09-13 15:13:19] debug: 	zh:ember:ezsp: <=== [CBFRAME: ID=69:"INCOMING_MESSAGE_HANDLER" Seq=173 Len=35]
[2026-09-13 15:13:19] debug: 	zh:ember:ezsp: ezspIncomingMessageHandler: type=UNICAST apsFrame={"profileId":260,"clusterId":61184,"sourceEndpoint":1,"destinationEndpoint":1,"options":256,"groupId":0,"sequence":24} packetInfo:{"senderShortId":3595,"senderLongId":"0xffffffffffffffff","bindingIndex":255,"addressIndex":255,"lastHopLqi":136,"lastHopRssi":-66,"lastHopTimestamp":0} messageContents=09140200620104000102
[2026-09-13 15:13:19] debug: 	zh:controller: Received payload: clusterID=61184, address=3595, groupID=0, endpoint=1, destinationEndpoint=1, wasBroadcast=false, linkQuality=136, frame={"header":{"frameControl":{"frameType":1,"manufacturerSpecific":false,"direction":1,"disableDefaultResponse":false,"reservedBits":0},"transactionSequenceNumber":20,"commandIdentifier":2},"payload":{"seq":25088,"dpValues":[{"dp":1,"datatype":4,"data":{"type":"Buffer","data":[2]}}]},"command":{"name":"dataReport","ID":2,"parameters":[{"name":"seq","type":33,"max":65535},{"name":"dpValues","type":1011}]}}
[2026-09-13 15:13:19] debug: 	zh:controller:endpoint: ZCL command 0x94b216fffef3cf25/1 manuSpecificTuya.defaultRsp({"cmdId":2,"statusCode":0}, {"timeout":10000,"disableResponse":false,"disableRecovery":false,"disableDefaultResponse":true,"direction":0,"reservedBits":0,"transactionSequenceNumber":20,"writeUndiv":false})
[2026-09-13 15:13:19] debug: 	zh:ember: ~~~> [ZCL to=0x94b216fffef3cf25:3595 apsFrame={"profileId":260,"clusterId":61184,"sourceEndpoint":1,"destinationEndpoint":1,"options":4352,"groupId":0,"sequence":0} header={"frameControl":{"reservedBits":0,"frameType":0,"direction":0,"disableDefaultResponse":true,"manufacturerSpecific":false},"transactionSequenceNumber":20,"commandIdentifier":11}]
[2026-09-13 15:13:19] debug: 	zh:ember:ezsp: ===> [FRAME: ID=52:"SEND_UNICAST" Seq=174 Len=26]
[2026-09-13 15:13:19] debug: 	zh:ember:uart:ash: ---> [FRAME type=DATA frmTx=6 frmRx=7](ackRx=6)
[2026-09-13 15:13:19] debug: 	z2m: Received Zigbee message from 'Nivelagua', type 'commandDataReport', cluster 'manuSpecificTuya', data '{"dpValues":[{"data":{"data":[2],"type":"Buffer"},"datatype":4,"dp":1}],"seq":25088}' from endpoint 1 with groupID 0
[2026-09-13 15:13:19] info: 	z2m:mqtt: MQTT publish: topic 'zigbee2mqtt/Nivelagua', payload '{"installation_height":0.75,"linkquality":136,"liquid_depth":0.38,"liquid_depth_max":0.28,"liquid_level_percent":81,"liquid_state":"high","max_set":80,"min_set":25}'
[2026-09-13 15:13:19] debug: 	zh:ember:uart:ash: <--- [FRAME type=DATA]
[2026-09-13 15:13:19] debug: 	zh:ember:uart:ash: <--- [FRAME type=DATA ackNum=7](ackRx=6 frmTx=7)
[2026-09-13 15:13:19] debug: 	zh:ember:uart:ash: <--- [FRAME type=DATA ackNum=7 frmNum=7](frmRx=7) Added to rxQueue
[2026-09-13 15:13:19] debug: 	zh:ember:uart:ash: ---> [FRAME type=ACK frmRx=0](ackRx=7)
[2026-09-13 15:13:19] debug: 	zh:ember:ezsp: <=== [FRAME: ID=52:"SEND_UNICAST" Seq=174 Len=7]
[2026-09-13 15:13:19] debug: 	zh:ember:ezsp: ~~~> [SENT type=DIRECT apsSequence=207 messageTag=13 status=OK]
[2026-09-13 15:13:19] debug: 	zh:ember:uart:ash: <--- [FRAME type=DATA]
[2026-09-13 15:13:19] debug: 	zh:ember:uart:ash: <--- [FRAME type=DATA ackNum=7](ackRx=7 frmTx=7)
[2026-09-13 15:13:19] debug: 	zh:ember:uart:ash: <--- [FRAME type=DATA ackNum=7 frmNum=0](frmRx=0) Added to rxQueue
[2026-09-13 15:13:19] debug: 	zh:ember:uart:ash: ---> [FRAME type=ACK frmRx=1](ackRx=7)
[2026-09-13 15:13:19] debug: 	zh:ember:ezsp: <=== [CBFRAME: ID=63:"MESSAGE_SENT_HANDLER" Seq=174 Len=22]
[2026-09-13 15:13:19] debug: 	zh:ember:ezsp: ezspMessageSentHandler: status=OK type=DIRECT indexOrDestination=3595 apsFrame={"profileId":260,"clusterId":61184,"sourceEndpoint":1,"destinationEndpoint":1,"options":4352,"groupId":0,"sequence":207} messageTag=13
[2026-09-13 15:13:19] debug: 	zh:ember:uart:ash: <--- [FRAME type=DATA]
[2026-09-13 15:13:19] debug: 	zh:ember:uart:ash: <--- [FRAME type=DATA ackNum=7](ackRx=7 frmTx=7)
[2026-09-13 15:13:19] debug: 	zh:ember:uart:ash: <--- [FRAME type=DATA ackNum=7 frmNum=1](frmRx=1) Added to rxQueue
[2026-09-13 15:13:19] debug: 	zh:ember:uart:ash: ---> [FRAME type=ACK frmRx=2](ackRx=7)
[2026-09-13 15:13:19] debug: 	zh:ember:ezsp: <=== [CBFRAME: ID=69:"INCOMING_MESSAGE_HANDLER" Seq=174 Len=38]
[2026-09-13 15:13:19] debug: 	zh:ember:ezsp: ezspIncomingMessageHandler: type=UNICAST apsFrame={"profileId":260,"clusterId":61184,"sourceEndpoint":1,"destinationEndpoint":1,"options":256,"groupId":0,"sequence":25} packetInfo:{"senderShortId":3595,"senderLongId":"0xffffffffffffffff","bindingIndex":255,"addressIndex":255,"lastHopLqi":136,"lastHopRssi":-66,"lastHopTimestamp":0} messageContents=09150200630202000400000026
[2026-09-13 15:13:19] debug: 	zh:controller: Received payload: clusterID=61184, address=3595, groupID=0, endpoint=1, destinationEndpoint=1, wasBroadcast=false, linkQuality=136, frame={"header":{"frameControl":{"frameType":1,"manufacturerSpecific":false,"direction":1,"disableDefaultResponse":false,"reservedBits":0},"transactionSequenceNumber":21,"commandIdentifier":2},"payload":{"seq":25344,"dpValues":[{"dp":2,"datatype":2,"data":{"type":"Buffer","data":[0,0,0,38]}}]},"command":{"name":"dataReport","ID":2,"parameters":[{"name":"seq","type":33,"max":65535},{"name":"dpValues","type":1011}]}}
[2026-09-13 15:13:19] debug: 	zh:controller:endpoint: ZCL command 0x94b216fffef3cf25/1 manuSpecificTuya.defaultRsp({"cmdId":2,"statusCode":0}, {"timeout":10000,"disableResponse":false,"disableRecovery":false,"disableDefaultResponse":true,"direction":0,"reservedBits":0,"transactionSequenceNumber":21,"writeUndiv":false})
[2026-09-13 15:13:19] debug: 	zh:ember: ~~~> [ZCL to=0x94b216fffef3cf25:3595 apsFrame={"profileId":260,"clusterId":61184,"sourceEndpoint":1,"destinationEndpoint":1,"options":4352,"groupId":0,"sequence":0} header={"frameControl":{"reservedBits":0,"frameType":0,"direction":0,"disableDefaultResponse":true,"manufacturerSpecific":false},"transactionSequenceNumber":21,"commandIdentifier":11}]
[2026-09-13 15:13:19] debug: 	zh:ember:ezsp: ===> [FRAME: ID=52:"SEND_UNICAST" Seq=175 Len=26]
[2026-09-13 15:13:19] debug: 	zh:ember:uart:ash: ---> [FRAME type=DATA frmTx=7 frmRx=2](ackRx=7)
[2026-09-13 15:13:19] debug: 	z2m: Received Zigbee message from 'Nivelagua', type 'commandDataReport', cluster 'manuSpecificTuya', data '{"dpValues":[{"data":{"data":[0,0,0,38],"type":"Buffer"},"datatype":2,"dp":2}],"seq":25344}' from endpoint 1 with groupID 0
[2026-09-13 15:13:19] info: 	z2m:mqtt: MQTT publish: topic 'zigbee2mqtt/Nivelagua', payload '{"installation_height":0.75,"linkquality":136,"liquid_depth":0.38,"liquid_depth_max":0.28,"liquid_level_percent":81,"liquid_state":"high","max_set":80,"min_set":25}'
[2026-09-13 15:13:19] debug: 	zh:ember:uart:ash: <--- [FRAME type=DATA]
[2026-09-13 15:13:19] debug: 	zh:ember:uart:ash: <--- [FRAME type=DATA ackNum=0](ackRx=7 frmTx=0)
[2026-09-13 15:13:19] debug: 	zh:ember:uart:ash: <--- [FRAME type=DATA ackNum=0 frmNum=2](frmRx=2) Added to rxQueue
[2026-09-13 15:13:19] debug: 	zh:ember:uart:ash: ---> [FRAME type=ACK frmRx=3](ackRx=0)
[2026-09-13 15:13:19] debug: 	zh:ember:ezsp: <=== [FRAME: ID=52:"SEND_UNICAST" Seq=175 Len=7]
[2026-09-13 15:13:19] debug: 	zh:ember:ezsp: ~~~> [SENT type=DIRECT apsSequence=208 messageTag=14 status=OK]
[2026-09-13 15:13:19] debug: 	zh:ember:uart:ash: <--- [FRAME type=DATA]
[2026-09-13 15:13:19] debug: 	zh:ember:uart:ash: <--- [FRAME type=DATA ackNum=0](ackRx=0 frmTx=0)
[2026-09-13 15:13:19] debug: 	zh:ember:uart:ash: <--- [FRAME type=DATA ackNum=0 frmNum=3](frmRx=3) Added to rxQueue
[2026-09-13 15:13:19] debug: 	zh:ember:uart:ash: ---> [FRAME type=ACK frmRx=4](ackRx=0)
[2026-09-13 15:13:19] debug: 	zh:ember:ezsp: <=== [CBFRAME: ID=63:"MESSAGE_SENT_HANDLER" Seq=175 Len=22]
[2026-09-13 15:13:19] debug: 	zh:ember:ezsp: ezspMessageSentHandler: status=OK type=DIRECT indexOrDestination=3595 apsFrame={"profileId":260,"clusterId":61184,"sourceEndpoint":1,"destinationEndpoint":1,"options":4352,"groupId":0,"sequence":208} messageTag=14
[2026-09-13 15:13:19] debug: 	zh:ember:uart:ash: <--- [FRAME type=DATA]
[2026-09-13 15:13:19] debug: 	zh:ember:uart:ash: <--- [FRAME type=DATA ackNum=0](ackRx=0 frmTx=0)
[2026-09-13 15:13:19] debug: 	zh:ember:uart:ash: <--- [FRAME type=DATA ackNum=0 frmNum=4](frmRx=4) Added to rxQueue
[2026-09-13 15:13:19] debug: 	zh:ember:uart:ash: ---> [FRAME type=ACK frmRx=5](ackRx=0)
[2026-09-13 15:13:19] debug: 	zh:ember:ezsp: <=== [CBFRAME: ID=69:"INCOMING_MESSAGE_HANDLER" Seq=175 Len=38]
[2026-09-13 15:13:19] debug: 	zh:ember:ezsp: ezspIncomingMessageHandler: type=UNICAST apsFrame={"profileId":260,"clusterId":61184,"sourceEndpoint":1,"destinationEndpoint":1,"options":256,"groupId":0,"sequence":26} packetInfo:{"senderShortId":3595,"senderLongId":"0xffffffffffffffff","bindingIndex":255,"addressIndex":255,"lastHopLqi":136,"lastHopRssi":-66,"lastHopTimestamp":0} messageContents=09160200641602000400000051
[2026-09-13 15:13:19] debug: 	zh:controller: Received payload: clusterID=61184, address=3595, groupID=0, endpoint=1, destinationEndpoint=1, wasBroadcast=false, linkQuality=136, frame={"header":{"frameControl":{"frameType":1,"manufacturerSpecific":false,"direction":1,"disableDefaultResponse":false,"reservedBits":0},"transactionSequenceNumber":22,"commandIdentifier":2},"payload":{"seq":25600,"dpValues":[{"dp":22,"datatype":2,"data":{"type":"Buffer","data":[0,0,0,81]}}]},"command":{"name":"dataReport","ID":2,"parameters":[{"name":"seq","type":33,"max":65535},{"name":"dpValues","type":1011}]}}
[2026-09-13 15:13:19] debug: 	zh:controller:endpoint: ZCL command 0x94b216fffef3cf25/1 manuSpecificTuya.defaultRsp({"cmdId":2,"statusCode":0}, {"timeout":10000,"disableResponse":false,"disableRecovery":false,"disableDefaultResponse":true,"direction":0,"reservedBits":0,"transactionSequenceNumber":22,"writeUndiv":false})
[2026-09-13 15:13:19] debug: 	zh:ember: ~~~> [ZCL to=0x94b216fffef3cf25:3595 apsFrame={"profileId":260,"clusterId":61184,"sourceEndpoint":1,"destinationEndpoint":1,"options":4352,"groupId":0,"sequence":0} header={"frameControl":{"reservedBits":0,"frameType":0,"direction":0,"disableDefaultResponse":true,"manufacturerSpecific":false},"transactionSequenceNumber":22,"commandIdentifier":11}]
[2026-09-13 15:13:19] debug: 	zh:ember:ezsp: ===> [FRAME: ID=52:"SEND_UNICAST" Seq=176 Len=26]
[2026-09-13 15:13:19] debug: 	zh:ember:uart:ash: ---> [FRAME type=DATA frmTx=0 frmRx=5](ackRx=0)
[2026-09-13 15:13:19] debug: 	z2m: Received Zigbee message from 'Nivelagua', type 'commandDataReport', cluster 'manuSpecificTuya', data '{"dpValues":[{"data":{"data":[0,0,0,81],"type":"Buffer"},"datatype":2,"dp":22}],"seq":25600}' from endpoint 1 with groupID 0
[2026-09-13 15:13:19] info: 	z2m:mqtt: MQTT publish: topic 'zigbee2mqtt/Nivelagua', payload '{"installation_height":0.75,"linkquality":136,"liquid_depth":0.38,"liquid_depth_max":0.28,"liquid_level_percent":81,"liquid_state":"high","max_set":80,"min_set":25}'
[2026-09-13 15:13:19] debug: 	zh:ember:uart:ash: <--- [FRAME type=DATA]
[2026-09-13 15:13:19] debug: 	zh:ember:uart:ash: <--- [FRAME type=DATA ackNum=1](ackRx=0 frmTx=1)
[2026-09-13 15:13:19] debug: 	zh:ember:uart:ash: <--- [FRAME type=DATA ackNum=1 frmNum=5](frmRx=5) Added to rxQueue
[2026-09-13 15:13:19] debug: 	zh:ember:uart:ash: ---> [FRAME type=ACK frmRx=6](ackRx=1)
[2026-09-13 15:13:19] debug: 	zh:ember:ezsp: <=== [FRAME: ID=52:"SEND_UNICAST" Seq=176 Len=7]
[2026-09-13 15:13:19] debug: 	zh:ember:ezsp: ~~~> [SENT type=DIRECT apsSequence=209 messageTag=15 status=OK]
[2026-09-13 15:13:19] debug: 	zh:ember:uart:ash: <--- [FRAME type=DATA]
[2026-09-13 15:13:19] debug: 	zh:ember:uart:ash: <--- [FRAME type=DATA ackNum=1](ackRx=1 frmTx=1)
[2026-09-13 15:13:19] debug: 	zh:ember:uart:ash: <--- [FRAME type=DATA ackNum=1 frmNum=6](frmRx=6) Added to rxQueue
[2026-09-13 15:13:19] debug: 	zh:ember:uart:ash: ---> [FRAME type=ACK frmRx=7](ackRx=1)
[2026-09-13 15:13:19] debug: 	zh:ember:ezsp: <=== [CBFRAME: ID=63:"MESSAGE_SENT_HANDLER" Seq=176 Len=22]
[2026-09-13 15:13:19] debug: 	zh:ember:ezsp: ezspMessageSentHandler: status=OK type=DIRECT indexOrDestination=3595 apsFrame={"profileId":260,"clusterId":61184,"sourceEndpoint":1,"destinationEndpoint":1,"options":4352,"groupId":0,"sequence":209} messageTag=15
[2026-09-13 15:13:20] debug: 	zh:ember:uart:ash: <--- [FRAME type=DATA]
[2026-09-13 15:13:20] debug: 	zh:ember:uart:ash: <--- [FRAME type=DATA ackNum=1](ackRx=1 frmTx=1)
[2026-09-13 15:13:20] debug: 	zh:ember:uart:ash: <--- [FRAME type=DATA ackNum=1 frmNum=7](frmRx=7) Added to rxQueue
[2026-09-13 15:13:20] debug: 	zh:ember:uart:ash: ---> [FRAME type=ACK frmRx=0](ackRx=1)
[2026-09-13 15:13:20] debug: 	zh:ember:ezsp: <=== [CBFRAME: ID=69:"INCOMING_MESSAGE_HANDLER" Seq=176 Len=35]
[2026-09-13 15:13:20] debug: 	zh:ember:ezsp: ezspIncomingMessageHandler: type=UNICAST apsFrame={"profileId":260,"clusterId":61184,"sourceEndpoint":1,"destinationEndpoint":1,"options":256,"groupId":0,"sequence":27} packetInfo:{"senderShortId":3595,"senderLongId":"0xffffffffffffffff","bindingIndex":255,"addressIndex":255,"lastHopLqi":136,"lastHopRssi":-66,"lastHopTimestamp":0} messageContents=09170200650104000102
[2026-09-13 15:13:20] debug: 	zh:controller: Received payload: clusterID=61184, address=3595, groupID=0, endpoint=1, destinationEndpoint=1, wasBroadcast=false, linkQuality=136, frame={"header":{"frameControl":{"frameType":1,"manufacturerSpecific":false,"direction":1,"disableDefaultResponse":false,"reservedBits":0},"transactionSequenceNumber":23,"commandIdentifier":2},"payload":{"seq":25856,"dpValues":[{"dp":1,"datatype":4,"data":{"type":"Buffer","data":[2]}}]},"command":{"name":"dataReport","ID":2,"parameters":[{"name":"seq","type":33,"max":65535},{"name":"dpValues","type":1011}]}}
[2026-09-13 15:13:20] debug: 	zh:controller:endpoint: ZCL command 0x94b216fffef3cf25/1 manuSpecificTuya.defaultRsp({"cmdId":2,"statusCode":0}, {"timeout":10000,"disableResponse":false,"disableRecovery":false,"disableDefaultResponse":true,"direction":0,"reservedBits":0,"transactionSequenceNumber":23,"writeUndiv":false})
[2026-09-13 15:13:20] debug: 	zh:ember: ~~~> [ZCL to=0x94b216fffef3cf25:3595 apsFrame={"profileId":260,"clusterId":61184,"sourceEndpoint":1,"destinationEndpoint":1,"options":4352,"groupId":0,"sequence":0} header={"frameControl":{"reservedBits":0,"frameType":0,"direction":0,"disableDefaultResponse":true,"manufacturerSpecific":false},"transactionSequenceNumber":23,"commandIdentifier":11}]
[2026-09-13 15:13:20] debug: 	zh:ember:ezsp: ===> [FRAME: ID=52:"SEND_UNICAST" Seq=177 Len=26]
[2026-09-13 15:13:20] debug: 	zh:ember:uart:ash: ---> [FRAME type=DATA frmTx=1 frmRx=0](ackRx=1)
[2026-09-13 15:13:20] debug: 	z2m: Received Zigbee message from 'Nivelagua', type 'commandDataReport', cluster 'manuSpecificTuya', data '{"dpValues":[{"data":{"data":[2],"type":"Buffer"},"datatype":4,"dp":1}],"seq":25856}' from endpoint 1 with groupID 0
[2026-09-13 15:13:20] info: 	z2m:mqtt: MQTT publish: topic 'zigbee2mqtt/Nivelagua', payload '{"installation_height":0.75,"linkquality":136,"liquid_depth":0.38,"liquid_depth_max":0.28,"liquid_level_percent":81,"liquid_state":"high","max_set":80,"min_set":25}'
[2026-09-13 15:13:20] debug: 	zh:ember:uart:ash: <--- [FRAME type=DATA]
[2026-09-13 15:13:20] debug: 	zh:ember:uart:ash: <--- [FRAME type=DATA ackNum=2](ackRx=1 frmTx=2)
[2026-09-13 15:13:20] debug: 	zh:ember:uart:ash: <--- [FRAME type=DATA ackNum=2 frmNum=0](frmRx=0) Added to rxQueue
[2026-09-13 15:13:20] debug: 	zh:ember:uart:ash: ---> [FRAME type=ACK frmRx=1](ackRx=2)
[2026-09-13 15:13:20] debug: 	zh:ember:ezsp: <=== [FRAME: ID=52:"SEND_UNICAST" Seq=177 Len=7]
[2026-09-13 15:13:20] debug: 	zh:ember:ezsp: ~~~> [SENT type=DIRECT apsSequence=210 messageTag=16 status=OK]
[2026-09-13 15:13:20] debug: 	zh:ember:uart:ash: <--- [FRAME type=DATA]
[2026-09-13 15:13:20] debug: 	zh:ember:uart:ash: <--- [FRAME type=DATA ackNum=2](ackRx=2 frmTx=2)
[2026-09-13 15:13:20] debug: 	zh:ember:uart:ash: <--- [FRAME type=DATA ackNum=2 frmNum=1](frmRx=1) Added to rxQueue
[2026-09-13 15:13:20] debug: 	zh:ember:uart:ash: ---> [FRAME type=ACK frmRx=2](ackRx=2)
[2026-09-13 15:13:20] debug: 	zh:ember:ezsp: <=== [CBFRAME: ID=63:"MESSAGE_SENT_HANDLER" Seq=177 Len=22]
[2026-09-13 15:13:20] debug: 	zh:ember:ezsp: ezspMessageSentHandler: status=OK type=DIRECT indexOrDestination=3595 apsFrame={"profileId":260,"clusterId":61184,"sourceEndpoint":1,"destinationEndpoint":1,"options":4352,"groupId":0,"sequence":210} messageTag=16
[2026-09-13 15:13:20] debug: 	zh:ember:uart:ash: <--- [FRAME type=DATA]
[2026-09-13 15:13:20] debug: 	zh:ember:uart:ash: <--- [FRAME type=DATA ackNum=2](ackRx=2 frmTx=2)
[2026-09-13 15:13:20] debug: 	zh:ember:uart:ash: <--- [FRAME type=DATA ackNum=2 frmNum=2](frmRx=2) Added to rxQueue
[2026-09-13 15:13:20] debug: 	zh:ember:uart:ash: ---> [FRAME type=ACK frmRx=3](ackRx=2)
[2026-09-13 15:13:20] debug: 	zh:ember:ezsp: <=== [CBFRAME: ID=69:"INCOMING_MESSAGE_HANDLER" Seq=177 Len=38]
[2026-09-13 15:13:20] debug: 	zh:ember:ezsp: ezspIncomingMessageHandler: type=UNICAST apsFrame={"profileId":260,"clusterId":61184,"sourceEndpoint":1,"destinationEndpoint":1,"options":256,"groupId":0,"sequence":28} packetInfo:{"senderShortId":3595,"senderLongId":"0xffffffffffffffff","bindingIndex":255,"addressIndex":255,"lastHopLqi":136,"lastHopRssi":-66,"lastHopTimestamp":0} messageContents=09180200660202000400000026
[2026-09-13 15:13:20] debug: 	zh:controller: Received payload: clusterID=61184, address=3595, groupID=0, endpoint=1, destinationEndpoint=1, wasBroadcast=false, linkQuality=136, frame={"header":{"frameControl":{"frameType":1,"manufacturerSpecific":false,"direction":1,"disableDefaultResponse":false,"reservedBits":0},"transactionSequenceNumber":24,"commandIdentifier":2},"payload":{"seq":26112,"dpValues":[{"dp":2,"datatype":2,"data":{"type":"Buffer","data":[0,0,0,38]}}]},"command":{"name":"dataReport","ID":2,"parameters":[{"name":"seq","type":33,"max":65535},{"name":"dpValues","type":1011}]}}
[2026-09-13 15:13:20] debug: 	zh:controller:endpoint: ZCL command 0x94b216fffef3cf25/1 manuSpecificTuya.defaultRsp({"cmdId":2,"statusCode":0}, {"timeout":10000,"disableResponse":false,"disableRecovery":false,"disableDefaultResponse":true,"direction":0,"reservedBits":0,"transactionSequenceNumber":24,"writeUndiv":false})
[2026-09-13 15:13:20] debug: 	zh:ember: ~~~> [ZCL to=0x94b216fffef3cf25:3595 apsFrame={"profileId":260,"clusterId":61184,"sourceEndpoint":1,"destinationEndpoint":1,"options":4352,"groupId":0,"sequence":0} header={"frameControl":{"reservedBits":0,"frameType":0,"direction":0,"disableDefaultResponse":true,"manufacturerSpecific":false},"transactionSequenceNumber":24,"commandIdentifier":11}]
[2026-09-13 15:13:20] debug: 	zh:ember:ezsp: ===> [FRAME: ID=52:"SEND_UNICAST" Seq=178 Len=26]
[2026-09-13 15:13:20] debug: 	zh:ember:uart:ash: ---> [FRAME type=DATA frmTx=2 frmRx=3](ackRx=2)
[2026-09-13 15:13:20] debug: 	z2m: Received Zigbee message from 'Nivelagua', type 'commandDataReport', cluster 'manuSpecificTuya', data '{"dpValues":[{"data":{"data":[0,0,0,38],"type":"Buffer"},"datatype":2,"dp":2}],"seq":26112}' from endpoint 1 with groupID 0
[2026-09-13 15:13:20] info: 	z2m:mqtt: MQTT publish: topic 'zigbee2mqtt/Nivelagua', payload '{"installation_height":0.75,"linkquality":136,"liquid_depth":0.38,"liquid_depth_max":0.28,"liquid_level_percent":81,"liquid_state":"high","max_set":80,"min_set":25}'
[2026-09-13 15:13:20] debug: 	zh:ember:uart:ash: <--- [FRAME type=DATA]
[2026-09-13 15:13:20] debug: 	zh:ember:uart:ash: <--- [FRAME type=DATA ackNum=3](ackRx=2 frmTx=3)
[2026-09-13 15:13:20] debug: 	zh:ember:uart:ash: <--- [FRAME type=DATA ackNum=3 frmNum=3](frmRx=3) Added to rxQueue
[2026-09-13 15:13:20] debug: 	zh:ember:uart:ash: ---> [FRAME type=ACK frmRx=4](ackRx=3)
[2026-09-13 15:13:20] debug: 	zh:ember:ezsp: <=== [FRAME: ID=52:"SEND_UNICAST" Seq=178 Len=7]
[2026-09-13 15:13:20] debug: 	zh:ember:ezsp: ~~~> [SENT type=DIRECT apsSequence=211 messageTag=17 status=OK]
[2026-09-13 15:13:20] debug: 	zh:ember:uart:ash: <--- [FRAME type=DATA]
[2026-09-13 15:13:20] debug: 	zh:ember:uart:ash: <--- [FRAME type=DATA ackNum=3](ackRx=3 frmTx=3)
[2026-09-13 15:13:20] debug: 	zh:ember:uart:ash: <--- [FRAME type=DATA ackNum=3 frmNum=4](frmRx=4) Added to rxQueue
[2026-09-13 15:13:20] debug: 	zh:ember:uart:ash: ---> [FRAME type=ACK frmRx=5](ackRx=3)
[2026-09-13 15:13:20] debug: 	zh:ember:ezsp: <=== [CBFRAME: ID=63:"MESSAGE_SENT_HANDLER" Seq=178 Len=22]
[2026-09-13 15:13:20] debug: 	zh:ember:ezsp: ezspMessageSentHandler: status=OK type=DIRECT indexOrDestination=3595 apsFrame={"profileId":260,"clusterId":61184,"sourceEndpoint":1,"destinationEndpoint":1,"options":4352,"groupId":0,"sequence":211} messageTag=17
[2026-09-13 15:13:20] debug: 	zh:ember:uart:ash: <--- [FRAME type=DATA]
[2026-09-13 15:13:20] debug: 	zh:ember:uart:ash: <--- [FRAME type=DATA ackNum=3](ackRx=3 frmTx=3)
[2026-09-13 15:13:20] debug: 	zh:ember:uart:ash: <--- [FRAME type=DATA ackNum=3 frmNum=5](frmRx=5) Added to rxQueue
[2026-09-13 15:13:20] debug: 	zh:ember:uart:ash: ---> [FRAME type=ACK frmRx=6](ackRx=3)
[2026-09-13 15:13:20] debug: 	zh:ember:ezsp: <=== [CBFRAME: ID=69:"INCOMING_MESSAGE_HANDLER" Seq=178 Len=38]
[2026-09-13 15:13:20] debug: 	zh:ember:ezsp: ezspIncomingMessageHandler: type=UNICAST apsFrame={"profileId":260,"clusterId":61184,"sourceEndpoint":1,"destinationEndpoint":1,"options":256,"groupId":0,"sequence":29} packetInfo:{"senderShortId":3595,"senderLongId":"0xffffffffffffffff","bindingIndex":255,"addressIndex":255,"lastHopLqi":136,"lastHopRssi":-66,"lastHopTimestamp":0} messageContents=09190200671602000400000051
[2026-09-13 15:13:20] debug: 	zh:controller: Received payload: clusterID=61184, address=3595, groupID=0, endpoint=1, destinationEndpoint=1, wasBroadcast=false, linkQuality=136, frame={"header":{"frameControl":{"frameType":1,"manufacturerSpecific":false,"direction":1,"disableDefaultResponse":false,"reservedBits":0},"transactionSequenceNumber":25,"commandIdentifier":2},"payload":{"seq":26368,"dpValues":[{"dp":22,"datatype":2,"data":{"type":"Buffer","data":[0,0,0,81]}}]},"command":{"name":"dataReport","ID":2,"parameters":[{"name":"seq","type":33,"max":65535},{"name":"dpValues","type":1011}]}}
[2026-09-13 15:13:20] debug: 	zh:controller:endpoint: ZCL command 0x94b216fffef3cf25/1 manuSpecificTuya.defaultRsp({"cmdId":2,"statusCode":0}, {"timeout":10000,"disableResponse":false,"disableRecovery":false,"disableDefaultResponse":true,"direction":0,"reservedBits":0,"transactionSequenceNumber":25,"writeUndiv":false})
[2026-09-13 15:13:20] debug: 	zh:ember: ~~~> [ZCL to=0x94b216fffef3cf25:3595 apsFrame={"profileId":260,"clusterId":61184,"sourceEndpoint":1,"destinationEndpoint":1,"options":4352,"groupId":0,"sequence":0} header={"frameControl":{"reservedBits":0,"frameType":0,"direction":0,"disableDefaultResponse":true,"manufacturerSpecific":false},"transactionSequenceNumber":25,"commandIdentifier":11}]
[2026-09-13 15:13:20] debug: 	zh:ember:ezsp: ===> [FRAME: ID=52:"SEND_UNICAST" Seq=179 Len=26]
[2026-09-13 15:13:20] debug: 	zh:ember:uart:ash: ---> [FRAME type=DATA frmTx=3 frmRx=6](ackRx=3)
[2026-09-13 15:13:20] debug: 	z2m: Received Zigbee message from 'Nivelagua', type 'commandDataReport', cluster 'manuSpecificTuya', data '{"dpValues":[{"data":{"data":[0,0,0,81],"type":"Buffer"},"datatype":2,"dp":22}],"seq":26368}' from endpoint 1 with groupID 0
[2026-09-13 15:13:20] info: 	z2m:mqtt: MQTT publish: topic 'zigbee2mqtt/Nivelagua', payload '{"installation_height":0.75,"linkquality":136,"liquid_depth":0.38,"liquid_depth_max":0.28,"liquid_level_percent":81,"liquid_state":"high","max_set":80,"min_set":25}'
[2026-09-13 15:13:20] debug: 	zh:ember:uart:ash: <--- [FRAME type=DATA]
[2026-09-13 15:13:20] debug: 	zh:ember:uart:ash: <--- [FRAME type=DATA ackNum=4](ackRx=3 frmTx=4)
[2026-09-13 15:13:20] debug: 	zh:ember:uart:ash: <--- [FRAME type=DATA ackNum=4 frmNum=6](frmRx=6) Added to rxQueue
[2026-09-13 15:13:20] debug: 	zh:ember:uart:ash: ---> [FRAME type=ACK frmRx=7](ackRx=4)
[2026-09-13 15:13:20] debug: 	zh:ember:ezsp: <=== [FRAME: ID=52:"SEND_UNICAST" Seq=179 Len=7]
[2026-09-13 15:13:20] debug: 	zh:ember:ezsp: ~~~> [SENT type=DIRECT apsSequence=212 messageTag=18 status=OK]
[2026-09-13 15:13:20] debug: 	zh:ember:uart:ash: <--- [FRAME type=DATA]
[2026-09-13 15:13:20] debug: 	zh:ember:uart:ash: <--- [FRAME type=DATA ackNum=4](ackRx=4 frmTx=4)
[2026-09-13 15:13:20] debug: 	zh:ember:uart:ash: <--- [FRAME type=DATA ackNum=4 frmNum=7](frmRx=7) Added to rxQueue
[2026-09-13 15:13:20] debug: 	zh:ember:uart:ash: ---> [FRAME type=ACK frmRx=0](ackRx=4)
[2026-09-13 15:13:20] debug: 	zh:ember:ezsp: <=== [CBFRAME: ID=63:"MESSAGE_SENT_HANDLER" Seq=179 Len=22]
[2026-09-13 15:13:20] debug: 	zh:ember:ezsp: ezspMessageSentHandler: status=OK type=DIRECT indexOrDestination=3595 apsFrame={"profileId":260,"clusterId":61184,"sourceEndpoint":1,"destinationEndpoint":1,"options":4352,"groupId":0,"sequence":212} messageTag=18
[2026-09-13 15:13:21] debug: 	zh:ember:uart:ash: <--- [FRAME type=DATA]
[2026-09-13 15:13:21] debug: 	zh:ember:uart:ash: <--- [FRAME type=DATA ackNum=4](ackRx=4 frmTx=4)
[2026-09-13 15:13:21] debug: 	zh:ember:uart:ash: <--- [FRAME type=DATA ackNum=4 frmNum=0](frmRx=0) Added to rxQueue
[2026-09-13 15:13:21] debug: 	zh:ember:uart:ash: ---> [FRAME type=ACK frmRx=1](ackRx=4)
[2026-09-13 15:13:21] debug: 	zh:ember:ezsp: <=== [CBFRAME: ID=69:"INCOMING_MESSAGE_HANDLER" Seq=179 Len=35]
[2026-09-13 15:13:21] debug: 	zh:ember:ezsp: ezspIncomingMessageHandler: type=UNICAST apsFrame={"profileId":260,"clusterId":61184,"sourceEndpoint":1,"destinationEndpoint":1,"options":256,"groupId":0,"sequence":30} packetInfo:{"senderShortId":3595,"senderLongId":"0xffffffffffffffff","bindingIndex":255,"addressIndex":255,"lastHopLqi":136,"lastHopRssi":-66,"lastHopTimestamp":0} messageContents=091a0200680104000102
[2026-09-13 15:13:21] debug: 	zh:controller: Received payload: clusterID=61184, address=3595, groupID=0, endpoint=1, destinationEndpoint=1, wasBroadcast=false, linkQuality=136, frame={"header":{"frameControl":{"frameType":1,"manufacturerSpecific":false,"direction":1,"disableDefaultResponse":false,"reservedBits":0},"transactionSequenceNumber":26,"commandIdentifier":2},"payload":{"seq":26624,"dpValues":[{"dp":1,"datatype":4,"data":{"type":"Buffer","data":[2]}}]},"command":{"name":"dataReport","ID":2,"parameters":[{"name":"seq","type":33,"max":65535},{"name":"dpValues","type":1011}]}}
[2026-09-13 15:13:21] debug: 	zh:controller:endpoint: ZCL command 0x94b216fffef3cf25/1 manuSpecificTuya.defaultRsp({"cmdId":2,"statusCode":0}, {"timeout":10000,"disableResponse":false,"disableRecovery":false,"disableDefaultResponse":true,"direction":0,"reservedBits":0,"transactionSequenceNumber":26,"writeUndiv":false})
[2026-09-13 15:13:21] debug: 	zh:ember: ~~~> [ZCL to=0x94b216fffef3cf25:3595 apsFrame={"profileId":260,"clusterId":61184,"sourceEndpoint":1,"destinationEndpoint":1,"options":4352,"groupId":0,"sequence":0} header={"frameControl":{"reservedBits":0,"frameType":0,"direction":0,"disableDefaultResponse":true,"manufacturerSpecific":false},"transactionSequenceNumber":26,"commandIdentifier":11}]
[2026-09-13 15:13:21] debug: 	zh:ember:ezsp: ===> [FRAME: ID=52:"SEND_UNICAST" Seq=180 Len=26]
[2026-09-13 15:13:21] debug: 	zh:ember:uart:ash: ---> [FRAME type=DATA frmTx=4 frmRx=1](ackRx=4)
[2026-09-13 15:13:21] debug: 	z2m: Received Zigbee message from 'Nivelagua', type 'commandDataReport', cluster 'manuSpecificTuya', data '{"dpValues":[{"data":{"data":[2],"type":"Buffer"},"datatype":4,"dp":1}],"seq":26624}' from endpoint 1 with groupID 0
[2026-09-13 15:13:21] info: 	z2m:mqtt: MQTT publish: topic 'zigbee2mqtt/Nivelagua', payload '{"installation_height":0.75,"linkquality":136,"liquid_depth":0.38,"liquid_depth_max":0.28,"liquid_level_percent":81,"liquid_state":"high","max_set":80,"min_set":25}'
[2026-09-13 15:13:21] debug: 	zh:ember:uart:ash: <--- [FRAME type=DATA]
[2026-09-13 15:13:21] debug: 	zh:ember:uart:ash: <--- [FRAME type=DATA ackNum=5](ackRx=4 frmTx=5)
[2026-09-13 15:13:21] debug: 	zh:ember:uart:ash: <--- [FRAME type=DATA ackNum=5 frmNum=1](frmRx=1) Added to rxQueue
[2026-09-13 15:13:21] debug: 	zh:ember:uart:ash: ---> [FRAME type=ACK frmRx=2](ackRx=5)
[2026-09-13 15:13:21] debug: 	zh:ember:ezsp: <=== [FRAME: ID=52:"SEND_UNICAST" Seq=180 Len=7]
[2026-09-13 15:13:21] debug: 	zh:ember:ezsp: ~~~> [SENT type=DIRECT apsSequence=213 messageTag=19 status=OK]
[2026-09-13 15:13:21] debug: 	zh:ember:uart:ash: <--- [FRAME type=DATA]
[2026-09-13 15:13:21] debug: 	zh:ember:uart:ash: <--- [FRAME type=DATA ackNum=5](ackRx=5 frmTx=5)
[2026-09-13 15:13:21] debug: 	zh:ember:uart:ash: <--- [FRAME type=DATA ackNum=5 frmNum=2](frmRx=2) Added to rxQueue
[2026-09-13 15:13:21] debug: 	zh:ember:uart:ash: ---> [FRAME type=ACK frmRx=3](ackRx=5)
[2026-09-13 15:13:21] debug: 	zh:ember:ezsp: <=== [CBFRAME: ID=63:"MESSAGE_SENT_HANDLER" Seq=180 Len=22]
[2026-09-13 15:13:21] debug: 	zh:ember:ezsp: ezspMessageSentHandler: status=OK type=DIRECT indexOrDestination=3595 apsFrame={"profileId":260,"clusterId":61184,"sourceEndpoint":1,"destinationEndpoint":1,"options":4352,"groupId":0,"sequence":213} messageTag=19
[2026-09-13 15:13:21] debug: 	zh:ember:uart:ash: <--- [FRAME type=DATA]
[2026-09-13 15:13:21] debug: 	zh:ember:uart:ash: <--- [FRAME type=DATA ackNum=5](ackRx=5 frmTx=5)
[2026-09-13 15:13:21] debug: 	zh:ember:uart:ash: <--- [FRAME type=DATA ackNum=5 frmNum=3](frmRx=3) Added to rxQueue
[2026-09-13 15:13:21] debug: 	zh:ember:uart:ash: ---> [FRAME type=ACK frmRx=4](ackRx=5)
[2026-09-13 15:13:21] debug: 	zh:ember:ezsp: <=== [CBFRAME: ID=69:"INCOMING_MESSAGE_HANDLER" Seq=180 Len=38]
[2026-09-13 15:13:21] debug: 	zh:ember:ezsp: ezspIncomingMessageHandler: type=UNICAST apsFrame={"profileId":260,"clusterId":61184,"sourceEndpoint":1,"destinationEndpoint":1,"options":256,"groupId":0,"sequence":31} packetInfo:{"senderShortId":3595,"senderLongId":"0xffffffffffffffff","bindingIndex":255,"addressIndex":255,"lastHopLqi":136,"lastHopRssi":-66,"lastHopTimestamp":0} messageContents=091b0200690202000400000026
[2026-09-13 15:13:21] debug: 	zh:controller: Received payload: clusterID=61184, address=3595, groupID=0, endpoint=1, destinationEndpoint=1, wasBroadcast=false, linkQuality=136, frame={"header":{"frameControl":{"frameType":1,"manufacturerSpecific":false,"direction":1,"disableDefaultResponse":false,"reservedBits":0},"transactionSequenceNumber":27,"commandIdentifier":2},"payload":{"seq":26880,"dpValues":[{"dp":2,"datatype":2,"data":{"type":"Buffer","data":[0,0,0,38]}}]},"command":{"name":"dataReport","ID":2,"parameters":[{"name":"seq","type":33,"max":65535},{"name":"dpValues","type":1011}]}}
[2026-09-13 15:13:21] debug: 	zh:controller:endpoint: ZCL command 0x94b216fffef3cf25/1 manuSpecificTuya.defaultRsp({"cmdId":2,"statusCode":0}, {"timeout":10000,"disableResponse":false,"disableRecovery":false,"disableDefaultResponse":true,"direction":0,"reservedBits":0,"transactionSequenceNumber":27,"writeUndiv":false})
[2026-09-13 15:13:21] debug: 	zh:ember: ~~~> [ZCL to=0x94b216fffef3cf25:3595 apsFrame={"profileId":260,"clusterId":61184,"sourceEndpoint":1,"destinationEndpoint":1,"options":4352,"groupId":0,"sequence":0} header={"frameControl":{"reservedBits":0,"frameType":0,"direction":0,"disableDefaultResponse":true,"manufacturerSpecific":false},"transactionSequenceNumber":27,"commandIdentifier":11}]
[2026-09-13 15:13:21] debug: 	zh:ember:ezsp: ===> [FRAME: ID=52:"SEND_UNICAST" Seq=181 Len=26]
[2026-09-13 15:13:21] debug: 	zh:ember:uart:ash: ---> [FRAME type=DATA frmTx=5 frmRx=4](ackRx=5)
[2026-09-13 15:13:21] debug: 	z2m: Received Zigbee message from 'Nivelagua', type 'commandDataReport', cluster 'manuSpecificTuya', data '{"dpValues":[{"data":{"data":[0,0,0,38],"type":"Buffer"},"datatype":2,"dp":2}],"seq":26880}' from endpoint 1 with groupID 0
[2026-09-13 15:13:21] info: 	z2m:mqtt: MQTT publish: topic 'zigbee2mqtt/Nivelagua', payload '{"installation_height":0.75,"linkquality":136,"liquid_depth":0.38,"liquid_depth_max":0.28,"liquid_level_percent":81,"liquid_state":"high","max_set":80,"min_set":25}'
[2026-09-13 15:13:21] debug: 	zh:ember:uart:ash: <--- [FRAME type=DATA]
[2026-09-13 15:13:21] debug: 	zh:ember:uart:ash: <--- [FRAME type=DATA ackNum=6](ackRx=5 frmTx=6)
[2026-09-13 15:13:21] debug: 	zh:ember:uart:ash: <--- [FRAME type=DATA ackNum=6 frmNum=4](frmRx=4) Added to rxQueue
[2026-09-13 15:13:21] debug: 	zh:ember:uart:ash: ---> [FRAME type=ACK frmRx=5](ackRx=6)
[2026-09-13 15:13:21] debug: 	zh:ember:ezsp: <=== [FRAME: ID=52:"SEND_UNICAST" Seq=181 Len=7]
[2026-09-13 15:13:21] debug: 	zh:ember:ezsp: ~~~> [SENT type=DIRECT apsSequence=214 messageTag=20 status=OK]
[2026-09-13 15:13:21] debug: 	zh:ember:uart:ash: <--- [FRAME type=DATA]
[2026-09-13 15:13:21] debug: 	zh:ember:uart:ash: <--- [FRAME type=DATA ackNum=6](ackRx=6 frmTx=6)
[2026-09-13 15:13:21] debug: 	zh:ember:uart:ash: <--- [FRAME type=DATA ackNum=6 frmNum=5](frmRx=5) Added to rxQueue
[2026-09-13 15:13:21] debug: 	zh:ember:uart:ash: ---> [FRAME type=ACK frmRx=6](ackRx=6)
[2026-09-13 15:13:21] debug: 	zh:ember:ezsp: <=== [CBFRAME: ID=63:"MESSAGE_SENT_HANDLER" Seq=181 Len=22]
[2026-09-13 15:13:21] debug: 	zh:ember:ezsp: ezspMessageSentHandler: status=OK type=DIRECT indexOrDestination=3595 apsFrame={"profileId":260,"clusterId":61184,"sourceEndpoint":1,"destinationEndpoint":1,"options":4352,"groupId":0,"sequence":214} messageTag=20
[2026-09-13 15:13:21] debug: 	zh:ember:uart:ash: <--- [FRAME type=DATA]
[2026-09-13 15:13:21] debug: 	zh:ember:uart:ash: <--- [FRAME type=DATA ackNum=6](ackRx=6 frmTx=6)
[2026-09-13 15:13:21] debug: 	zh:ember:uart:ash: <--- [FRAME type=DATA ackNum=6 frmNum=6](frmRx=6) Added to rxQueue
[2026-09-13 15:13:21] debug: 	zh:ember:uart:ash: ---> [FRAME type=ACK frmRx=7](ackRx=6)
[2026-09-13 15:13:21] debug: 	zh:ember:ezsp: <=== [CBFRAME: ID=69:"INCOMING_MESSAGE_HANDLER" Seq=181 Len=38]
[2026-09-13 15:13:21] debug: 	zh:ember:ezsp: ezspIncomingMessageHandler: type=UNICAST apsFrame={"profileId":260,"clusterId":61184,"sourceEndpoint":1,"destinationEndpoint":1,"options":256,"groupId":0,"sequence":32} packetInfo:{"senderShortId":3595,"senderLongId":"0xffffffffffffffff","bindingIndex":255,"addressIndex":255,"lastHopLqi":136,"lastHopRssi":-66,"lastHopTimestamp":0} messageContents=091c02006a1602000400000051
[2026-09-13 15:13:21] debug: 	zh:controller: Received payload: clusterID=61184, address=3595, groupID=0, endpoint=1, destinationEndpoint=1, wasBroadcast=false, linkQuality=136, frame={"header":{"frameControl":{"frameType":1,"manufacturerSpecific":false,"direction":1,"disableDefaultResponse":false,"reservedBits":0},"transactionSequenceNumber":28,"commandIdentifier":2},"payload":{"seq":27136,"dpValues":[{"dp":22,"datatype":2,"data":{"type":"Buffer","data":[0,0,0,81]}}]},"command":{"name":"dataReport","ID":2,"parameters":[{"name":"seq","type":33,"max":65535},{"name":"dpValues","type":1011}]}}
[2026-09-13 15:13:21] debug: 	zh:controller:endpoint: ZCL command 0x94b216fffef3cf25/1 manuSpecificTuya.defaultRsp({"cmdId":2,"statusCode":0}, {"timeout":10000,"disableResponse":false,"disableRecovery":false,"disableDefaultResponse":true,"direction":0,"reservedBits":0,"transactionSequenceNumber":28,"writeUndiv":false})
[2026-09-13 15:13:21] debug: 	zh:ember: ~~~> [ZCL to=0x94b216fffef3cf25:3595 apsFrame={"profileId":260,"clusterId":61184,"sourceEndpoint":1,"destinationEndpoint":1,"options":4352,"groupId":0,"sequence":0} header={"frameControl":{"reservedBits":0,"frameType":0,"direction":0,"disableDefaultResponse":true,"manufacturerSpecific":false},"transactionSequenceNumber":28,"commandIdentifier":11}]
[2026-09-13 15:13:21] debug: 	zh:ember:ezsp: ===> [FRAME: ID=52:"SEND_UNICAST" Seq=182 Len=26]
[2026-09-13 15:13:21] debug: 	zh:ember:uart:ash: ---> [FRAME type=DATA frmTx=6 frmRx=7](ackRx=6)
[2026-09-13 15:13:21] debug: 	z2m: Received Zigbee message from 'Nivelagua', type 'commandDataReport', cluster 'manuSpecificTuya', data '{"dpValues":[{"data":{"data":[0,0,0,81],"type":"Buffer"},"datatype":2,"dp":22}],"seq":27136}' from endpoint 1 with groupID 0
[2026-09-13 15:13:21] info: 	z2m:mqtt: MQTT publish: topic 'zigbee2mqtt/Nivelagua', payload '{"installation_height":0.75,"linkquality":136,"liquid_depth":0.38,"liquid_depth_max":0.28,"liquid_level_percent":81,"liquid_state":"high","max_set":80,"min_set":25}'
[2026-09-13 15:13:21] debug: 	zh:ember:uart:ash: <--- [FRAME type=DATA]
[2026-09-13 15:13:21] debug: 	zh:ember:uart:ash: <--- [FRAME type=DATA ackNum=7](ackRx=6 frmTx=7)
[2026-09-13 15:13:21] debug: 	zh:ember:uart:ash: <--- [FRAME type=DATA ackNum=7 frmNum=7](frmRx=7) Added to rxQueue
[2026-09-13 15:13:21] debug: 	zh:ember:uart:ash: ---> [FRAME type=ACK frmRx=0](ackRx=7)
[2026-09-13 15:13:21] debug: 	zh:ember:ezsp: <=== [FRAME: ID=52:"SEND_UNICAST" Seq=182 Len=7]
[2026-09-13 15:13:21] debug: 	zh:ember:ezsp: ~~~> [SENT type=DIRECT apsSequence=215 messageTag=21 status=OK]
[2026-09-13 15:13:21] debug: 	zh:ember:uart:ash: <--- [FRAME type=DATA]
[2026-09-13 15:13:21] debug: 	zh:ember:uart:ash: <--- [FRAME type=DATA ackNum=7](ackRx=7 frmTx=7)
[2026-09-13 15:13:21] debug: 	zh:ember:uart:ash: <--- [FRAME type=DATA ackNum=7 frmNum=0](frmRx=0) Added to rxQueue
[2026-09-13 15:13:21] debug: 	zh:ember:uart:ash: ---> [FRAME type=ACK frmRx=1](ackRx=7)
[2026-09-13 15:13:21] debug: 	zh:ember:ezsp: <=== [CBFRAME: ID=63:"MESSAGE_SENT_HANDLER" Seq=182 Len=22]
[2026-09-13 15:13:21] debug: 	zh:ember:ezsp: ezspMessageSentHandler: status=OK type=DIRECT indexOrDestination=3595 apsFrame={"profileId":260,"clusterId":61184,"sourceEndpoint":1,"destinationEndpoint":1,"options":4352,"groupId":0,"sequence":215} messageTag=21
[2026-09-13 15:13:22] debug: 	zh:ember:uart:ash: <--- [FRAME type=DATA]
[2026-09-13 15:13:22] debug: 	zh:ember:uart:ash: <--- [FRAME type=DATA ackNum=7](ackRx=7 frmTx=7)
[2026-09-13 15:13:22] debug: 	zh:ember:uart:ash: <--- [FRAME type=DATA ackNum=7 frmNum=1](frmRx=1) Added to rxQueue
[2026-09-13 15:13:22] debug: 	zh:ember:uart:ash: ---> [FRAME type=ACK frmRx=2](ackRx=7)
[2026-09-13 15:13:22] debug: 	zh:ember:ezsp: <=== [CBFRAME: ID=69:"INCOMING_MESSAGE_HANDLER" Seq=182 Len=35]
[2026-09-13 15:13:22] debug: 	zh:ember:ezsp: ezspIncomingMessageHandler: type=UNICAST apsFrame={"profileId":260,"clusterId":61184,"sourceEndpoint":1,"destinationEndpoint":1,"options":256,"groupId":0,"sequence":33} packetInfo:{"senderShortId":3595,"senderLongId":"0xffffffffffffffff","bindingIndex":255,"addressIndex":255,"lastHopLqi":136,"lastHopRssi":-66,"lastHopTimestamp":0} messageContents=091d02006b0104000102
[2026-09-13 15:13:22] debug: 	zh:controller: Received payload: clusterID=61184, address=3595, groupID=0, endpoint=1, destinationEndpoint=1, wasBroadcast=false, linkQuality=136, frame={"header":{"frameControl":{"frameType":1,"manufacturerSpecific":false,"direction":1,"disableDefaultResponse":false,"reservedBits":0},"transactionSequenceNumber":29,"commandIdentifier":2},"payload":{"seq":27392,"dpValues":[{"dp":1,"datatype":4,"data":{"type":"Buffer","data":[2]}}]},"command":{"name":"dataReport","ID":2,"parameters":[{"name":"seq","type":33,"max":65535},{"name":"dpValues","type":1011}]}}
[2026-09-13 15:13:22] debug: 	zh:controller:endpoint: ZCL command 0x94b216fffef3cf25/1 manuSpecificTuya.defaultRsp({"cmdId":2,"statusCode":0}, {"timeout":10000,"disableResponse":false,"disableRecovery":false,"disableDefaultResponse":true,"direction":0,"reservedBits":0,"transactionSequenceNumber":29,"writeUndiv":false})
[2026-09-13 15:13:22] debug: 	zh:ember: ~~~> [ZCL to=0x94b216fffef3cf25:3595 apsFrame={"profileId":260,"clusterId":61184,"sourceEndpoint":1,"destinationEndpoint":1,"options":4352,"groupId":0,"sequence":0} header={"frameControl":{"reservedBits":0,"frameType":0,"direction":0,"disableDefaultResponse":true,"manufacturerSpecific":false},"transactionSequenceNumber":29,"commandIdentifier":11}]
[2026-09-13 15:13:22] debug: 	zh:ember:ezsp: ===> [FRAME: ID=52:"SEND_UNICAST" Seq=183 Len=26]
[2026-09-13 15:13:22] debug: 	zh:ember:uart:ash: ---> [FRAME type=DATA frmTx=7 frmRx=2](ackRx=7)
[2026-09-13 15:13:22] debug: 	z2m: Received Zigbee message from 'Nivelagua', type 'commandDataReport', cluster 'manuSpecificTuya', data '{"dpValues":[{"data":{"data":[2],"type":"Buffer"},"datatype":4,"dp":1}],"seq":27392}' from endpoint 1 with groupID 0
[2026-09-13 15:13:22] info: 	z2m:mqtt: MQTT publish: topic 'zigbee2mqtt/Nivelagua', payload '{"installation_height":0.75,"linkquality":136,"liquid_depth":0.38,"liquid_depth_max":0.28,"liquid_level_percent":81,"liquid_state":"high","max_set":80,"min_set":25}'
[2026-09-13 15:13:22] debug: 	zh:ember:uart:ash: <--- [FRAME type=DATA]
[2026-09-13 15:13:22] debug: 	zh:ember:uart:ash: <--- [FRAME type=DATA ackNum=0](ackRx=7 frmTx=0)
[2026-09-13 15:13:22] debug: 	zh:ember:uart:ash: <--- [FRAME type=DATA ackNum=0 frmNum=2](frmRx=2) Added to rxQueue
[2026-09-13 15:13:22] debug: 	zh:ember:uart:ash: ---> [FRAME type=ACK frmRx=3](ackRx=0)
[2026-09-13 15:13:22] debug: 	zh:ember:ezsp: <=== [FRAME: ID=52:"SEND_UNICAST" Seq=183 Len=7]
[2026-09-13 15:13:22] debug: 	zh:ember:ezsp: ~~~> [SENT type=DIRECT apsSequence=216 messageTag=22 status=OK]
[2026-09-13 15:13:22] debug: 	zh:ember:uart:ash: <--- [FRAME type=DATA]
[2026-09-13 15:13:22] debug: 	zh:ember:uart:ash: <--- [FRAME type=DATA ackNum=0](ackRx=0 frmTx=0)
[2026-09-13 15:13:22] debug: 	zh:ember:uart:ash: <--- [FRAME type=DATA ackNum=0 frmNum=3](frmRx=3) Added to rxQueue
[2026-09-13 15:13:22] debug: 	zh:ember:uart:ash: ---> [FRAME type=ACK frmRx=4](ackRx=0)
[2026-09-13 15:13:22] debug: 	zh:ember:ezsp: <=== [CBFRAME: ID=63:"MESSAGE_SENT_HANDLER" Seq=183 Len=22]
[2026-09-13 15:13:22] debug: 	zh:ember:ezsp: ezspMessageSentHandler: status=OK type=DIRECT indexOrDestination=3595 apsFrame={"profileId":260,"clusterId":61184,"sourceEndpoint":1,"destinationEndpoint":1,"options":4352,"groupId":0,"sequence":216} messageTag=22
[2026-09-13 15:13:22] debug: 	zh:ember:uart:ash: <--- [FRAME type=DATA]
[2026-09-13 15:13:22] debug: 	zh:ember:uart:ash: <--- [FRAME type=DATA ackNum=0](ackRx=0 frmTx=0)
[2026-09-13 15:13:22] debug: 	zh:ember:uart:ash: <--- [FRAME type=DATA ackNum=0 frmNum=4](frmRx=4) Added to rxQueue
[2026-09-13 15:13:22] debug: 	zh:ember:uart:ash: ---> [FRAME type=ACK frmRx=5](ackRx=0)
[2026-09-13 15:13:22] debug: 	zh:ember:ezsp: <=== [CBFRAME: ID=69:"INCOMING_MESSAGE_HANDLER" Seq=183 Len=38]
[2026-09-13 15:13:22] debug: 	zh:ember:ezsp: ezspIncomingMessageHandler: type=UNICAST apsFrame={"profileId":260,"clusterId":61184,"sourceEndpoint":1,"destinationEndpoint":1,"options":256,"groupId":0,"sequence":34} packetInfo:{"senderShortId":3595,"senderLongId":"0xffffffffffffffff","bindingIndex":255,"addressIndex":255,"lastHopLqi":136,"lastHopRssi":-66,"lastHopTimestamp":0} messageContents=091e02006c0202000400000026
[2026-09-13 15:13:22] debug: 	zh:controller: Received payload: clusterID=61184, address=3595, groupID=0, endpoint=1, destinationEndpoint=1, wasBroadcast=false, linkQuality=136, frame={"header":{"frameControl":{"frameType":1,"manufacturerSpecific":false,"direction":1,"disableDefaultResponse":false,"reservedBits":0},"transactionSequenceNumber":30,"commandIdentifier":2},"payload":{"seq":27648,"dpValues":[{"dp":2,"datatype":2,"data":{"type":"Buffer","data":[0,0,0,38]}}]},"command":{"name":"dataReport","ID":2,"parameters":[{"name":"seq","type":33,"max":65535},{"name":"dpValues","type":1011}]}}
[2026-09-13 15:13:22] debug: 	zh:controller:endpoint: ZCL command 0x94b216fffef3cf25/1 manuSpecificTuya.defaultRsp({"cmdId":2,"statusCode":0}, {"timeout":10000,"disableResponse":false,"disableRecovery":false,"disableDefaultResponse":true,"direction":0,"reservedBits":0,"transactionSequenceNumber":30,"writeUndiv":false})
[2026-09-13 15:13:22] debug: 	zh:ember: ~~~> [ZCL to=0x94b216fffef3cf25:3595 apsFrame={"profileId":260,"clusterId":61184,"sourceEndpoint":1,"destinationEndpoint":1,"options":4352,"groupId":0,"sequence":0} header={"frameControl":{"reservedBits":0,"frameType":0,"direction":0,"disableDefaultResponse":true,"manufacturerSpecific":false},"transactionSequenceNumber":30,"commandIdentifier":11}]
[2026-09-13 15:13:22] debug: 	zh:ember:ezsp: ===> [FRAME: ID=52:"SEND_UNICAST" Seq=184 Len=26]
[2026-09-13 15:13:22] debug: 	zh:ember:uart:ash: ---> [FRAME type=DATA frmTx=0 frmRx=5](ackRx=0)
[2026-09-13 15:13:22] debug: 	z2m: Received Zigbee message from 'Nivelagua', type 'commandDataReport', cluster 'manuSpecificTuya', data '{"dpValues":[{"data":{"data":[0,0,0,38],"type":"Buffer"},"datatype":2,"dp":2}],"seq":27648}' from endpoint 1 with groupID 0
[2026-09-13 15:13:22] info: 	z2m:mqtt: MQTT publish: topic 'zigbee2mqtt/Nivelagua', payload '{"installation_height":0.75,"linkquality":136,"liquid_depth":0.38,"liquid_depth_max":0.28,"liquid_level_percent":81,"liquid_state":"high","max_set":80,"min_set":25}'
[2026-09-13 15:13:22] debug: 	zh:ember:uart:ash: <--- [FRAME type=DATA]
[2026-09-13 15:13:22] debug: 	zh:ember:uart:ash: <--- [FRAME type=DATA ackNum=1](ackRx=0 frmTx=1)
[2026-09-13 15:13:22] debug: 	zh:ember:uart:ash: <--- [FRAME type=DATA ackNum=1 frmNum=5](frmRx=5) Added to rxQueue
[2026-09-13 15:13:22] debug: 	zh:ember:uart:ash: ---> [FRAME type=ACK frmRx=6](ackRx=1)
[2026-09-13 15:13:22] debug: 	zh:ember:ezsp: <=== [FRAME: ID=52:"SEND_UNICAST" Seq=184 Len=7]
[2026-09-13 15:13:22] debug: 	zh:ember:ezsp: ~~~> [SENT type=DIRECT apsSequence=217 messageTag=23 status=OK]
[2026-09-13 15:13:22] debug: 	zh:ember:uart:ash: <--- [FRAME type=DATA]
[2026-09-13 15:13:22] debug: 	zh:ember:uart:ash: <--- [FRAME type=DATA ackNum=1](ackRx=1 frmTx=1)
[2026-09-13 15:13:22] debug: 	zh:ember:uart:ash: <--- [FRAME type=DATA ackNum=1 frmNum=6](frmRx=6) Added to rxQueue
[2026-09-13 15:13:22] debug: 	zh:ember:uart:ash: ---> [FRAME type=ACK frmRx=7](ackRx=1)
[2026-09-13 15:13:22] debug: 	zh:ember:ezsp: <=== [CBFRAME: ID=63:"MESSAGE_SENT_HANDLER" Seq=184 Len=22]
[2026-09-13 15:13:22] debug: 	zh:ember:ezsp: ezspMessageSentHandler: status=OK type=DIRECT indexOrDestination=3595 apsFrame={"profileId":260,"clusterId":61184,"sourceEndpoint":1,"destinationEndpoint":1,"options":4352,"groupId":0,"sequence":217} messageTag=23
[2026-09-13 15:13:22] debug: 	zh:ember:uart:ash: <--- [FRAME type=DATA]
[2026-09-13 15:13:22] debug: 	zh:ember:uart:ash: <--- [FRAME type=DATA ackNum=1](ackRx=1 frmTx=1)
[2026-09-13 15:13:22] debug: 	zh:ember:uart:ash: <--- [FRAME type=DATA ackNum=1 frmNum=7](frmRx=7) Added to rxQueue
[2026-09-13 15:13:22] debug: 	zh:ember:uart:ash: ---> [FRAME type=ACK frmRx=0](ackRx=1)
[2026-09-13 15:13:22] debug: 	zh:ember:ezsp: <=== [CBFRAME: ID=69:"INCOMING_MESSAGE_HANDLER" Seq=184 Len=38]
[2026-09-13 15:13:22] debug: 	zh:ember:ezsp: ezspIncomingMessageHandler: type=UNICAST apsFrame={"profileId":260,"clusterId":61184,"sourceEndpoint":1,"destinationEndpoint":1,"options":256,"groupId":0,"sequence":35} packetInfo:{"senderShortId":3595,"senderLongId":"0xffffffffffffffff","bindingIndex":255,"addressIndex":255,"lastHopLqi":136,"lastHopRssi":-66,"lastHopTimestamp":0} messageContents=091f02006d1602000400000051
[2026-09-13 15:13:22] debug: 	zh:controller: Received payload: clusterID=61184, address=3595, groupID=0, endpoint=1, destinationEndpoint=1, wasBroadcast=false, linkQuality=136, frame={"header":{"frameControl":{"frameType":1,"manufacturerSpecific":false,"direction":1,"disableDefaultResponse":false,"reservedBits":0},"transactionSequenceNumber":31,"commandIdentifier":2},"payload":{"seq":27904,"dpValues":[{"dp":22,"datatype":2,"data":{"type":"Buffer","data":[0,0,0,81]}}]},"command":{"name":"dataReport","ID":2,"parameters":[{"name":"seq","type":33,"max":65535},{"name":"dpValues","type":1011}]}}
[2026-09-13 15:13:22] debug: 	zh:controller:endpoint: ZCL command 0x94b216fffef3cf25/1 manuSpecificTuya.defaultRsp({"cmdId":2,"statusCode":0}, {"timeout":10000,"disableResponse":false,"disableRecovery":false,"disableDefaultResponse":true,"direction":0,"reservedBits":0,"transactionSequenceNumber":31,"writeUndiv":false})
[2026-09-13 15:13:22] debug: 	zh:ember: ~~~> [ZCL to=0x94b216fffef3cf25:3595 apsFrame={"profileId":260,"clusterId":61184,"sourceEndpoint":1,"destinationEndpoint":1,"options":4352,"groupId":0,"sequence":0} header={"frameControl":{"reservedBits":0,"frameType":0,"direction":0,"disableDefaultResponse":true,"manufacturerSpecific":false},"transactionSequenceNumber":31,"commandIdentifier":11}]
[2026-09-13 15:13:22] debug: 	zh:ember:ezsp: ===> [FRAME: ID=52:"SEND_UNICAST" Seq=185 Len=26]
[2026-09-13 15:13:22] debug: 	zh:ember:uart:ash: ---> [FRAME type=DATA frmTx=1 frmRx=0](ackRx=1)
[2026-09-13 15:13:22] debug: 	z2m: Received Zigbee message from 'Nivelagua', type 'commandDataReport', cluster 'manuSpecificTuya', data '{"dpValues":[{"data":{"data":[0,0,0,81],"type":"Buffer"},"datatype":2,"dp":22}],"seq":27904}' from endpoint 1 with groupID 0
[2026-09-13 15:13:22] info: 	z2m:mqtt: MQTT publish: topic 'zigbee2mqtt/Nivelagua', payload '{"installation_height":0.75,"linkquality":136,"liquid_depth":0.38,"liquid_depth_max":0.28,"liquid_level_percent":81,"liquid_state":"high","max_set":80,"min_set":25}'
[2026-09-13 15:13:22] debug: 	zh:ember:uart:ash: <--- [FRAME type=DATA]
[2026-09-13 15:13:22] debug: 	zh:ember:uart:ash: <--- [FRAME type=DATA ackNum=2](ackRx=1 frmTx=2)
[2026-09-13 15:13:22] debug: 	zh:ember:uart:ash: <--- [FRAME type=DATA ackNum=2 frmNum=0](frmRx=0) Added to rxQueue
[2026-09-13 15:13:22] debug: 	zh:ember:uart:ash: ---> [FRAME type=ACK frmRx=1](ackRx=2)
[2026-09-13 15:13:22] debug: 	zh:ember:ezsp: <=== [FRAME: ID=52:"SEND_UNICAST" Seq=185 Len=7]
[2026-09-13 15:13:22] debug: 	zh:ember:ezsp: ~~~> [SENT type=DIRECT apsSequence=218 messageTag=24 status=OK]
[2026-09-13 15:13:22] debug: 	zh:ember:uart:ash: <--- [FRAME type=DATA]
[2026-09-13 15:13:22] debug: 	zh:ember:uart:ash: <--- [FRAME type=DATA ackNum=2](ackRx=2 frmTx=2)
[2026-09-13 15:13:22] debug: 	zh:ember:uart:ash: <--- [FRAME type=DATA ackNum=2 frmNum=1](frmRx=1) Added to rxQueue
[2026-09-13 15:13:22] debug: 	zh:ember:uart:ash: ---> [FRAME type=ACK frmRx=2](ackRx=2)
[2026-09-13 15:13:22] debug: 	zh:ember:ezsp: <=== [CBFRAME: ID=63:"MESSAGE_SENT_HANDLER" Seq=185 Len=22]
[2026-09-13 15:13:22] debug: 	zh:ember:ezsp: ezspMessageSentHandler: status=OK type=DIRECT indexOrDestination=3595 apsFrame={"profileId":260,"clusterId":61184,"sourceEndpoint":1,"destinationEndpoint":1,"options":4352,"groupId":0,"sequence":218} messageTag=24
[2026-09-13 15:13:23] debug: 	zh:ember:uart:ash: <--- [FRAME type=DATA]
[2026-09-13 15:13:23] debug: 	zh:ember:uart:ash: <--- [FRAME type=DATA ackNum=2](ackRx=2 frmTx=2)
[2026-09-13 15:13:23] debug: 	zh:ember:uart:ash: <--- [FRAME type=DATA ackNum=2 frmNum=2](frmRx=2) Added to rxQueue
[2026-09-13 15:13:23] debug: 	zh:ember:uart:ash: ---> [FRAME type=ACK frmRx=3](ackRx=2)
[2026-09-13 15:13:23] debug: 	zh:ember:ezsp: <=== [CBFRAME: ID=69:"INCOMING_MESSAGE_HANDLER" Seq=185 Len=35]
[2026-09-13 15:13:23] debug: 	zh:ember:ezsp: ezspIncomingMessageHandler: type=UNICAST apsFrame={"profileId":260,"clusterId":61184,"sourceEndpoint":1,"destinationEndpoint":1,"options":256,"groupId":0,"sequence":36} packetInfo:{"senderShortId":3595,"senderLongId":"0xffffffffffffffff","bindingIndex":255,"addressIndex":255,"lastHopLqi":136,"lastHopRssi":-66,"lastHopTimestamp":0} messageContents=092002006e0104000102
[2026-09-13 15:13:23] debug: 	zh:controller: Received payload: clusterID=61184, address=3595, groupID=0, endpoint=1, destinationEndpoint=1, wasBroadcast=false, linkQuality=136, frame={"header":{"frameControl":{"frameType":1,"manufacturerSpecific":false,"direction":1,"disableDefaultResponse":false,"reservedBits":0},"transactionSequenceNumber":32,"commandIdentifier":2},"payload":{"seq":28160,"dpValues":[{"dp":1,"datatype":4,"data":{"type":"Buffer","data":[2]}}]},"command":{"name":"dataReport","ID":2,"parameters":[{"name":"seq","type":33,"max":65535},{"name":"dpValues","type":1011}]}}
[2026-09-13 15:13:23] debug: 	zh:controller:endpoint: ZCL command 0x94b216fffef3cf25/1 manuSpecificTuya.defaultRsp({"cmdId":2,"statusCode":0}, {"timeout":10000,"disableResponse":false,"disableRecovery":false,"disableDefaultResponse":true,"direction":0,"reservedBits":0,"transactionSequenceNumber":32,"writeUndiv":false})
[2026-09-13 15:13:23] debug: 	zh:ember: ~~~> [ZCL to=0x94b216fffef3cf25:3595 apsFrame={"profileId":260,"clusterId":61184,"sourceEndpoint":1,"destinationEndpoint":1,"options":4352,"groupId":0,"sequence":0} header={"frameControl":{"reservedBits":0,"frameType":0,"direction":0,"disableDefaultResponse":true,"manufacturerSpecific":false},"transactionSequenceNumber":32,"commandIdentifier":11}]
[2026-09-13 15:13:23] debug: 	zh:ember:ezsp: ===> [FRAME: ID=52:"SEND_UNICAST" Seq=186 Len=26]
[2026-09-13 15:13:23] debug: 	zh:ember:uart:ash: ---> [FRAME type=DATA frmTx=2 frmRx=3](ackRx=2)
[2026-09-13 15:13:23] debug: 	z2m: Received Zigbee message from 'Nivelagua', type 'commandDataReport', cluster 'manuSpecificTuya', data '{"dpValues":[{"data":{"data":[2],"type":"Buffer"},"datatype":4,"dp":1}],"seq":28160}' from endpoint 1 with groupID 0
[2026-09-13 15:13:23] info: 	z2m:mqtt: MQTT publish: topic 'zigbee2mqtt/Nivelagua', payload '{"installation_height":0.75,"linkquality":136,"liquid_depth":0.38,"liquid_depth_max":0.28,"liquid_level_percent":81,"liquid_state":"high","max_set":80,"min_set":25}'
[2026-09-13 15:13:23] debug: 	zh:ember:uart:ash: <--- [FRAME type=DATA]
[2026-09-13 15:13:23] debug: 	zh:ember:uart:ash: <--- [FRAME type=DATA ackNum=3](ackRx=2 frmTx=3)
[2026-09-13 15:13:23] debug: 	zh:ember:uart:ash: <--- [FRAME type=DATA ackNum=3 frmNum=3](frmRx=3) Added to rxQueue
[2026-09-13 15:13:23] debug: 	zh:ember:uart:ash: ---> [FRAME type=ACK frmRx=4](ackRx=3)
[2026-09-13 15:13:23] debug: 	zh:ember:ezsp: <=== [FRAME: ID=52:"SEND_UNICAST" Seq=186 Len=7]
[2026-09-13 15:13:23] debug: 	zh:ember:ezsp: ~~~> [SENT type=DIRECT apsSequence=219 messageTag=25 status=OK]
[2026-09-13 15:13:23] debug: 	zh:ember:uart:ash: <--- [FRAME type=DATA]
[2026-09-13 15:13:23] debug: 	zh:ember:uart:ash: <--- [FRAME type=DATA ackNum=3](ackRx=3 frmTx=3)
[2026-09-13 15:13:23] debug: 	zh:ember:uart:ash: <--- [FRAME type=DATA ackNum=3 frmNum=4](frmRx=4) Added to rxQueue
[2026-09-13 15:13:23] debug: 	zh:ember:uart:ash: ---> [FRAME type=ACK frmRx=5](ackRx=3)
[2026-09-13 15:13:23] debug: 	zh:ember:ezsp: <=== [CBFRAME: ID=63:"MESSAGE_SENT_HANDLER" Seq=186 Len=22]
[2026-09-13 15:13:23] debug: 	zh:ember:ezsp: ezspMessageSentHandler: status=OK type=DIRECT indexOrDestination=3595 apsFrame={"profileId":260,"clusterId":61184,"sourceEndpoint":1,"destinationEndpoint":1,"options":4352,"groupId":0,"sequence":219} messageTag=25
[2026-09-13 15:13:23] debug: 	zh:ember:uart:ash: <--- [FRAME type=DATA]
[2026-09-13 15:13:23] debug: 	zh:ember:uart:ash: <--- [FRAME type=DATA ackNum=3](ackRx=3 frmTx=3)
[2026-09-13 15:13:23] debug: 	zh:ember:uart:ash: <--- [FRAME type=DATA ackNum=3 frmNum=5](frmRx=5) Added to rxQueue
[2026-09-13 15:13:23] debug: 	zh:ember:uart:ash: ---> [FRAME type=ACK frmRx=6](ackRx=3)
[2026-09-13 15:13:23] debug: 	zh:ember:ezsp: <=== [CBFRAME: ID=69:"INCOMING_MESSAGE_HANDLER" Seq=186 Len=38]
[2026-09-13 15:13:23] debug: 	zh:ember:ezsp: ezspIncomingMessageHandler: type=UNICAST apsFrame={"profileId":260,"clusterId":61184,"sourceEndpoint":1,"destinationEndpoint":1,"options":256,"groupId":0,"sequence":37} packetInfo:{"senderShortId":3595,"senderLongId":"0xffffffffffffffff","bindingIndex":255,"addressIndex":255,"lastHopLqi":136,"lastHopRssi":-66,"lastHopTimestamp":0} messageContents=092102006f0202000400000026
[2026-09-13 15:13:23] debug: 	zh:controller: Received payload: clusterID=61184, address=3595, groupID=0, endpoint=1, destinationEndpoint=1, wasBroadcast=false, linkQuality=136, frame={"header":{"frameControl":{"frameType":1,"manufacturerSpecific":false,"direction":1,"disableDefaultResponse":false,"reservedBits":0},"transactionSequenceNumber":33,"commandIdentifier":2},"payload":{"seq":28416,"dpValues":[{"dp":2,"datatype":2,"data":{"type":"Buffer","data":[0,0,0,38]}}]},"command":{"name":"dataReport","ID":2,"parameters":[{"name":"seq","type":33,"max":65535},{"name":"dpValues","type":1011}]}}
[2026-09-13 15:13:23] debug: 	zh:controller:endpoint: ZCL command 0x94b216fffef3cf25/1 manuSpecificTuya.defaultRsp({"cmdId":2,"statusCode":0}, {"timeout":10000,"disableResponse":false,"disableRecovery":false,"disableDefaultResponse":true,"direction":0,"reservedBits":0,"transactionSequenceNumber":33,"writeUndiv":false})
[2026-09-13 15:13:23] debug: 	zh:ember: ~~~> [ZCL to=0x94b216fffef3cf25:3595 apsFrame={"profileId":260,"clusterId":61184,"sourceEndpoint":1,"destinationEndpoint":1,"options":4352,"groupId":0,"sequence":0} header={"frameControl":{"reservedBits":0,"frameType":0,"direction":0,"disableDefaultResponse":true,"manufacturerSpecific":false},"transactionSequenceNumber":33,"commandIdentifier":11}]
[2026-09-13 15:13:23] debug: 	zh:ember:ezsp: ===> [FRAME: ID=52:"SEND_UNICAST" Seq=187 Len=26]
[2026-09-13 15:13:23] debug: 	zh:ember:uart:ash: ---> [FRAME type=DATA frmTx=3 frmRx=6](ackRx=3)
[2026-09-13 15:13:23] debug: 	z2m: Received Zigbee message from 'Nivelagua', type 'commandDataReport', cluster 'manuSpecificTuya', data '{"dpValues":[{"data":{"data":[0,0,0,38],"type":"Buffer"},"datatype":2,"dp":2}],"seq":28416}' from endpoint 1 with groupID 0
[2026-09-13 15:13:23] info: 	z2m:mqtt: MQTT publish: topic 'zigbee2mqtt/Nivelagua', payload '{"installation_height":0.75,"linkquality":136,"liquid_depth":0.38,"liquid_depth_max":0.28,"liquid_level_percent":81,"liquid_state":"high","max_set":80,"min_set":25}'
[2026-09-13 15:13:23] debug: 	zh:ember:uart:ash: <--- [FRAME type=DATA]
[2026-09-13 15:13:23] debug: 	zh:ember:uart:ash: <--- [FRAME type=DATA ackNum=4](ackRx=3 frmTx=4)
[2026-09-13 15:13:23] debug: 	zh:ember:uart:ash: <--- [FRAME type=DATA ackNum=4 frmNum=6](frmRx=6) Added to rxQueue
[2026-09-13 15:13:23] debug: 	zh:ember:uart:ash: ---> [FRAME type=ACK frmRx=7](ackRx=4)
[2026-09-13 15:13:23] debug: 	zh:ember:ezsp: <=== [FRAME: ID=52:"SEND_UNICAST" Seq=187 Len=7]
[2026-09-13 15:13:23] debug: 	zh:ember:ezsp: ~~~> [SENT type=DIRECT apsSequence=220 messageTag=26 status=OK]
[2026-09-13 15:13:23] debug: 	zh:ember:uart:ash: <--- [FRAME type=DATA]
[2026-09-13 15:13:23] debug: 	zh:ember:uart:ash: <--- [FRAME type=DATA ackNum=4](ackRx=4 frmTx=4)
[2026-09-13 15:13:23] debug: 	zh:ember:uart:ash: <--- [FRAME type=DATA ackNum=4 frmNum=7](frmRx=7) Added to rxQueue
[2026-09-13 15:13:23] debug: 	zh:ember:uart:ash: ---> [FRAME type=ACK frmRx=0](ackRx=4)
[2026-09-13 15:13:23] debug: 	zh:ember:ezsp: <=== [CBFRAME: ID=63:"MESSAGE_SENT_HANDLER" Seq=187 Len=22]
[2026-09-13 15:13:23] debug: 	zh:ember:ezsp: ezspMessageSentHandler: status=OK type=DIRECT indexOrDestination=3595 apsFrame={"profileId":260,"clusterId":61184,"sourceEndpoint":1,"destinationEndpoint":1,"options":4352,"groupId":0,"sequence":220} messageTag=26
[2026-09-13 15:13:23] debug: 	zh:ember:uart:ash: <--- [FRAME type=DATA]
[2026-09-13 15:13:23] debug: 	zh:ember:uart:ash: <--- [FRAME type=DATA ackNum=4](ackRx=4 frmTx=4)
[2026-09-13 15:13:23] debug: 	zh:ember:uart:ash: <--- [FRAME type=DATA ackNum=4 frmNum=0](frmRx=0) Added to rxQueue
[2026-09-13 15:13:23] debug: 	zh:ember:uart:ash: ---> [FRAME type=ACK frmRx=1](ackRx=4)
[2026-09-13 15:13:23] debug: 	zh:ember:ezsp: <=== [CBFRAME: ID=69:"INCOMING_MESSAGE_HANDLER" Seq=187 Len=38]
[2026-09-13 15:13:23] debug: 	zh:ember:ezsp: ezspIncomingMessageHandler: type=UNICAST apsFrame={"profileId":260,"clusterId":61184,"sourceEndpoint":1,"destinationEndpoint":1,"options":256,"groupId":0,"sequence":38} packetInfo:{"senderShortId":3595,"senderLongId":"0xffffffffffffffff","bindingIndex":255,"addressIndex":255,"lastHopLqi":136,"lastHopRssi":-66,"lastHopTimestamp":0} messageContents=09220200701602000400000051
[2026-09-13 15:13:23] debug: 	zh:controller: Received payload: clusterID=61184, address=3595, groupID=0, endpoint=1, destinationEndpoint=1, wasBroadcast=false, linkQuality=136, frame={"header":{"frameControl":{"frameType":1,"manufacturerSpecific":false,"direction":1,"disableDefaultResponse":false,"reservedBits":0},"transactionSequenceNumber":34,"commandIdentifier":2},"payload":{"seq":28672,"dpValues":[{"dp":22,"datatype":2,"data":{"type":"Buffer","data":[0,0,0,81]}}]},"command":{"name":"dataReport","ID":2,"parameters":[{"name":"seq","type":33,"max":65535},{"name":"dpValues","type":1011}]}}
[2026-09-13 15:13:23] debug: 	zh:controller:endpoint: ZCL command 0x94b216fffef3cf25/1 manuSpecificTuya.defaultRsp({"cmdId":2,"statusCode":0}, {"timeout":10000,"disableResponse":false,"disableRecovery":false,"disableDefaultResponse":true,"direction":0,"reservedBits":0,"transactionSequenceNumber":34,"writeUndiv":false})
[2026-09-13 15:13:23] debug: 	zh:ember: ~~~> [ZCL to=0x94b216fffef3cf25:3595 apsFrame={"profileId":260,"clusterId":61184,"sourceEndpoint":1,"destinationEndpoint":1,"options":4352,"groupId":0,"sequence":0} header={"frameControl":{"reservedBits":0,"frameType":0,"direction":0,"disableDefaultResponse":true,"manufacturerSpecific":false},"transactionSequenceNumber":34,"commandIdentifier":11}]
[2026-09-13 15:13:23] debug: 	zh:ember:ezsp: ===> [FRAME: ID=52:"SEND_UNICAST" Seq=188 Len=26]
[2026-09-13 15:13:23] debug: 	zh:ember:uart:ash: ---> [FRAME type=DATA frmTx=4 frmRx=1](ackRx=4)
[2026-09-13 15:13:23] debug: 	z2m: Received Zigbee message from 'Nivelagua', type 'commandDataReport', cluster 'manuSpecificTuya', data '{"dpValues":[{"data":{"data":[0,0,0,81],"type":"Buffer"},"datatype":2,"dp":22}],"seq":28672}' from endpoint 1 with groupID 0
[2026-09-13 15:13:23] info: 	z2m:mqtt: MQTT publish: topic 'zigbee2mqtt/Nivelagua', payload '{"installation_height":0.75,"linkquality":136,"liquid_depth":0.38,"liquid_depth_max":0.28,"liquid_level_percent":81,"liquid_state":"high","max_set":80,"min_set":25}'
[2026-09-13 15:13:23] debug: 	zh:ember:uart:ash: <--- [FRAME type=DATA]
[2026-09-13 15:13:23] debug: 	zh:ember:uart:ash: <--- [FRAME type=DATA ackNum=5](ackRx=4 frmTx=5)
[2026-09-13 15:13:23] debug: 	zh:ember:uart:ash: <--- [FRAME type=DATA ackNum=5 frmNum=1](frmRx=1) Added to rxQueue
[2026-09-13 15:13:23] debug: 	zh:ember:uart:ash: ---> [FRAME type=ACK frmRx=2](ackRx=5)
[2026-09-13 15:13:23] debug: 	zh:ember:ezsp: <=== [FRAME: ID=52:"SEND_UNICAST" Seq=188 Len=7]
[2026-09-13 15:13:23] debug: 	zh:ember:ezsp: ~~~> [SENT type=DIRECT apsSequence=221 messageTag=27 status=OK]
[2026-09-13 15:13:23] debug: 	zh:ember:uart:ash: <--- [FRAME type=DATA]
[2026-09-13 15:13:23] debug: 	zh:ember:uart:ash: <--- [FRAME type=DATA ackNum=5](ackRx=5 frmTx=5)
[2026-09-13 15:13:23] debug: 	zh:ember:uart:ash: <--- [FRAME type=DATA ackNum=5 frmNum=2](frmRx=2) Added to rxQueue
[2026-09-13 15:13:23] debug: 	zh:ember:uart:ash: ---> [FRAME type=ACK frmRx=3](ackRx=5)
[2026-09-13 15:13:23] debug: 	zh:ember:ezsp: <=== [CBFRAME: ID=63:"MESSAGE_SENT_HANDLER" Seq=188 Len=22]
[2026-09-13 15:13:23] debug: 	zh:ember:ezsp: ezspMessageSentHandler: status=OK type=DIRECT indexOrDestination=3595 apsFrame={"profileId":260,"clusterId":61184,"sourceEndpoint":1,"destinationEndpoint":1,"options":4352,"groupId":0,"sequence":221} messageTag=27
[2026-09-13 15:13:24] debug: 	zh:ember:uart:ash: <--- [FRAME type=DATA]
[2026-09-13 15:13:24] debug: 	zh:ember:uart:ash: <--- [FRAME type=DATA ackNum=5](ackRx=5 frmTx=5)
[2026-09-13 15:13:24] debug: 	zh:ember:uart:ash: <--- [FRAME type=DATA ackNum=5 frmNum=3](frmRx=3) Added to rxQueue
[2026-09-13 15:13:24] debug: 	zh:ember:uart:ash: ---> [FRAME type=ACK frmRx=4](ackRx=5)
[2026-09-13 15:13:24] debug: 	zh:ember:ezsp: <=== [CBFRAME: ID=69:"INCOMING_MESSAGE_HANDLER" Seq=188 Len=35]
[2026-09-13 15:13:24] debug: 	zh:ember:ezsp: ezspIncomingMessageHandler: type=UNICAST apsFrame={"profileId":260,"clusterId":61184,"sourceEndpoint":1,"destinationEndpoint":1,"options":256,"groupId":0,"sequence":39} packetInfo:{"senderShortId":3595,"senderLongId":"0xffffffffffffffff","bindingIndex":255,"addressIndex":255,"lastHopLqi":136,"lastHopRssi":-66,"lastHopTimestamp":0} messageContents=09230200710104000102
[2026-09-13 15:13:24] debug: 	zh:controller: Received payload: clusterID=61184, address=3595, groupID=0, endpoint=1, destinationEndpoint=1, wasBroadcast=false, linkQuality=136, frame={"header":{"frameControl":{"frameType":1,"manufacturerSpecific":false,"direction":1,"disableDefaultResponse":false,"reservedBits":0},"transactionSequenceNumber":35,"commandIdentifier":2},"payload":{"seq":28928,"dpValues":[{"dp":1,"datatype":4,"data":{"type":"Buffer","data":[2]}}]},"command":{"name":"dataReport","ID":2,"parameters":[{"name":"seq","type":33,"max":65535},{"name":"dpValues","type":1011}]}}
[2026-09-13 15:13:24] debug: 	zh:controller:endpoint: ZCL command 0x94b216fffef3cf25/1 manuSpecificTuya.defaultRsp({"cmdId":2,"statusCode":0}, {"timeout":10000,"disableResponse":false,"disableRecovery":false,"disableDefaultResponse":true,"direction":0,"reservedBits":0,"transactionSequenceNumber":35,"writeUndiv":false})
[2026-09-13 15:13:24] debug: 	zh:ember: ~~~> [ZCL to=0x94b216fffef3cf25:3595 apsFrame={"profileId":260,"clusterId":61184,"sourceEndpoint":1,"destinationEndpoint":1,"options":4352,"groupId":0,"sequence":0} header={"frameControl":{"reservedBits":0,"frameType":0,"direction":0,"disableDefaultResponse":true,"manufacturerSpecific":false},"transactionSequenceNumber":35,"commandIdentifier":11}]
[2026-09-13 15:13:24] debug: 	zh:ember:ezsp: ===> [FRAME: ID=52:"SEND_UNICAST" Seq=189 Len=26]
[2026-09-13 15:13:24] debug: 	zh:ember:uart:ash: ---> [FRAME type=DATA frmTx=5 frmRx=4](ackRx=5)
[2026-09-13 15:13:24] debug: 	z2m: Received Zigbee message from 'Nivelagua', type 'commandDataReport', cluster 'manuSpecificTuya', data '{"dpValues":[{"data":{"data":[2],"type":"Buffer"},"datatype":4,"dp":1}],"seq":28928}' from endpoint 1 with groupID 0
[2026-09-13 15:13:24] info: 	z2m:mqtt: MQTT publish: topic 'zigbee2mqtt/Nivelagua', payload '{"installation_height":0.75,"linkquality":136,"liquid_depth":0.38,"liquid_depth_max":0.28,"liquid_level_percent":81,"liquid_state":"high","max_set":80,"min_set":25}'
[2026-09-13 15:13:24] debug: 	zh:ember:uart:ash: <--- [FRAME type=DATA]
[2026-09-13 15:13:24] debug: 	zh:ember:uart:ash: <--- [FRAME type=DATA ackNum=6](ackRx=5 frmTx=6)
[2026-09-13 15:13:24] debug: 	zh:ember:uart:ash: <--- [FRAME type=DATA ackNum=6 frmNum=4](frmRx=4) Added to rxQueue
[2026-09-13 15:13:24] debug: 	zh:ember:uart:ash: ---> [FRAME type=ACK frmRx=5](ackRx=6)
[2026-09-13 15:13:24] debug: 	zh:ember:ezsp: <=== [FRAME: ID=52:"SEND_UNICAST" Seq=189 Len=7]
[2026-09-13 15:13:24] debug: 	zh:ember:ezsp: ~~~> [SENT type=DIRECT apsSequence=222 messageTag=28 status=OK]
[2026-09-13 15:13:24] debug: 	zh:ember:uart:ash: <--- [FRAME type=DATA]
[2026-09-13 15:13:24] debug: 	zh:ember:uart:ash: <--- [FRAME type=DATA ackNum=6](ackRx=6 frmTx=6)
[2026-09-13 15:13:24] debug: 	zh:ember:uart:ash: <--- [FRAME type=DATA ackNum=6 frmNum=5](frmRx=5) Added to rxQueue
[2026-09-13 15:13:24] debug: 	zh:ember:uart:ash: ---> [FRAME type=ACK frmRx=6](ackRx=6)
[2026-09-13 15:13:24] debug: 	zh:ember:ezsp: <=== [CBFRAME: ID=63:"MESSAGE_SENT_HANDLER" Seq=189 Len=22]
[2026-09-13 15:13:24] debug: 	zh:ember:ezsp: ezspMessageSentHandler: status=OK type=DIRECT indexOrDestination=3595 apsFrame={"profileId":260,"clusterId":61184,"sourceEndpoint":1,"destinationEndpoint":1,"options":4352,"groupId":0,"sequence":222} messageTag=28
[2026-09-13 15:13:24] debug: 	zh:ember:uart:ash: <--- [FRAME type=DATA]
[2026-09-13 15:13:24] debug: 	zh:ember:uart:ash: <--- [FRAME type=DATA ackNum=6](ackRx=6 frmTx=6)
[2026-09-13 15:13:24] debug: 	zh:ember:uart:ash: <--- [FRAME type=DATA ackNum=6 frmNum=6](frmRx=6) Added to rxQueue
[2026-09-13 15:13:24] debug: 	zh:ember:uart:ash: ---> [FRAME type=ACK frmRx=7](ackRx=6)
[2026-09-13 15:13:24] debug: 	zh:ember:ezsp: <=== [CBFRAME: ID=69:"INCOMING_MESSAGE_HANDLER" Seq=189 Len=38]
[2026-09-13 15:13:24] debug: 	zh:ember:ezsp: ezspIncomingMessageHandler: type=UNICAST apsFrame={"profileId":260,"clusterId":61184,"sourceEndpoint":1,"destinationEndpoint":1,"options":256,"groupId":0,"sequence":40} packetInfo:{"senderShortId":3595,"senderLongId":"0xffffffffffffffff","bindingIndex":255,"addressIndex":255,"lastHopLqi":136,"lastHopRssi":-66,"lastHopTimestamp":0} messageContents=09240200720202000400000026
[2026-09-13 15:13:24] debug: 	zh:controller: Received payload: clusterID=61184, address=3595, groupID=0, endpoint=1, destinationEndpoint=1, wasBroadcast=false, linkQuality=136, frame={"header":{"frameControl":{"frameType":1,"manufacturerSpecific":false,"direction":1,"disableDefaultResponse":false,"reservedBits":0},"transactionSequenceNumber":36,"commandIdentifier":2},"payload":{"seq":29184,"dpValues":[{"dp":2,"datatype":2,"data":{"type":"Buffer","data":[0,0,0,38]}}]},"command":{"name":"dataReport","ID":2,"parameters":[{"name":"seq","type":33,"max":65535},{"name":"dpValues","type":1011}]}}
[2026-09-13 15:13:24] debug: 	zh:controller:endpoint: ZCL command 0x94b216fffef3cf25/1 manuSpecificTuya.defaultRsp({"cmdId":2,"statusCode":0}, {"timeout":10000,"disableResponse":false,"disableRecovery":false,"disableDefaultResponse":true,"direction":0,"reservedBits":0,"transactionSequenceNumber":36,"writeUndiv":false})
[2026-09-13 15:13:24] debug: 	zh:ember: ~~~> [ZCL to=0x94b216fffef3cf25:3595 apsFrame={"profileId":260,"clusterId":61184,"sourceEndpoint":1,"destinationEndpoint":1,"options":4352,"groupId":0,"sequence":0} header={"frameControl":{"reservedBits":0,"frameType":0,"direction":0,"disableDefaultResponse":true,"manufacturerSpecific":false},"transactionSequenceNumber":36,"commandIdentifier":11}]
[2026-09-13 15:13:24] debug: 	zh:ember:ezsp: ===> [FRAME: ID=52:"SEND_UNICAST" Seq=190 Len=26]
[2026-09-13 15:13:24] debug: 	zh:ember:uart:ash: ---> [FRAME type=DATA frmTx=6 frmRx=7](ackRx=6)
[2026-09-13 15:13:24] debug: 	z2m: Received Zigbee message from 'Nivelagua', type 'commandDataReport', cluster 'manuSpecificTuya', data '{"dpValues":[{"data":{"data":[0,0,0,38],"type":"Buffer"},"datatype":2,"dp":2}],"seq":29184}' from endpoint 1 with groupID 0
[2026-09-13 15:13:24] info: 	z2m:mqtt: MQTT publish: topic 'zigbee2mqtt/Nivelagua', payload '{"installation_height":0.75,"linkquality":136,"liquid_depth":0.38,"liquid_depth_max":0.28,"liquid_level_percent":81,"liquid_state":"high","max_set":80,"min_set":25}'
[2026-09-13 15:13:24] debug: 	zh:ember:uart:ash: <--- [FRAME type=DATA]
[2026-09-13 15:13:24] debug: 	zh:ember:uart:ash: <--- [FRAME type=DATA ackNum=7](ackRx=6 frmTx=7)
[2026-09-13 15:13:24] debug: 	zh:ember:uart:ash: <--- [FRAME type=DATA ackNum=7 frmNum=7](frmRx=7) Added to rxQueue
[2026-09-13 15:13:24] debug: 	zh:ember:uart:ash: ---> [FRAME type=ACK frmRx=0](ackRx=7)
[2026-09-13 15:13:24] debug: 	zh:ember:ezsp: <=== [FRAME: ID=52:"SEND_UNICAST" Seq=190 Len=7]
[2026-09-13 15:13:24] debug: 	zh:ember:ezsp: ~~~> [SENT type=DIRECT apsSequence=223 messageTag=29 status=OK]
[2026-09-13 15:13:24] debug: 	zh:ember:uart:ash: <--- [FRAME type=DATA]
[2026-09-13 15:13:24] debug: 	zh:ember:uart:ash: <--- [FRAME type=DATA ackNum=7](ackRx=7 frmTx=7)
[2026-09-13 15:13:24] debug: 	zh:ember:uart:ash: <--- [FRAME type=DATA ackNum=7 frmNum=0](frmRx=0) Added to rxQueue
[2026-09-13 15:13:24] debug: 	zh:ember:uart:ash: ---> [FRAME type=ACK frmRx=1](ackRx=7)
[2026-09-13 15:13:24] debug: 	zh:ember:ezsp: <=== [CBFRAME: ID=63:"MESSAGE_SENT_HANDLER" Seq=190 Len=22]
[2026-09-13 15:13:24] debug: 	zh:ember:ezsp: ezspMessageSentHandler: status=OK type=DIRECT indexOrDestination=3595 apsFrame={"profileId":260,"clusterId":61184,"sourceEndpoint":1,"destinationEndpoint":1,"options":4352,"groupId":0,"sequence":223} messageTag=29
[2026-09-13 15:13:24] debug: 	zh:ember:uart:ash: <--- [FRAME type=DATA]
[2026-09-13 15:13:24] debug: 	zh:ember:uart:ash: <--- [FRAME type=DATA ackNum=7](ackRx=7 frmTx=7)
[2026-09-13 15:13:24] debug: 	zh:ember:uart:ash: <--- [FRAME type=DATA ackNum=7 frmNum=1](frmRx=1) Added to rxQueue
[2026-09-13 15:13:24] debug: 	zh:ember:uart:ash: ---> [FRAME type=ACK frmRx=2](ackRx=7)
[2026-09-13 15:13:24] debug: 	zh:ember:ezsp: <=== [CBFRAME: ID=69:"INCOMING_MESSAGE_HANDLER" Seq=190 Len=38]
[2026-09-13 15:13:24] debug: 	zh:ember:ezsp: ezspIncomingMessageHandler: type=UNICAST apsFrame={"profileId":260,"clusterId":61184,"sourceEndpoint":1,"destinationEndpoint":1,"options":256,"groupId":0,"sequence":41} packetInfo:{"senderShortId":3595,"senderLongId":"0xffffffffffffffff","bindingIndex":255,"addressIndex":255,"lastHopLqi":136,"lastHopRssi":-66,"lastHopTimestamp":0} messageContents=09250200731602000400000051
[2026-09-13 15:13:24] debug: 	zh:controller: Received payload: clusterID=61184, address=3595, groupID=0, endpoint=1, destinationEndpoint=1, wasBroadcast=false, linkQuality=136, frame={"header":{"frameControl":{"frameType":1,"manufacturerSpecific":false,"direction":1,"disableDefaultResponse":false,"reservedBits":0},"transactionSequenceNumber":37,"commandIdentifier":2},"payload":{"seq":29440,"dpValues":[{"dp":22,"datatype":2,"data":{"type":"Buffer","data":[0,0,0,81]}}]},"command":{"name":"dataReport","ID":2,"parameters":[{"name":"seq","type":33,"max":65535},{"name":"dpValues","type":1011}]}}
[2026-09-13 15:13:24] debug: 	zh:controller:endpoint: ZCL command 0x94b216fffef3cf25/1 manuSpecificTuya.defaultRsp({"cmdId":2,"statusCode":0}, {"timeout":10000,"disableResponse":false,"disableRecovery":false,"disableDefaultResponse":true,"direction":0,"reservedBits":0,"transactionSequenceNumber":37,"writeUndiv":false})
[2026-09-13 15:13:24] debug: 	zh:ember: ~~~> [ZCL to=0x94b216fffef3cf25:3595 apsFrame={"profileId":260,"clusterId":61184,"sourceEndpoint":1,"destinationEndpoint":1,"options":4352,"groupId":0,"sequence":0} header={"frameControl":{"reservedBits":0,"frameType":0,"direction":0,"disableDefaultResponse":true,"manufacturerSpecific":false},"transactionSequenceNumber":37,"commandIdentifier":11}]
[2026-09-13 15:13:24] debug: 	zh:ember:ezsp: ===> [FRAME: ID=52:"SEND_UNICAST" Seq=191 Len=26]
[2026-09-13 15:13:24] debug: 	zh:ember:uart:ash: ---> [FRAME type=DATA frmTx=7 frmRx=2](ackRx=7)
[2026-09-13 15:13:24] debug: 	z2m: Received Zigbee message from 'Nivelagua', type 'commandDataReport', cluster 'manuSpecificTuya', data '{"dpValues":[{"data":{"data":[0,0,0,81],"type":"Buffer"},"datatype":2,"dp":22}],"seq":29440}' from endpoint 1 with groupID 0
[2026-09-13 15:13:24] info: 	z2m:mqtt: MQTT publish: topic 'zigbee2mqtt/Nivelagua', payload '{"installation_height":0.75,"linkquality":136,"liquid_depth":0.38,"liquid_depth_max":0.28,"liquid_level_percent":81,"liquid_state":"high","max_set":80,"min_set":25}'
[2026-09-13 15:13:24] debug: 	zh:ember:uart:ash: <--- [FRAME type=DATA]
[2026-09-13 15:13:24] debug: 	zh:ember:uart:ash: <--- [FRAME type=DATA ackNum=0](ackRx=7 frmTx=0)
[2026-09-13 15:13:24] debug: 	zh:ember:uart:ash: <--- [FRAME type=DATA ackNum=0 frmNum=2](frmRx=2) Added to rxQueue
[2026-09-13 15:13:24] debug: 	zh:ember:uart:ash: ---> [FRAME type=ACK frmRx=3](ackRx=0)
[2026-09-13 15:13:24] debug: 	zh:ember:ezsp: <=== [FRAME: ID=52:"SEND_UNICAST" Seq=191 Len=7]
[2026-09-13 15:13:24] debug: 	zh:ember:ezsp: ~~~> [SENT type=DIRECT apsSequence=224 messageTag=30 status=OK]
[2026-09-13 15:13:24] debug: 	zh:ember:uart:ash: <--- [FRAME type=DATA]
[2026-09-13 15:13:24] debug: 	zh:ember:uart:ash: <--- [FRAME type=DATA ackNum=0](ackRx=0 frmTx=0)
[2026-09-13 15:13:24] debug: 	zh:ember:uart:ash: <--- [FRAME type=DATA ackNum=0 frmNum=3](frmRx=3) Added to rxQueue
[2026-09-13 15:13:24] debug: 	zh:ember:uart:ash: ---> [FRAME type=ACK frmRx=4](ackRx=0)
[2026-09-13 15:13:24] debug: 	zh:ember:ezsp: <=== [CBFRAME: ID=63:"MESSAGE_SENT_HANDLER" Seq=191 Len=22]
[2026-09-13 15:13:24] debug: 	zh:ember:ezsp: ezspMessageSentHandler: status=OK type=DIRECT indexOrDestination=3595 apsFrame={"profileId":260,"clusterId":61184,"sourceEndpoint":1,"destinationEndpoint":1,"options":4352,"groupId":0,"sequence":224} messageTag=30
[2026-09-13 15:13:25] debug: 	zh:ember:uart:ash: <--- [FRAME type=DATA]
[2026-09-13 15:13:25] debug: 	zh:ember:uart:ash: <--- [FRAME type=DATA ackNum=0](ackRx=0 frmTx=0)
[2026-09-13 15:13:25] debug: 	zh:ember:uart:ash: <--- [FRAME type=DATA ackNum=0 frmNum=4](frmRx=4) Added to rxQueue
[2026-09-13 15:13:25] debug: 	zh:ember:uart:ash: ---> [FRAME type=ACK frmRx=5](ackRx=0)
[2026-09-13 15:13:25] debug: 	zh:ember:ezsp: <=== [CBFRAME: ID=69:"INCOMING_MESSAGE_HANDLER" Seq=191 Len=35]
[2026-09-13 15:13:25] debug: 	zh:ember:ezsp: ezspIncomingMessageHandler: type=UNICAST apsFrame={"profileId":260,"clusterId":61184,"sourceEndpoint":1,"destinationEndpoint":1,"options":256,"groupId":0,"sequence":42} packetInfo:{"senderShortId":3595,"senderLongId":"0xffffffffffffffff","bindingIndex":255,"addressIndex":255,"lastHopLqi":136,"lastHopRssi":-66,"lastHopTimestamp":0} messageContents=09260200740104000102
[2026-09-13 15:13:25] debug: 	zh:controller: Received payload: clusterID=61184, address=3595, groupID=0, endpoint=1, destinationEndpoint=1, wasBroadcast=false, linkQuality=136, frame={"header":{"frameControl":{"frameType":1,"manufacturerSpecific":false,"direction":1,"disableDefaultResponse":false,"reservedBits":0},"transactionSequenceNumber":38,"commandIdentifier":2},"payload":{"seq":29696,"dpValues":[{"dp":1,"datatype":4,"data":{"type":"Buffer","data":[2]}}]},"command":{"name":"dataReport","ID":2,"parameters":[{"name":"seq","type":33,"max":65535},{"name":"dpValues","type":1011}]}}
[2026-09-13 15:13:25] debug: 	zh:controller:endpoint: ZCL command 0x94b216fffef3cf25/1 manuSpecificTuya.defaultRsp({"cmdId":2,"statusCode":0}, {"timeout":10000,"disableResponse":false,"disableRecovery":false,"disableDefaultResponse":true,"direction":0,"reservedBits":0,"transactionSequenceNumber":38,"writeUndiv":false})
[2026-09-13 15:13:25] debug: 	zh:ember: ~~~> [ZCL to=0x94b216fffef3cf25:3595 apsFrame={"profileId":260,"clusterId":61184,"sourceEndpoint":1,"destinationEndpoint":1,"options":4352,"groupId":0,"sequence":0} header={"frameControl":{"reservedBits":0,"frameType":0,"direction":0,"disableDefaultResponse":true,"manufacturerSpecific":false},"transactionSequenceNumber":38,"commandIdentifier":11}]
[2026-09-13 15:13:25] debug: 	zh:ember:ezsp: ===> [FRAME: ID=52:"SEND_UNICAST" Seq=192 Len=26]
[2026-09-13 15:13:25] debug: 	zh:ember:uart:ash: ---> [FRAME type=DATA frmTx=0 frmRx=5](ackRx=0)
[2026-09-13 15:13:25] debug: 	z2m: Received Zigbee message from 'Nivelagua', type 'commandDataReport', cluster 'manuSpecificTuya', data '{"dpValues":[{"data":{"data":[2],"type":"Buffer"},"datatype":4,"dp":1}],"seq":29696}' from endpoint 1 with groupID 0
[2026-09-13 15:13:25] info: 	z2m:mqtt: MQTT publish: topic 'zigbee2mqtt/Nivelagua', payload '{"installation_height":0.75,"linkquality":136,"liquid_depth":0.38,"liquid_depth_max":0.28,"liquid_level_percent":81,"liquid_state":"high","max_set":80,"min_set":25}'
[2026-09-13 15:13:25] debug: 	zh:ember:uart:ash: <--- [FRAME type=DATA]
[2026-09-13 15:13:25] debug: 	zh:ember:uart:ash: <--- [FRAME type=DATA ackNum=1](ackRx=0 frmTx=1)
[2026-09-13 15:13:25] debug: 	zh:ember:uart:ash: <--- [FRAME type=DATA ackNum=1 frmNum=5](frmRx=5) Added to rxQueue
[2026-09-13 15:13:25] debug: 	zh:ember:uart:ash: ---> [FRAME type=ACK frmRx=6](ackRx=1)
[2026-09-13 15:13:25] debug: 	zh:ember:ezsp: <=== [FRAME: ID=52:"SEND_UNICAST" Seq=192 Len=7]
[2026-09-13 15:13:25] debug: 	zh:ember:ezsp: ~~~> [SENT type=DIRECT apsSequence=225 messageTag=31 status=OK]
[2026-09-13 15:13:25] debug: 	zh:ember:uart:ash: <--- [FRAME type=DATA]
[2026-09-13 15:13:25] debug: 	zh:ember:uart:ash: <--- [FRAME type=DATA ackNum=1](ackRx=1 frmTx=1)
[2026-09-13 15:13:25] debug: 	zh:ember:uart:ash: <--- [FRAME type=DATA ackNum=1 frmNum=6](frmRx=6) Added to rxQueue
[2026-09-13 15:13:25] debug: 	zh:ember:uart:ash: ---> [FRAME type=ACK frmRx=7](ackRx=1)
[2026-09-13 15:13:25] debug: 	zh:ember:ezsp: <=== [CBFRAME: ID=63:"MESSAGE_SENT_HANDLER" Seq=192 Len=22]
[2026-09-13 15:13:25] debug: 	zh:ember:ezsp: ezspMessageSentHandler: status=OK type=DIRECT indexOrDestination=3595 apsFrame={"profileId":260,"clusterId":61184,"sourceEndpoint":1,"destinationEndpoint":1,"options":4352,"groupId":0,"sequence":225} messageTag=31
[2026-09-13 15:13:25] debug: 	zh:ember:uart:ash: <--- [FRAME type=DATA]
[2026-09-13 15:13:25] debug: 	zh:ember:uart:ash: <--- [FRAME type=DATA ackNum=1](ackRx=1 frmTx=1)
[2026-09-13 15:13:25] debug: 	zh:ember:uart:ash: <--- [FRAME type=DATA ackNum=1 frmNum=7](frmRx=7) Added to rxQueue
[2026-09-13 15:13:25] debug: 	zh:ember:uart:ash: ---> [FRAME type=ACK frmRx=0](ackRx=1)
[2026-09-13 15:13:25] debug: 	zh:ember:ezsp: <=== [CBFRAME: ID=69:"INCOMING_MESSAGE_HANDLER" Seq=192 Len=38]
[2026-09-13 15:13:25] debug: 	zh:ember:ezsp: ezspIncomingMessageHandler: type=UNICAST apsFrame={"profileId":260,"clusterId":61184,"sourceEndpoint":1,"destinationEndpoint":1,"options":256,"groupId":0,"sequence":43} packetInfo:{"senderShortId":3595,"senderLongId":"0xffffffffffffffff","bindingIndex":255,"addressIndex":255,"lastHopLqi":136,"lastHopRssi":-66,"lastHopTimestamp":0} messageContents=09270200750202000400000026
[2026-09-13 15:13:25] debug: 	zh:controller: Received payload: clusterID=61184, address=3595, groupID=0, endpoint=1, destinationEndpoint=1, wasBroadcast=false, linkQuality=136, frame={"header":{"frameControl":{"frameType":1,"manufacturerSpecific":false,"direction":1,"disableDefaultResponse":false,"reservedBits":0},"transactionSequenceNumber":39,"commandIdentifier":2},"payload":{"seq":29952,"dpValues":[{"dp":2,"datatype":2,"data":{"type":"Buffer","data":[0,0,0,38]}}]},"command":{"name":"dataReport","ID":2,"parameters":[{"name":"seq","type":33,"max":65535},{"name":"dpValues","type":1011}]}}
[2026-09-13 15:13:25] debug: 	zh:controller:endpoint: ZCL command 0x94b216fffef3cf25/1 manuSpecificTuya.defaultRsp({"cmdId":2,"statusCode":0}, {"timeout":10000,"disableResponse":false,"disableRecovery":false,"disableDefaultResponse":true,"direction":0,"reservedBits":0,"transactionSequenceNumber":39,"writeUndiv":false})
[2026-09-13 15:13:25] debug: 	zh:ember: ~~~> [ZCL to=0x94b216fffef3cf25:3595 apsFrame={"profileId":260,"clusterId":61184,"sourceEndpoint":1,"destinationEndpoint":1,"options":4352,"groupId":0,"sequence":0} header={"frameControl":{"reservedBits":0,"frameType":0,"direction":0,"disableDefaultResponse":true,"manufacturerSpecific":false},"transactionSequenceNumber":39,"commandIdentifier":11}]
[2026-09-13 15:13:25] debug: 	zh:ember:ezsp: ===> [FRAME: ID=52:"SEND_UNICAST" Seq=193 Len=26]
[2026-09-13 15:13:25] debug: 	zh:ember:uart:ash: ---> [FRAME type=DATA frmTx=1 frmRx=0](ackRx=1)
[2026-09-13 15:13:25] debug: 	z2m: Received Zigbee message from 'Nivelagua', type 'commandDataReport', cluster 'manuSpecificTuya', data '{"dpValues":[{"data":{"data":[0,0,0,38],"type":"Buffer"},"datatype":2,"dp":2}],"seq":29952}' from endpoint 1 with groupID 0
[2026-09-13 15:13:25] info: 	z2m:mqtt: MQTT publish: topic 'zigbee2mqtt/Nivelagua', payload '{"installation_height":0.75,"linkquality":136,"liquid_depth":0.38,"liquid_depth_max":0.28,"liquid_level_percent":81,"liquid_state":"high","max_set":80,"min_set":25}'
[2026-09-13 15:13:25] debug: 	zh:ember:uart:ash: <--- [FRAME type=DATA]
[2026-09-13 15:13:25] debug: 	zh:ember:uart:ash: <--- [FRAME type=DATA ackNum=2](ackRx=1 frmTx=2)
[2026-09-13 15:13:25] debug: 	zh:ember:uart:ash: <--- [FRAME type=DATA ackNum=2 frmNum=0](frmRx=0) Added to rxQueue
[2026-09-13 15:13:25] debug: 	zh:ember:uart:ash: ---> [FRAME type=ACK frmRx=1](ackRx=2)
[2026-09-13 15:13:25] debug: 	zh:ember:ezsp: <=== [FRAME: ID=52:"SEND_UNICAST" Seq=193 Len=7]
[2026-09-13 15:13:25] debug: 	zh:ember:ezsp: ~~~> [SENT type=DIRECT apsSequence=226 messageTag=32 status=OK]
[2026-09-13 15:13:25] debug: 	zh:ember:uart:ash: <--- [FRAME type=DATA]
[2026-09-13 15:13:25] debug: 	zh:ember:uart:ash: <--- [FRAME type=DATA ackNum=2](ackRx=2 frmTx=2)
[2026-09-13 15:13:25] debug: 	zh:ember:uart:ash: <--- [FRAME type=DATA ackNum=2 frmNum=1](frmRx=1) Added to rxQueue
[2026-09-13 15:13:25] debug: 	zh:ember:uart:ash: ---> [FRAME type=ACK frmRx=2](ackRx=2)
[2026-09-13 15:13:25] debug: 	zh:ember:ezsp: <=== [CBFRAME: ID=63:"MESSAGE_SENT_HANDLER" Seq=193 Len=22]
[2026-09-13 15:13:25] debug: 	zh:ember:ezsp: ezspMessageSentHandler: status=OK type=DIRECT indexOrDestination=3595 apsFrame={"profileId":260,"clusterId":61184,"sourceEndpoint":1,"destinationEndpoint":1,"options":4352,"groupId":0,"sequence":226} messageTag=32
[2026-09-13 15:13:25] debug: 	zh:ember:uart:ash: <--- [FRAME type=DATA]
[2026-09-13 15:13:25] debug: 	zh:ember:uart:ash: <--- [FRAME type=DATA ackNum=2](ackRx=2 frmTx=2)
[2026-09-13 15:13:25] debug: 	zh:ember:uart:ash: <--- [FRAME type=DATA ackNum=2 frmNum=2](frmRx=2) Added to rxQueue
[2026-09-13 15:13:25] debug: 	zh:ember:uart:ash: ---> [FRAME type=ACK frmRx=3](ackRx=2)
[2026-09-13 15:13:25] debug: 	zh:ember:ezsp: <=== [CBFRAME: ID=69:"INCOMING_MESSAGE_HANDLER" Seq=193 Len=38]
[2026-09-13 15:13:25] debug: 	zh:ember:ezsp: ezspIncomingMessageHandler: type=UNICAST apsFrame={"profileId":260,"clusterId":61184,"sourceEndpoint":1,"destinationEndpoint":1,"options":256,"groupId":0,"sequence":44} packetInfo:{"senderShortId":3595,"senderLongId":"0xffffffffffffffff","bindingIndex":255,"addressIndex":255,"lastHopLqi":136,"lastHopRssi":-66,"lastHopTimestamp":0} messageContents=09280200761602000400000051
[2026-09-13 15:13:25] debug: 	zh:controller: Received payload: clusterID=61184, address=3595, groupID=0, endpoint=1, destinationEndpoint=1, wasBroadcast=false, linkQuality=136, frame={"header":{"frameControl":{"frameType":1,"manufacturerSpecific":false,"direction":1,"disableDefaultResponse":false,"reservedBits":0},"transactionSequenceNumber":40,"commandIdentifier":2},"payload":{"seq":30208,"dpValues":[{"dp":22,"datatype":2,"data":{"type":"Buffer","data":[0,0,0,81]}}]},"command":{"name":"dataReport","ID":2,"parameters":[{"name":"seq","type":33,"max":65535},{"name":"dpValues","type":1011}]}}
[2026-09-13 15:13:25] debug: 	zh:controller:endpoint: ZCL command 0x94b216fffef3cf25/1 manuSpecificTuya.defaultRsp({"cmdId":2,"statusCode":0}, {"timeout":10000,"disableResponse":false,"disableRecovery":false,"disableDefaultResponse":true,"direction":0,"reservedBits":0,"transactionSequenceNumber":40,"writeUndiv":false})
[2026-09-13 15:13:25] debug: 	zh:ember: ~~~> [ZCL to=0x94b216fffef3cf25:3595 apsFrame={"profileId":260,"clusterId":61184,"sourceEndpoint":1,"destinationEndpoint":1,"options":4352,"groupId":0,"sequence":0} header={"frameControl":{"reservedBits":0,"frameType":0,"direction":0,"disableDefaultResponse":true,"manufacturerSpecific":false},"transactionSequenceNumber":40,"commandIdentifier":11}]
[2026-09-13 15:13:25] debug: 	zh:ember:ezsp: ===> [FRAME: ID=52:"SEND_UNICAST" Seq=194 Len=26]
[2026-09-13 15:13:25] debug: 	zh:ember:uart:ash: ---> [FRAME type=DATA frmTx=2 frmRx=3](ackRx=2)
[2026-09-13 15:13:25] debug: 	z2m: Received Zigbee message from 'Nivelagua', type 'commandDataReport', cluster 'manuSpecificTuya', data '{"dpValues":[{"data":{"data":[0,0,0,81],"type":"Buffer"},"datatype":2,"dp":22}],"seq":30208}' from endpoint 1 with groupID 0
[2026-09-13 15:13:25] info: 	z2m:mqtt: MQTT publish: topic 'zigbee2mqtt/Nivelagua', payload '{"installation_height":0.75,"linkquality":136,"liquid_depth":0.38,"liquid_depth_max":0.28,"liquid_level_percent":81,"liquid_state":"high","max_set":80,"min_set":25}'
[2026-09-13 15:13:25] debug: 	zh:ember:uart:ash: <--- [FRAME type=DATA]
[2026-09-13 15:13:25] debug: 	zh:ember:uart:ash: <--- [FRAME type=DATA ackNum=3](ackRx=2 frmTx=3)
[2026-09-13 15:13:25] debug: 	zh:ember:uart:ash: <--- [FRAME type=DATA ackNum=3 frmNum=3](frmRx=3) Added to rxQueue
[2026-09-13 15:13:25] debug: 	zh:ember:uart:ash: ---> [FRAME type=ACK frmRx=4](ackRx=3)
[2026-09-13 15:13:25] debug: 	zh:ember:ezsp: <=== [FRAME: ID=52:"SEND_UNICAST" Seq=194 Len=7]
[2026-09-13 15:13:25] debug: 	zh:ember:ezsp: ~~~> [SENT type=DIRECT apsSequence=227 messageTag=33 status=OK]
[2026-09-13 15:13:25] debug: 	zh:ember:uart:ash: <--- [FRAME type=DATA]
[2026-09-13 15:13:25] debug: 	zh:ember:uart:ash: <--- [FRAME type=DATA ackNum=3](ackRx=3 frmTx=3)
[2026-09-13 15:13:25] debug: 	zh:ember:uart:ash: <--- [FRAME type=DATA ackNum=3 frmNum=4](frmRx=4) Added to rxQueue
[2026-09-13 15:13:25] debug: 	zh:ember:uart:ash: ---> [FRAME type=ACK frmRx=5](ackRx=3)
[2026-09-13 15:13:25] debug: 	zh:ember:ezsp: <=== [CBFRAME: ID=63:"MESSAGE_SENT_HANDLER" Seq=194 Len=22]
[2026-09-13 15:13:25] debug: 	zh:ember:ezsp: ezspMessageSentHandler: status=OK type=DIRECT indexOrDestination=3595 apsFrame={"profileId":260,"clusterId":61184,"sourceEndpoint":1,"destinationEndpoint":1,"options":4352,"groupId":0,"sequence":227} messageTag=33
[2026-09-13 15:13:26] debug: 	zh:ember:uart:ash: <--- [FRAME type=DATA]
[2026-09-13 15:13:26] debug: 	zh:ember:uart:ash: <--- [FRAME type=DATA ackNum=3](ackRx=3 frmTx=3)
[2026-09-13 15:13:26] debug: 	zh:ember:uart:ash: <--- [FRAME type=DATA ackNum=3 frmNum=5](frmRx=5) Added to rxQueue
[2026-09-13 15:13:26] debug: 	zh:ember:uart:ash: ---> [FRAME type=ACK frmRx=6](ackRx=3)
[2026-09-13 15:13:26] debug: 	zh:ember:ezsp: <=== [CBFRAME: ID=69:"INCOMING_MESSAGE_HANDLER" Seq=194 Len=35]
[2026-09-13 15:13:26] debug: 	zh:ember:ezsp: ezspIncomingMessageHandler: type=UNICAST apsFrame={"profileId":260,"clusterId":61184,"sourceEndpoint":1,"destinationEndpoint":1,"options":256,"groupId":0,"sequence":45} packetInfo:{"senderShortId":3595,"senderLongId":"0xffffffffffffffff","bindingIndex":255,"addressIndex":255,"lastHopLqi":136,"lastHopRssi":-66,"lastHopTimestamp":0} messageContents=09290200770104000102
[2026-09-13 15:13:26] debug: 	zh:controller: Received payload: clusterID=61184, address=3595, groupID=0, endpoint=1, destinationEndpoint=1, wasBroadcast=false, linkQuality=136, frame={"header":{"frameControl":{"frameType":1,"manufacturerSpecific":false,"direction":1,"disableDefaultResponse":false,"reservedBits":0},"transactionSequenceNumber":41,"commandIdentifier":2},"payload":{"seq":30464,"dpValues":[{"dp":1,"datatype":4,"data":{"type":"Buffer","data":[2]}}]},"command":{"name":"dataReport","ID":2,"parameters":[{"name":"seq","type":33,"max":65535},{"name":"dpValues","type":1011}]}}
[2026-09-13 15:13:26] debug: 	zh:controller:endpoint: ZCL command 0x94b216fffef3cf25/1 manuSpecificTuya.defaultRsp({"cmdId":2,"statusCode":0}, {"timeout":10000,"disableResponse":false,"disableRecovery":false,"disableDefaultResponse":true,"direction":0,"reservedBits":0,"transactionSequenceNumber":41,"writeUndiv":false})
[2026-09-13 15:13:26] debug: 	zh:ember: ~~~> [ZCL to=0x94b216fffef3cf25:3595 apsFrame={"profileId":260,"clusterId":61184,"sourceEndpoint":1,"destinationEndpoint":1,"options":4352,"groupId":0,"sequence":0} header={"frameControl":{"reservedBits":0,"frameType":0,"direction":0,"disableDefaultResponse":true,"manufacturerSpecific":false},"transactionSequenceNumber":41,"commandIdentifier":11}]
[2026-09-13 15:13:26] debug: 	zh:ember:ezsp: ===> [FRAME: ID=52:"SEND_UNICAST" Seq=195 Len=26]
[2026-09-13 15:13:26] debug: 	zh:ember:uart:ash: ---> [FRAME type=DATA frmTx=3 frmRx=6](ackRx=3)
[2026-09-13 15:13:26] debug: 	z2m: Received Zigbee message from 'Nivelagua', type 'commandDataReport', cluster 'manuSpecificTuya', data '{"dpValues":[{"data":{"data":[2],"type":"Buffer"},"datatype":4,"dp":1}],"seq":30464}' from endpoint 1 with groupID 0
[2026-09-13 15:13:26] info: 	z2m:mqtt: MQTT publish: topic 'zigbee2mqtt/Nivelagua', payload '{"installation_height":0.75,"linkquality":136,"liquid_depth":0.38,"liquid_depth_max":0.28,"liquid_level_percent":81,"liquid_state":"high","max_set":80,"min_set":25}'
[2026-09-13 15:13:26] debug: 	zh:ember:uart:ash: <--- [FRAME type=DATA]
[2026-09-13 15:13:26] debug: 	zh:ember:uart:ash: <--- [FRAME type=DATA ackNum=4](ackRx=3 frmTx=4)
[2026-09-13 15:13:26] debug: 	zh:ember:uart:ash: <--- [FRAME type=DATA ackNum=4 frmNum=6](frmRx=6) Added to rxQueue
[2026-09-13 15:13:26] debug: 	zh:ember:uart:ash: ---> [FRAME type=ACK frmRx=7](ackRx=4)
[2026-09-13 15:13:26] debug: 	zh:ember:ezsp: <=== [FRAME: ID=52:"SEND_UNICAST" Seq=195 Len=7]
[2026-09-13 15:13:26] debug: 	zh:ember:ezsp: ~~~> [SENT type=DIRECT apsSequence=228 messageTag=34 status=OK]
[2026-09-13 15:13:26] debug: 	zh:ember:uart:ash: <--- [FRAME type=DATA]
[2026-09-13 15:13:26] debug: 	zh:ember:uart:ash: <--- [FRAME type=DATA ackNum=4](ackRx=4 frmTx=4)
[2026-09-13 15:13:26] debug: 	zh:ember:uart:ash: <--- [FRAME type=DATA ackNum=4 frmNum=7](frmRx=7) Added to rxQueue
[2026-09-13 15:13:26] debug: 	zh:ember:uart:ash: ---> [FRAME type=ACK frmRx=0](ackRx=4)
[2026-09-13 15:13:26] debug: 	zh:ember:ezsp: <=== [CBFRAME: ID=63:"MESSAGE_SENT_HANDLER" Seq=195 Len=22]
[2026-09-13 15:13:26] debug: 	zh:ember:ezsp: ezspMessageSentHandler: status=OK type=DIRECT indexOrDestination=3595 apsFrame={"profileId":260,"clusterId":61184,"sourceEndpoint":1,"destinationEndpoint":1,"options":4352,"groupId":0,"sequence":228} messageTag=34
[2026-09-13 15:13:26] debug: 	zh:ember:uart:ash: <--- [FRAME type=DATA]
[2026-09-13 15:13:26] debug: 	zh:ember:uart:ash: <--- [FRAME type=DATA ackNum=4](ackRx=4 frmTx=4)
[2026-09-13 15:13:26] debug: 	zh:ember:uart:ash: <--- [FRAME type=DATA ackNum=4 frmNum=0](frmRx=0) Added to rxQueue
[2026-09-13 15:13:26] debug: 	zh:ember:uart:ash: ---> [FRAME type=ACK frmRx=1](ackRx=4)
[2026-09-13 15:13:26] debug: 	zh:ember:ezsp: <=== [CBFRAME: ID=69:"INCOMING_MESSAGE_HANDLER" Seq=195 Len=38]
[2026-09-13 15:13:26] debug: 	zh:ember:ezsp: ezspIncomingMessageHandler: type=UNICAST apsFrame={"profileId":260,"clusterId":61184,"sourceEndpoint":1,"destinationEndpoint":1,"options":256,"groupId":0,"sequence":46} packetInfo:{"senderShortId":3595,"senderLongId":"0xffffffffffffffff","bindingIndex":255,"addressIndex":255,"lastHopLqi":136,"lastHopRssi":-66,"lastHopTimestamp":0} messageContents=092a0200780202000400000026
[2026-09-13 15:13:26] debug: 	zh:controller: Received payload: clusterID=61184, address=3595, groupID=0, endpoint=1, destinationEndpoint=1, wasBroadcast=false, linkQuality=136, frame={"header":{"frameControl":{"frameType":1,"manufacturerSpecific":false,"direction":1,"disableDefaultResponse":false,"reservedBits":0},"transactionSequenceNumber":42,"commandIdentifier":2},"payload":{"seq":30720,"dpValues":[{"dp":2,"datatype":2,"data":{"type":"Buffer","data":[0,0,0,38]}}]},"command":{"name":"dataReport","ID":2,"parameters":[{"name":"seq","type":33,"max":65535},{"name":"dpValues","type":1011}]}}
[2026-09-13 15:13:26] debug: 	zh:controller:endpoint: ZCL command 0x94b216fffef3cf25/1 manuSpecificTuya.defaultRsp({"cmdId":2,"statusCode":0}, {"timeout":10000,"disableResponse":false,"disableRecovery":false,"disableDefaultResponse":true,"direction":0,"reservedBits":0,"transactionSequenceNumber":42,"writeUndiv":false})
[2026-09-13 15:13:26] debug: 	zh:ember: ~~~> [ZCL to=0x94b216fffef3cf25:3595 apsFrame={"profileId":260,"clusterId":61184,"sourceEndpoint":1,"destinationEndpoint":1,"options":4352,"groupId":0,"sequence":0} header={"frameControl":{"reservedBits":0,"frameType":0,"direction":0,"disableDefaultResponse":true,"manufacturerSpecific":false},"transactionSequenceNumber":42,"commandIdentifier":11}]
[2026-09-13 15:13:26] debug: 	zh:ember:ezsp: ===> [FRAME: ID=52:"SEND_UNICAST" Seq=196 Len=26]
[2026-09-13 15:13:26] debug: 	zh:ember:uart:ash: ---> [FRAME type=DATA frmTx=4 frmRx=1](ackRx=4)
[2026-09-13 15:13:26] debug: 	z2m: Received Zigbee message from 'Nivelagua', type 'commandDataReport', cluster 'manuSpecificTuya', data '{"dpValues":[{"data":{"data":[0,0,0,38],"type":"Buffer"},"datatype":2,"dp":2}],"seq":30720}' from endpoint 1 with groupID 0
[2026-09-13 15:13:26] info: 	z2m:mqtt: MQTT publish: topic 'zigbee2mqtt/Nivelagua', payload '{"installation_height":0.75,"linkquality":136,"liquid_depth":0.38,"liquid_depth_max":0.28,"liquid_level_percent":81,"liquid_state":"high","max_set":80,"min_set":25}'
[2026-09-13 15:13:26] debug: 	zh:ember:uart:ash: <--- [FRAME type=DATA]
[2026-09-13 15:13:26] debug: 	zh:ember:uart:ash: <--- [FRAME type=DATA ackNum=5](ackRx=4 frmTx=5)
[2026-09-13 15:13:26] debug: 	zh:ember:uart:ash: <--- [FRAME type=DATA ackNum=5 frmNum=1](frmRx=1) Added to rxQueue
[2026-09-13 15:13:26] debug: 	zh:ember:uart:ash: ---> [FRAME type=ACK frmRx=2](ackRx=5)
[2026-09-13 15:13:26] debug: 	zh:ember:ezsp: <=== [FRAME: ID=52:"SEND_UNICAST" Seq=196 Len=7]
[2026-09-13 15:13:26] debug: 	zh:ember:ezsp: ~~~> [SENT type=DIRECT apsSequence=229 messageTag=35 status=OK]
[2026-09-13 15:13:26] debug: 	zh:ember:uart:ash: <--- [FRAME type=DATA]
[2026-09-13 15:13:26] debug: 	zh:ember:uart:ash: <--- [FRAME type=DATA ackNum=5](ackRx=5 frmTx=5)
[2026-09-13 15:13:26] debug: 	zh:ember:uart:ash: <--- [FRAME type=DATA ackNum=5 frmNum=2](frmRx=2) Added to rxQueue
[2026-09-13 15:13:26] debug: 	zh:ember:uart:ash: ---> [FRAME type=ACK frmRx=3](ackRx=5)
[2026-09-13 15:13:26] debug: 	zh:ember:ezsp: <=== [CBFRAME: ID=63:"MESSAGE_SENT_HANDLER" Seq=196 Len=22]
[2026-09-13 15:13:26] debug: 	zh:ember:ezsp: ezspMessageSentHandler: status=OK type=DIRECT indexOrDestination=3595 apsFrame={"profileId":260,"clusterId":61184,"sourceEndpoint":1,"destinationEndpoint":1,"options":4352,"groupId":0,"sequence":229} messageTag=35
[2026-09-13 15:13:26] debug: 	zh:ember:uart:ash: <--- [FRAME type=DATA]
[2026-09-13 15:13:26] debug: 	zh:ember:uart:ash: <--- [FRAME type=DATA ackNum=5](ackRx=5 frmTx=5)
[2026-09-13 15:13:26] debug: 	zh:ember:uart:ash: <--- [FRAME type=DATA ackNum=5 frmNum=3](frmRx=3) Added to rxQueue
[2026-09-13 15:13:26] debug: 	zh:ember:uart:ash: ---> [FRAME type=ACK frmRx=4](ackRx=5)
[2026-09-13 15:13:26] debug: 	zh:ember:ezsp: <=== [CBFRAME: ID=69:"INCOMING_MESSAGE_HANDLER" Seq=196 Len=38]
[2026-09-13 15:13:26] debug: 	zh:ember:ezsp: ezspIncomingMessageHandler: type=UNICAST apsFrame={"profileId":260,"clusterId":61184,"sourceEndpoint":1,"destinationEndpoint":1,"options":256,"groupId":0,"sequence":47} packetInfo:{"senderShortId":3595,"senderLongId":"0xffffffffffffffff","bindingIndex":255,"addressIndex":255,"lastHopLqi":136,"lastHopRssi":-66,"lastHopTimestamp":0} messageContents=092b0200791602000400000051
[2026-09-13 15:13:26] debug: 	zh:controller: Received payload: clusterID=61184, address=3595, groupID=0, endpoint=1, destinationEndpoint=1, wasBroadcast=false, linkQuality=136, frame={"header":{"frameControl":{"frameType":1,"manufacturerSpecific":false,"direction":1,"disableDefaultResponse":false,"reservedBits":0},"transactionSequenceNumber":43,"commandIdentifier":2},"payload":{"seq":30976,"dpValues":[{"dp":22,"datatype":2,"data":{"type":"Buffer","data":[0,0,0,81]}}]},"command":{"name":"dataReport","ID":2,"parameters":[{"name":"seq","type":33,"max":65535},{"name":"dpValues","type":1011}]}}
[2026-09-13 15:13:26] debug: 	zh:controller:endpoint: ZCL command 0x94b216fffef3cf25/1 manuSpecificTuya.defaultRsp({"cmdId":2,"statusCode":0}, {"timeout":10000,"disableResponse":false,"disableRecovery":false,"disableDefaultResponse":true,"direction":0,"reservedBits":0,"transactionSequenceNumber":43,"writeUndiv":false})
[2026-09-13 15:13:26] debug: 	zh:ember: ~~~> [ZCL to=0x94b216fffef3cf25:3595 apsFrame={"profileId":260,"clusterId":61184,"sourceEndpoint":1,"destinationEndpoint":1,"options":4352,"groupId":0,"sequence":0} header={"frameControl":{"reservedBits":0,"frameType":0,"direction":0,"disableDefaultResponse":true,"manufacturerSpecific":false},"transactionSequenceNumber":43,"commandIdentifier":11}]
[2026-09-13 15:13:26] debug: 	zh:ember:ezsp: ===> [FRAME: ID=52:"SEND_UNICAST" Seq=197 Len=26]
[2026-09-13 15:13:26] debug: 	zh:ember:uart:ash: ---> [FRAME type=DATA frmTx=5 frmRx=4](ackRx=5)
[2026-09-13 15:13:26] debug: 	z2m: Received Zigbee message from 'Nivelagua', type 'commandDataReport', cluster 'manuSpecificTuya', data '{"dpValues":[{"data":{"data":[0,0,0,81],"type":"Buffer"},"datatype":2,"dp":22}],"seq":30976}' from endpoint 1 with groupID 0
[2026-09-13 15:13:26] info: 	z2m:mqtt: MQTT publish: topic 'zigbee2mqtt/Nivelagua', payload '{"installation_height":0.75,"linkquality":136,"liquid_depth":0.38,"liquid_depth_max":0.28,"liquid_level_percent":81,"liquid_state":"high","max_set":80,"min_set":25}'
[2026-09-13 15:13:26] debug: 	zh:ember:uart:ash: <--- [FRAME type=DATA]
[2026-09-13 15:13:26] debug: 	zh:ember:uart:ash: <--- [FRAME type=DATA ackNum=6](ackRx=5 frmTx=6)
[2026-09-13 15:13:26] debug: 	zh:ember:uart:ash: <--- [FRAME type=DATA ackNum=6 frmNum=4](frmRx=4) Added to rxQueue
[2026-09-13 15:13:26] debug: 	zh:ember:uart:ash: ---> [FRAME type=ACK frmRx=5](ackRx=6)
[2026-09-13 15:13:26] debug: 	zh:ember:ezsp: <=== [FRAME: ID=52:"SEND_UNICAST" Seq=197 Len=7]
[2026-09-13 15:13:26] debug: 	zh:ember:ezsp: ~~~> [SENT type=DIRECT apsSequence=230 messageTag=36 status=OK]
[2026-09-13 15:13:26] debug: 	zh:ember:uart:ash: <--- [FRAME type=DATA]
[2026-09-13 15:13:26] debug: 	zh:ember:uart:ash: <--- [FRAME type=DATA ackNum=6](ackRx=6 frmTx=6)
[2026-09-13 15:13:26] debug: 	zh:ember:uart:ash: <--- [FRAME type=DATA ackNum=6 frmNum=5](frmRx=5) Added to rxQueue
[2026-09-13 15:13:26] debug: 	zh:ember:uart:ash: ---> [FRAME type=ACK frmRx=6](ackRx=6)
[2026-09-13 15:13:26] debug: 	zh:ember:ezsp: <=== [CBFRAME: ID=63:"MESSAGE_SENT_HANDLER" Seq=197 Len=22]
[2026-09-13 15:13:26] debug: 	zh:ember:ezsp: ezspMessageSentHandler: status=OK type=DIRECT indexOrDestination=3595 apsFrame={"profileId":260,"clusterId":61184,"sourceEndpoint":1,"destinationEndpoint":1,"options":4352,"groupId":0,"sequence":230} messageTag=36
[2026-09-13 15:13:27] debug: 	zh:ember:uart:ash: <--- [FRAME type=DATA]
[2026-09-13 15:13:27] debug: 	zh:ember:uart:ash: <--- [FRAME type=DATA ackNum=6](ackRx=6 frmTx=6)
[2026-09-13 15:13:27] debug: 	zh:ember:uart:ash: <--- [FRAME type=DATA ackNum=6 frmNum=6](frmRx=6) Added to rxQueue
[2026-09-13 15:13:27] debug: 	zh:ember:uart:ash: ---> [FRAME type=ACK frmRx=7](ackRx=6)
[2026-09-13 15:13:27] debug: 	zh:ember:ezsp: <=== [CBFRAME: ID=69:"INCOMING_MESSAGE_HANDLER" Seq=197 Len=35]
[2026-09-13 15:13:27] debug: 	zh:ember:ezsp: ezspIncomingMessageHandler: type=UNICAST apsFrame={"profileId":260,"clusterId":61184,"sourceEndpoint":1,"destinationEndpoint":1,"options":256,"groupId":0,"sequence":48} packetInfo:{"senderShortId":3595,"senderLongId":"0xffffffffffffffff","bindingIndex":255,"addressIndex":255,"lastHopLqi":136,"lastHopRssi":-66,"lastHopTimestamp":0} messageContents=092c02007a0104000102
[2026-09-13 15:13:27] debug: 	zh:controller: Received payload: clusterID=61184, address=3595, groupID=0, endpoint=1, destinationEndpoint=1, wasBroadcast=false, linkQuality=136, frame={"header":{"frameControl":{"frameType":1,"manufacturerSpecific":false,"direction":1,"disableDefaultResponse":false,"reservedBits":0},"transactionSequenceNumber":44,"commandIdentifier":2},"payload":{"seq":31232,"dpValues":[{"dp":1,"datatype":4,"data":{"type":"Buffer","data":[2]}}]},"command":{"name":"dataReport","ID":2,"parameters":[{"name":"seq","type":33,"max":65535},{"name":"dpValues","type":1011}]}}
[2026-09-13 15:13:27] debug: 	zh:controller:endpoint: ZCL command 0x94b216fffef3cf25/1 manuSpecificTuya.defaultRsp({"cmdId":2,"statusCode":0}, {"timeout":10000,"disableResponse":false,"disableRecovery":false,"disableDefaultResponse":true,"direction":0,"reservedBits":0,"transactionSequenceNumber":44,"writeUndiv":false})
[2026-09-13 15:13:27] debug: 	zh:ember: ~~~> [ZCL to=0x94b216fffef3cf25:3595 apsFrame={"profileId":260,"clusterId":61184,"sourceEndpoint":1,"destinationEndpoint":1,"options":4352,"groupId":0,"sequence":0} header={"frameControl":{"reservedBits":0,"frameType":0,"direction":0,"disableDefaultResponse":true,"manufacturerSpecific":false},"transactionSequenceNumber":44,"commandIdentifier":11}]
[2026-09-13 15:13:27] debug: 	zh:ember:ezsp: ===> [FRAME: ID=52:"SEND_UNICAST" Seq=198 Len=26]
[2026-09-13 15:13:27] debug: 	zh:ember:uart:ash: ---> [FRAME type=DATA frmTx=6 frmRx=7](ackRx=6)
[2026-09-13 15:13:27] debug: 	z2m: Received Zigbee message from 'Nivelagua', type 'commandDataReport', cluster 'manuSpecificTuya', data '{"dpValues":[{"data":{"data":[2],"type":"Buffer"},"datatype":4,"dp":1}],"seq":31232}' from endpoint 1 with groupID 0
[2026-09-13 15:13:27] info: 	z2m:mqtt: MQTT publish: topic 'zigbee2mqtt/Nivelagua', payload '{"installation_height":0.75,"linkquality":136,"liquid_depth":0.38,"liquid_depth_max":0.28,"liquid_level_percent":81,"liquid_state":"high","max_set":80,"min_set":25}'
[2026-09-13 15:13:27] debug: 	zh:ember:uart:ash: <--- [FRAME type=DATA]
[2026-09-13 15:13:27] debug: 	zh:ember:uart:ash: <--- [FRAME type=DATA ackNum=7](ackRx=6 frmTx=7)
[2026-09-13 15:13:27] debug: 	zh:ember:uart:ash: <--- [FRAME type=DATA ackNum=7 frmNum=7](frmRx=7) Added to rxQueue
[2026-09-13 15:13:27] debug: 	zh:ember:uart:ash: ---> [FRAME type=ACK frmRx=0](ackRx=7)
[2026-09-13 15:13:27] debug: 	zh:ember:ezsp: <=== [FRAME: ID=52:"SEND_UNICAST" Seq=198 Len=7]
[2026-09-13 15:13:27] debug: 	zh:ember:ezsp: ~~~> [SENT type=DIRECT apsSequence=231 messageTag=37 status=OK]
[2026-09-13 15:13:27] debug: 	zh:ember:uart:ash: <--- [FRAME type=DATA]
[2026-09-13 15:13:27] debug: 	zh:ember:uart:ash: <--- [FRAME type=DATA ackNum=7](ackRx=7 frmTx=7)
[2026-09-13 15:13:27] debug: 	zh:ember:uart:ash: <--- [FRAME type=DATA ackNum=7 frmNum=0](frmRx=0) Added to rxQueue
[2026-09-13 15:13:27] debug: 	zh:ember:uart:ash: ---> [FRAME type=ACK frmRx=1](ackRx=7)
[2026-09-13 15:13:27] debug: 	zh:ember:ezsp: <=== [CBFRAME: ID=63:"MESSAGE_SENT_HANDLER" Seq=198 Len=22]
[2026-09-13 15:13:27] debug: 	zh:ember:ezsp: ezspMessageSentHandler: status=OK type=DIRECT indexOrDestination=3595 apsFrame={"profileId":260,"clusterId":61184,"sourceEndpoint":1,"destinationEndpoint":1,"options":4352,"groupId":0,"sequence":231} messageTag=37
[2026-09-13 15:13:27] debug: 	zh:ember:uart:ash: <--- [FRAME type=DATA]
[2026-09-13 15:13:27] debug: 	zh:ember:uart:ash: <--- [FRAME type=DATA ackNum=7](ackRx=7 frmTx=7)
[2026-09-13 15:13:27] debug: 	zh:ember:uart:ash: <--- [FRAME type=DATA ackNum=7 frmNum=1](frmRx=1) Added to rxQueue
[2026-09-13 15:13:27] debug: 	zh:ember:uart:ash: ---> [FRAME type=ACK frmRx=2](ackRx=7)
[2026-09-13 15:13:27] debug: 	zh:ember:ezsp: <=== [CBFRAME: ID=69:"INCOMING_MESSAGE_HANDLER" Seq=198 Len=38]
[2026-09-13 15:13:27] debug: 	zh:ember:ezsp: ezspIncomingMessageHandler: type=UNICAST apsFrame={"profileId":260,"clusterId":61184,"sourceEndpoint":1,"destinationEndpoint":1,"options":256,"groupId":0,"sequence":49} packetInfo:{"senderShortId":3595,"senderLongId":"0xffffffffffffffff","bindingIndex":255,"addressIndex":255,"lastHopLqi":136,"lastHopRssi":-66,"lastHopTimestamp":0} messageContents=092d02007b0202000400000026
[2026-09-13 15:13:27] debug: 	zh:controller: Received payload: clusterID=61184, address=3595, groupID=0, endpoint=1, destinationEndpoint=1, wasBroadcast=false, linkQuality=136, frame={"header":{"frameControl":{"frameType":1,"manufacturerSpecific":false,"direction":1,"disableDefaultResponse":false,"reservedBits":0},"transactionSequenceNumber":45,"commandIdentifier":2},"payload":{"seq":31488,"dpValues":[{"dp":2,"datatype":2,"data":{"type":"Buffer","data":[0,0,0,38]}}]},"command":{"name":"dataReport","ID":2,"parameters":[{"name":"seq","type":33,"max":65535},{"name":"dpValues","type":1011}]}}
[2026-09-13 15:13:27] debug: 	zh:controller:endpoint: ZCL command 0x94b216fffef3cf25/1 manuSpecificTuya.defaultRsp({"cmdId":2,"statusCode":0}, {"timeout":10000,"disableResponse":false,"disableRecovery":false,"disableDefaultResponse":true,"direction":0,"reservedBits":0,"transactionSequenceNumber":45,"writeUndiv":false})
[2026-09-13 15:13:27] debug: 	zh:ember: ~~~> [ZCL to=0x94b216fffef3cf25:3595 apsFrame={"profileId":260,"clusterId":61184,"sourceEndpoint":1,"destinationEndpoint":1,"options":4352,"groupId":0,"sequence":0} header={"frameControl":{"reservedBits":0,"frameType":0,"direction":0,"disableDefaultResponse":true,"manufacturerSpecific":false},"transactionSequenceNumber":45,"commandIdentifier":11}]
[2026-09-13 15:13:27] debug: 	zh:ember:ezsp: ===> [FRAME: ID=52:"SEND_UNICAST" Seq=199 Len=26]
[2026-09-13 15:13:27] debug: 	zh:ember:uart:ash: ---> [FRAME type=DATA frmTx=7 frmRx=2](ackRx=7)
[2026-09-13 15:13:27] debug: 	z2m: Received Zigbee message from 'Nivelagua', type 'commandDataReport', cluster 'manuSpecificTuya', data '{"dpValues":[{"data":{"data":[0,0,0,38],"type":"Buffer"},"datatype":2,"dp":2}],"seq":31488}' from endpoint 1 with groupID 0
[2026-09-13 15:13:27] info: 	z2m:mqtt: MQTT publish: topic 'zigbee2mqtt/Nivelagua', payload '{"installation_height":0.75,"linkquality":136,"liquid_depth":0.38,"liquid_depth_max":0.28,"liquid_level_percent":81,"liquid_state":"high","max_set":80,"min_set":25}'
[2026-09-13 15:13:27] debug: 	zh:ember:uart:ash: <--- [FRAME type=DATA]
[2026-09-13 15:13:27] debug: 	zh:ember:uart:ash: <--- [FRAME type=DATA ackNum=0](ackRx=7 frmTx=0)
[2026-09-13 15:13:27] debug: 	zh:ember:uart:ash: <--- [FRAME type=DATA ackNum=0 frmNum=2](frmRx=2) Added to rxQueue
[2026-09-13 15:13:27] debug: 	zh:ember:uart:ash: ---> [FRAME type=ACK frmRx=3](ackRx=0)
[2026-09-13 15:13:27] debug: 	zh:ember:ezsp: <=== [FRAME: ID=52:"SEND_UNICAST" Seq=199 Len=7]
[2026-09-13 15:13:27] debug: 	zh:ember:ezsp: ~~~> [SENT type=DIRECT apsSequence=232 messageTag=38 status=OK]
[2026-09-13 15:13:27] debug: 	zh:ember:uart:ash: <--- [FRAME type=DATA]
[2026-09-13 15:13:27] debug: 	zh:ember:uart:ash: <--- [FRAME type=DATA ackNum=0](ackRx=0 frmTx=0)
[2026-09-13 15:13:27] debug: 	zh:ember:uart:ash: <--- [FRAME type=DATA ackNum=0 frmNum=3](frmRx=3) Added to rxQueue
[2026-09-13 15:13:27] debug: 	zh:ember:uart:ash: ---> [FRAME type=ACK frmRx=4](ackRx=0)
[2026-09-13 15:13:27] debug: 	zh:ember:ezsp: <=== [CBFRAME: ID=63:"MESSAGE_SENT_HANDLER" Seq=199 Len=22]
[2026-09-13 15:13:27] debug: 	zh:ember:ezsp: ezspMessageSentHandler: status=OK type=DIRECT indexOrDestination=3595 apsFrame={"profileId":260,"clusterId":61184,"sourceEndpoint":1,"destinationEndpoint":1,"options":4352,"groupId":0,"sequence":232} messageTag=38
[2026-09-13 15:13:27] debug: 	zh:ember:uart:ash: <--- [FRAME type=DATA]
[2026-09-13 15:13:27] debug: 	zh:ember:uart:ash: <--- [FRAME type=DATA ackNum=0](ackRx=0 frmTx=0)
[2026-09-13 15:13:27] debug: 	zh:ember:uart:ash: <--- [FRAME type=DATA ackNum=0 frmNum=4](frmRx=4) Added to rxQueue
[2026-09-13 15:13:27] debug: 	zh:ember:uart:ash: ---> [FRAME type=ACK frmRx=5](ackRx=0)
[2026-09-13 15:13:27] debug: 	zh:ember:ezsp: <=== [CBFRAME: ID=69:"INCOMING_MESSAGE_HANDLER" Seq=199 Len=38]
[2026-09-13 15:13:27] debug: 	zh:ember:ezsp: ezspIncomingMessageHandler: type=UNICAST apsFrame={"profileId":260,"clusterId":61184,"sourceEndpoint":1,"destinationEndpoint":1,"options":256,"groupId":0,"sequence":50} packetInfo:{"senderShortId":3595,"senderLongId":"0xffffffffffffffff","bindingIndex":255,"addressIndex":255,"lastHopLqi":136,"lastHopRssi":-66,"lastHopTimestamp":0} messageContents=092e02007c1602000400000051
[2026-09-13 15:13:27] debug: 	zh:controller: Received payload: clusterID=61184, address=3595, groupID=0, endpoint=1, destinationEndpoint=1, wasBroadcast=false, linkQuality=136, frame={"header":{"frameControl":{"frameType":1,"manufacturerSpecific":false,"direction":1,"disableDefaultResponse":false,"reservedBits":0},"transactionSequenceNumber":46,"commandIdentifier":2},"payload":{"seq":31744,"dpValues":[{"dp":22,"datatype":2,"data":{"type":"Buffer","data":[0,0,0,81]}}]},"command":{"name":"dataReport","ID":2,"parameters":[{"name":"seq","type":33,"max":65535},{"name":"dpValues","type":1011}]}}
[2026-09-13 15:13:27] debug: 	zh:controller:endpoint: ZCL command 0x94b216fffef3cf25/1 manuSpecificTuya.defaultRsp({"cmdId":2,"statusCode":0}, {"timeout":10000,"disableResponse":false,"disableRecovery":false,"disableDefaultResponse":true,"direction":0,"reservedBits":0,"transactionSequenceNumber":46,"writeUndiv":false})
[2026-09-13 15:13:27] debug: 	zh:ember: ~~~> [ZCL to=0x94b216fffef3cf25:3595 apsFrame={"profileId":260,"clusterId":61184,"sourceEndpoint":1,"destinationEndpoint":1,"options":4352,"groupId":0,"sequence":0} header={"frameControl":{"reservedBits":0,"frameType":0,"direction":0,"disableDefaultResponse":true,"manufacturerSpecific":false},"transactionSequenceNumber":46,"commandIdentifier":11}]
[2026-09-13 15:13:27] debug: 	zh:ember:ezsp: ===> [FRAME: ID=52:"SEND_UNICAST" Seq=200 Len=26]
[2026-09-13 15:13:27] debug: 	zh:ember:uart:ash: ---> [FRAME type=DATA frmTx=0 frmRx=5](ackRx=0)
[2026-09-13 15:13:27] debug: 	z2m: Received Zigbee message from 'Nivelagua', type 'commandDataReport', cluster 'manuSpecificTuya', data '{"dpValues":[{"data":{"data":[0,0,0,81],"type":"Buffer"},"datatype":2,"dp":22}],"seq":31744}' from endpoint 1 with groupID 0
[2026-09-13 15:13:27] info: 	z2m:mqtt: MQTT publish: topic 'zigbee2mqtt/Nivelagua', payload '{"installation_height":0.75,"linkquality":136,"liquid_depth":0.38,"liquid_depth_max":0.28,"liquid_level_percent":81,"liquid_state":"high","max_set":80,"min_set":25}'
[2026-09-13 15:13:27] debug: 	zh:ember:uart:ash: <--- [FRAME type=DATA]
[2026-09-13 15:13:27] debug: 	zh:ember:uart:ash: <--- [FRAME type=DATA ackNum=1](ackRx=0 frmTx=1)
[2026-09-13 15:13:27] debug: 	zh:ember:uart:ash: <--- [FRAME type=DATA ackNum=1 frmNum=5](frmRx=5) Added to rxQueue
[2026-09-13 15:13:27] debug: 	zh:ember:uart:ash: ---> [FRAME type=ACK frmRx=6](ackRx=1)
[2026-09-13 15:13:27] debug: 	zh:ember:ezsp: <=== [FRAME: ID=52:"SEND_UNICAST" Seq=200 Len=7]
[2026-09-13 15:13:27] debug: 	zh:ember:ezsp: ~~~> [SENT type=DIRECT apsSequence=233 messageTag=39 status=OK]
[2026-09-13 15:13:27] debug: 	zh:ember:uart:ash: <--- [FRAME type=DATA]
[2026-09-13 15:13:27] debug: 	zh:ember:uart:ash: <--- [FRAME type=DATA ackNum=1](ackRx=1 frmTx=1)
[2026-09-13 15:13:27] debug: 	zh:ember:uart:ash: <--- [FRAME type=DATA ackNum=1 frmNum=6](frmRx=6) Added to rxQueue
[2026-09-13 15:13:27] debug: 	zh:ember:uart:ash: ---> [FRAME type=ACK frmRx=7](ackRx=1)
[2026-09-13 15:13:27] debug: 	zh:ember:ezsp: <=== [CBFRAME: ID=63:"MESSAGE_SENT_HANDLER" Seq=200 Len=22]
[2026-09-13 15:13:27] debug: 	zh:ember:ezsp: ezspMessageSentHandler: status=OK type=DIRECT indexOrDestination=3595 apsFrame={"profileId":260,"clusterId":61184,"sourceEndpoint":1,"destinationEndpoint":1,"options":4352,"groupId":0,"sequence":233} messageTag=39
[2026-09-13 15:13:28] debug: 	zh:ember:uart:ash: <--- [FRAME type=DATA]
[2026-09-13 15:13:28] debug: 	zh:ember:uart:ash: <--- [FRAME type=DATA ackNum=1](ackRx=1 frmTx=1)
[2026-09-13 15:13:28] debug: 	zh:ember:uart:ash: <--- [FRAME type=DATA ackNum=1 frmNum=7](frmRx=7) Added to rxQueue
[2026-09-13 15:13:28] debug: 	zh:ember:uart:ash: ---> [FRAME type=ACK frmRx=0](ackRx=1)
[2026-09-13 15:13:28] debug: 	zh:ember:ezsp: <=== [CBFRAME: ID=69:"INCOMING_MESSAGE_HANDLER" Seq=200 Len=35]
[2026-09-13 15:13:28] debug: 	zh:ember:ezsp: ezspIncomingMessageHandler: type=UNICAST apsFrame={"profileId":260,"clusterId":61184,"sourceEndpoint":1,"destinationEndpoint":1,"options":256,"groupId":0,"sequence":51} packetInfo:{"senderShortId":3595,"senderLongId":"0xffffffffffffffff","bindingIndex":255,"addressIndex":255,"lastHopLqi":136,"lastHopRssi":-66,"lastHopTimestamp":0} messageContents=092f02007d0104000102
[2026-09-13 15:13:28] debug: 	zh:controller: Received payload: clusterID=61184, address=3595, groupID=0, endpoint=1, destinationEndpoint=1, wasBroadcast=false, linkQuality=136, frame={"header":{"frameControl":{"frameType":1,"manufacturerSpecific":false,"direction":1,"disableDefaultResponse":false,"reservedBits":0},"transactionSequenceNumber":47,"commandIdentifier":2},"payload":{"seq":32000,"dpValues":[{"dp":1,"datatype":4,"data":{"type":"Buffer","data":[2]}}]},"command":{"name":"dataReport","ID":2,"parameters":[{"name":"seq","type":33,"max":65535},{"name":"dpValues","type":1011}]}}
[2026-09-13 15:13:28] debug: 	zh:controller:endpoint: ZCL command 0x94b216fffef3cf25/1 manuSpecificTuya.defaultRsp({"cmdId":2,"statusCode":0}, {"timeout":10000,"disableResponse":false,"disableRecovery":false,"disableDefaultResponse":true,"direction":0,"reservedBits":0,"transactionSequenceNumber":47,"writeUndiv":false})
[2026-09-13 15:13:28] debug: 	zh:ember: ~~~> [ZCL to=0x94b216fffef3cf25:3595 apsFrame={"profileId":260,"clusterId":61184,"sourceEndpoint":1,"destinationEndpoint":1,"options":4352,"groupId":0,"sequence":0} header={"frameControl":{"reservedBits":0,"frameType":0,"direction":0,"disableDefaultResponse":true,"manufacturerSpecific":false},"transactionSequenceNumber":47,"commandIdentifier":11}]
[2026-09-13 15:13:28] debug: 	zh:ember:ezsp: ===> [FRAME: ID=52:"SEND_UNICAST" Seq=201 Len=26]
[2026-09-13 15:13:28] debug: 	zh:ember:uart:ash: ---> [FRAME type=DATA frmTx=1 frmRx=0](ackRx=1)
[2026-09-13 15:13:28] debug: 	z2m: Received Zigbee message from 'Nivelagua', type 'commandDataReport', cluster 'manuSpecificTuya', data '{"dpValues":[{"data":{"data":[2],"type":"Buffer"},"datatype":4,"dp":1}],"seq":32000}' from endpoint 1 with groupID 0
[2026-09-13 15:13:28] info: 	z2m:mqtt: MQTT publish: topic 'zigbee2mqtt/Nivelagua', payload '{"installation_height":0.75,"linkquality":136,"liquid_depth":0.38,"liquid_depth_max":0.28,"liquid_level_percent":81,"liquid_state":"high","max_set":80,"min_set":25}'
[2026-09-13 15:13:28] debug: 	zh:ember:uart:ash: <--- [FRAME type=DATA]
[2026-09-13 15:13:28] debug: 	zh:ember:uart:ash: <--- [FRAME type=DATA ackNum=2](ackRx=1 frmTx=2)
[2026-09-13 15:13:28] debug: 	zh:ember:uart:ash: <--- [FRAME type=DATA ackNum=2 frmNum=0](frmRx=0) Added to rxQueue
[2026-09-13 15:13:28] debug: 	zh:ember:uart:ash: ---> [FRAME type=ACK frmRx=1](ackRx=2)
[2026-09-13 15:13:28] debug: 	zh:ember:ezsp: <=== [FRAME: ID=52:"SEND_UNICAST" Seq=201 Len=7]
[2026-09-13 15:13:28] debug: 	zh:ember:ezsp: ~~~> [SENT type=DIRECT apsSequence=234 messageTag=40 status=OK]
[2026-09-13 15:13:28] debug: 	zh:ember:uart:ash: <--- [FRAME type=DATA]
[2026-09-13 15:13:28] debug: 	zh:ember:uart:ash: <--- [FRAME type=DATA ackNum=2](ackRx=2 frmTx=2)
[2026-09-13 15:13:28] debug: 	zh:ember:uart:ash: <--- [FRAME type=DATA ackNum=2 frmNum=1](frmRx=1) Added to rxQueue
[2026-09-13 15:13:28] debug: 	zh:ember:uart:ash: ---> [FRAME type=ACK frmRx=2](ackRx=2)
[2026-09-13 15:13:28] debug: 	zh:ember:ezsp: <=== [CBFRAME: ID=63:"MESSAGE_SENT_HANDLER" Seq=201 Len=22]
[2026-09-13 15:13:28] debug: 	zh:ember:ezsp: ezspMessageSentHandler: status=OK type=DIRECT indexOrDestination=3595 apsFrame={"profileId":260,"clusterId":61184,"sourceEndpoint":1,"destinationEndpoint":1,"options":4352,"groupId":0,"sequence":234} messageTag=40
[2026-09-13 15:13:28] debug: 	zh:ember:uart:ash: <--- [FRAME type=DATA]
[2026-09-13 15:13:28] debug: 	zh:ember:uart:ash: <--- [FRAME type=DATA ackNum=2](ackRx=2 frmTx=2)
[2026-09-13 15:13:28] debug: 	zh:ember:uart:ash: <--- [FRAME type=DATA ackNum=2 frmNum=2](frmRx=2) Added to rxQueue
[2026-09-13 15:13:28] debug: 	zh:ember:uart:ash: ---> [FRAME type=ACK frmRx=3](ackRx=2)
[2026-09-13 15:13:28] debug: 	zh:ember:ezsp: <=== [CBFRAME: ID=69:"INCOMING_MESSAGE_HANDLER" Seq=201 Len=38]
[2026-09-13 15:13:28] debug: 	zh:ember:ezsp: ezspIncomingMessageHandler: type=UNICAST apsFrame={"profileId":260,"clusterId":61184,"sourceEndpoint":1,"destinationEndpoint":1,"options":256,"groupId":0,"sequence":52} packetInfo:{"senderShortId":3595,"senderLongId":"0xffffffffffffffff","bindingIndex":255,"addressIndex":255,"lastHopLqi":136,"lastHopRssi":-66,"lastHopTimestamp":0} messageContents=093002007e0202000400000026
[2026-09-13 15:13:28] debug: 	zh:controller: Received payload: clusterID=61184, address=3595, groupID=0, endpoint=1, destinationEndpoint=1, wasBroadcast=false, linkQuality=136, frame={"header":{"frameControl":{"frameType":1,"manufacturerSpecific":false,"direction":1,"disableDefaultResponse":false,"reservedBits":0},"transactionSequenceNumber":48,"commandIdentifier":2},"payload":{"seq":32256,"dpValues":[{"dp":2,"datatype":2,"data":{"type":"Buffer","data":[0,0,0,38]}}]},"command":{"name":"dataReport","ID":2,"parameters":[{"name":"seq","type":33,"max":65535},{"name":"dpValues","type":1011}]}}
[2026-09-13 15:13:28] debug: 	zh:controller:endpoint: ZCL command 0x94b216fffef3cf25/1 manuSpecificTuya.defaultRsp({"cmdId":2,"statusCode":0}, {"timeout":10000,"disableResponse":false,"disableRecovery":false,"disableDefaultResponse":true,"direction":0,"reservedBits":0,"transactionSequenceNumber":48,"writeUndiv":false})
[2026-09-13 15:13:28] debug: 	zh:ember: ~~~> [ZCL to=0x94b216fffef3cf25:3595 apsFrame={"profileId":260,"clusterId":61184,"sourceEndpoint":1,"destinationEndpoint":1,"options":4352,"groupId":0,"sequence":0} header={"frameControl":{"reservedBits":0,"frameType":0,"direction":0,"disableDefaultResponse":true,"manufacturerSpecific":false},"transactionSequenceNumber":48,"commandIdentifier":11}]
[2026-09-13 15:13:28] debug: 	zh:ember:ezsp: ===> [FRAME: ID=52:"SEND_UNICAST" Seq=202 Len=26]
[2026-09-13 15:13:28] debug: 	zh:ember:uart:ash: ---> [FRAME type=DATA frmTx=2 frmRx=3](ackRx=2)
[2026-09-13 15:13:28] debug: 	z2m: Received Zigbee message from 'Nivelagua', type 'commandDataReport', cluster 'manuSpecificTuya', data '{"dpValues":[{"data":{"data":[0,0,0,38],"type":"Buffer"},"datatype":2,"dp":2}],"seq":32256}' from endpoint 1 with groupID 0
[2026-09-13 15:13:28] info: 	z2m:mqtt: MQTT publish: topic 'zigbee2mqtt/Nivelagua', payload '{"installation_height":0.75,"linkquality":136,"liquid_depth":0.38,"liquid_depth_max":0.28,"liquid_level_percent":81,"liquid_state":"high","max_set":80,"min_set":25}'
[2026-09-13 15:13:28] debug: 	zh:ember:uart:ash: <--- [FRAME type=DATA]
[2026-09-13 15:13:28] debug: 	zh:ember:uart:ash: <--- [FRAME type=DATA ackNum=3](ackRx=2 frmTx=3)
[2026-09-13 15:13:28] debug: 	zh:ember:uart:ash: <--- [FRAME type=DATA ackNum=3 frmNum=3](frmRx=3) Added to rxQueue
[2026-09-13 15:13:28] debug: 	zh:ember:uart:ash: ---> [FRAME type=ACK frmRx=4](ackRx=3)
[2026-09-13 15:13:28] debug: 	zh:ember:ezsp: <=== [FRAME: ID=52:"SEND_UNICAST" Seq=202 Len=7]
[2026-09-13 15:13:28] debug: 	zh:ember:ezsp: ~~~> [SENT type=DIRECT apsSequence=235 messageTag=41 status=OK]
[2026-09-13 15:13:28] debug: 	zh:ember:uart:ash: <--- [FRAME type=DATA]
[2026-09-13 15:13:28] debug: 	zh:ember:uart:ash: <--- [FRAME type=DATA ackNum=3](ackRx=3 frmTx=3)
[2026-09-13 15:13:28] debug: 	zh:ember:uart:ash: <--- [FRAME type=DATA ackNum=3 frmNum=4](frmRx=4) Added to rxQueue
[2026-09-13 15:13:28] debug: 	zh:ember:uart:ash: ---> [FRAME type=ACK frmRx=5](ackRx=3)
[2026-09-13 15:13:28] debug: 	zh:ember:ezsp: <=== [CBFRAME: ID=63:"MESSAGE_SENT_HANDLER" Seq=202 Len=22]
[2026-09-13 15:13:28] debug: 	zh:ember:ezsp: ezspMessageSentHandler: status=OK type=DIRECT indexOrDestination=3595 apsFrame={"profileId":260,"clusterId":61184,"sourceEndpoint":1,"destinationEndpoint":1,"options":4352,"groupId":0,"sequence":235} messageTag=41
[2026-09-13 15:13:28] debug: 	zh:ember:uart:ash: <--- [FRAME type=DATA]
[2026-09-13 15:13:28] debug: 	zh:ember:uart:ash: <--- [FRAME type=DATA ackNum=3](ackRx=3 frmTx=3)
[2026-09-13 15:13:28] debug: 	zh:ember:uart:ash: <--- [FRAME type=DATA ackNum=3 frmNum=5](frmRx=5) Added to rxQueue
[2026-09-13 15:13:28] debug: 	zh:ember:uart:ash: ---> [FRAME type=ACK frmRx=6](ackRx=3)
[2026-09-13 15:13:28] debug: 	zh:ember:ezsp: <=== [CBFRAME: ID=69:"INCOMING_MESSAGE_HANDLER" Seq=202 Len=38]
[2026-09-13 15:13:28] debug: 	zh:ember:ezsp: ezspIncomingMessageHandler: type=UNICAST apsFrame={"profileId":260,"clusterId":61184,"sourceEndpoint":1,"destinationEndpoint":1,"options":256,"groupId":0,"sequence":53} packetInfo:{"senderShortId":3595,"senderLongId":"0xffffffffffffffff","bindingIndex":255,"addressIndex":255,"lastHopLqi":136,"lastHopRssi":-66,"lastHopTimestamp":0} messageContents=093102007f1602000400000051
[2026-09-13 15:13:28] debug: 	zh:controller: Received payload: clusterID=61184, address=3595, groupID=0, endpoint=1, destinationEndpoint=1, wasBroadcast=false, linkQuality=136, frame={"header":{"frameControl":{"frameType":1,"manufacturerSpecific":false,"direction":1,"disableDefaultResponse":false,"reservedBits":0},"transactionSequenceNumber":49,"commandIdentifier":2},"payload":{"seq":32512,"dpValues":[{"dp":22,"datatype":2,"data":{"type":"Buffer","data":[0,0,0,81]}}]},"command":{"name":"dataReport","ID":2,"parameters":[{"name":"seq","type":33,"max":65535},{"name":"dpValues","type":1011}]}}
[2026-09-13 15:13:28] debug: 	zh:controller:endpoint: ZCL command 0x94b216fffef3cf25/1 manuSpecificTuya.defaultRsp({"cmdId":2,"statusCode":0}, {"timeout":10000,"disableResponse":false,"disableRecovery":false,"disableDefaultResponse":true,"direction":0,"reservedBits":0,"transactionSequenceNumber":49,"writeUndiv":false})
[2026-09-13 15:13:28] debug: 	zh:ember: ~~~> [ZCL to=0x94b216fffef3cf25:3595 apsFrame={"profileId":260,"clusterId":61184,"sourceEndpoint":1,"destinationEndpoint":1,"options":4352,"groupId":0,"sequence":0} header={"frameControl":{"reservedBits":0,"frameType":0,"direction":0,"disableDefaultResponse":true,"manufacturerSpecific":false},"transactionSequenceNumber":49,"commandIdentifier":11}]
[2026-09-13 15:13:28] debug: 	zh:ember:ezsp: ===> [FRAME: ID=52:"SEND_UNICAST" Seq=203 Len=26]
[2026-09-13 15:13:28] debug: 	zh:ember:uart:ash: ---> [FRAME type=DATA frmTx=3 frmRx=6](ackRx=3)
[2026-09-13 15:13:28] debug: 	z2m: Received Zigbee message from 'Nivelagua', type 'commandDataReport', cluster 'manuSpecificTuya', data '{"dpValues":[{"data":{"data":[0,0,0,81],"type":"Buffer"},"datatype":2,"dp":22}],"seq":32512}' from endpoint 1 with groupID 0
[2026-09-13 15:13:28] info: 	z2m:mqtt: MQTT publish: topic 'zigbee2mqtt/Nivelagua', payload '{"installation_height":0.75,"linkquality":136,"liquid_depth":0.38,"liquid_depth_max":0.28,"liquid_level_percent":81,"liquid_state":"high","max_set":80,"min_set":25}'
[2026-09-13 15:13:28] debug: 	zh:ember:uart:ash: <--- [FRAME type=DATA]
[2026-09-13 15:13:28] debug: 	zh:ember:uart:ash: <--- [FRAME type=DATA ackNum=4](ackRx=3 frmTx=4)
[2026-09-13 15:13:28] debug: 	zh:ember:uart:ash: <--- [FRAME type=DATA ackNum=4 frmNum=6](frmRx=6) Added to rxQueue
[2026-09-13 15:13:28] debug: 	zh:ember:uart:ash: ---> [FRAME type=ACK frmRx=7](ackRx=4)
[2026-09-13 15:13:28] debug: 	zh:ember:ezsp: <=== [FRAME: ID=52:"SEND_UNICAST" Seq=203 Len=7]
[2026-09-13 15:13:28] debug: 	zh:ember:ezsp: ~~~> [SENT type=DIRECT apsSequence=236 messageTag=42 status=OK]
[2026-09-13 15:13:28] debug: 	zh:ember:uart:ash: <--- [FRAME type=DATA]
[2026-09-13 15:13:28] debug: 	zh:ember:uart:ash: <--- [FRAME type=DATA ackNum=4](ackRx=4 frmTx=4)
[2026-09-13 15:13:28] debug: 	zh:ember:uart:ash: <--- [FRAME type=DATA ackNum=4 frmNum=7](frmRx=7) Added to rxQueue
[2026-09-13 15:13:28] debug: 	zh:ember:uart:ash: ---> [FRAME type=ACK frmRx=0](ackRx=4)
[2026-09-13 15:13:28] debug: 	zh:ember:ezsp: <=== [CBFRAME: ID=63:"MESSAGE_SENT_HANDLER" Seq=203 Len=22]
[2026-09-13 15:13:28] debug: 	zh:ember:ezsp: ezspMessageSentHandler: status=OK type=DIRECT indexOrDestination=3595 apsFrame={"profileId":260,"clusterId":61184,"sourceEndpoint":1,"destinationEndpoint":1,"options":4352,"groupId":0,"sequence":236} messageTag=42
[2026-09-13 15:13:29] debug: 	zh:ember:uart:ash: <--- [FRAME type=DATA]
[2026-09-13 15:13:29] debug: 	zh:ember:uart:ash: <--- [FRAME type=DATA ackNum=4](ackRx=4 frmTx=4)
[2026-09-13 15:13:29] debug: 	zh:ember:uart:ash: <--- [FRAME type=DATA ackNum=4 frmNum=0](frmRx=0) Added to rxQueue
[2026-09-13 15:13:29] debug: 	zh:ember:uart:ash: ---> [FRAME type=ACK frmRx=1](ackRx=4)
[2026-09-13 15:13:29] debug: 	zh:ember:ezsp: <=== [CBFRAME: ID=69:"INCOMING_MESSAGE_HANDLER" Seq=203 Len=35]
[2026-09-13 15:13:29] debug: 	zh:ember:ezsp: ezspIncomingMessageHandler: type=UNICAST apsFrame={"profileId":260,"clusterId":61184,"sourceEndpoint":1,"destinationEndpoint":1,"options":256,"groupId":0,"sequence":54} packetInfo:{"senderShortId":3595,"senderLongId":"0xffffffffffffffff","bindingIndex":255,"addressIndex":255,"lastHopLqi":136,"lastHopRssi":-66,"lastHopTimestamp":0} messageContents=09320200800104000102
[2026-09-13 15:13:29] debug: 	zh:controller: Received payload: clusterID=61184, address=3595, groupID=0, endpoint=1, destinationEndpoint=1, wasBroadcast=false, linkQuality=136, frame={"header":{"frameControl":{"frameType":1,"manufacturerSpecific":false,"direction":1,"disableDefaultResponse":false,"reservedBits":0},"transactionSequenceNumber":50,"commandIdentifier":2},"payload":{"seq":32768,"dpValues":[{"dp":1,"datatype":4,"data":{"type":"Buffer","data":[2]}}]},"command":{"name":"dataReport","ID":2,"parameters":[{"name":"seq","type":33,"max":65535},{"name":"dpValues","type":1011}]}}
[2026-09-13 15:13:29] debug: 	zh:controller:endpoint: ZCL command 0x94b216fffef3cf25/1 manuSpecificTuya.defaultRsp({"cmdId":2,"statusCode":0}, {"timeout":10000,"disableResponse":false,"disableRecovery":false,"disableDefaultResponse":true,"direction":0,"reservedBits":0,"transactionSequenceNumber":50,"writeUndiv":false})
[2026-09-13 15:13:29] debug: 	zh:ember: ~~~> [ZCL to=0x94b216fffef3cf25:3595 apsFrame={"profileId":260,"clusterId":61184,"sourceEndpoint":1,"destinationEndpoint":1,"options":4352,"groupId":0,"sequence":0} header={"frameControl":{"reservedBits":0,"frameType":0,"direction":0,"disableDefaultResponse":true,"manufacturerSpecific":false},"transactionSequenceNumber":50,"commandIdentifier":11}]
[2026-09-13 15:13:29] debug: 	zh:ember:ezsp: ===> [FRAME: ID=52:"SEND_UNICAST" Seq=204 Len=26]
[2026-09-13 15:13:29] debug: 	zh:ember:uart:ash: ---> [FRAME type=DATA frmTx=4 frmRx=1](ackRx=4)
[2026-09-13 15:13:29] debug: 	z2m: Received Zigbee message from 'Nivelagua', type 'commandDataReport', cluster 'manuSpecificTuya', data '{"dpValues":[{"data":{"data":[2],"type":"Buffer"},"datatype":4,"dp":1}],"seq":32768}' from endpoint 1 with groupID 0
[2026-09-13 15:13:29] info: 	z2m:mqtt: MQTT publish: topic 'zigbee2mqtt/Nivelagua', payload '{"installation_height":0.75,"linkquality":136,"liquid_depth":0.38,"liquid_depth_max":0.28,"liquid_level_percent":81,"liquid_state":"high","max_set":80,"min_set":25}'
[2026-09-13 15:13:29] debug: 	zh:ember:uart:ash: <--- [FRAME type=DATA]
[2026-09-13 15:13:29] debug: 	zh:ember:uart:ash: <--- [FRAME type=DATA ackNum=5](ackRx=4 frmTx=5)
[2026-09-13 15:13:29] debug: 	zh:ember:uart:ash: <--- [FRAME type=DATA ackNum=5 frmNum=1](frmRx=1) Added to rxQueue
[2026-09-13 15:13:29] debug: 	zh:ember:uart:ash: ---> [FRAME type=ACK frmRx=2](ackRx=5)
[2026-09-13 15:13:29] debug: 	zh:ember:ezsp: <=== [FRAME: ID=52:"SEND_UNICAST" Seq=204 Len=7]
[2026-09-13 15:13:29] debug: 	zh:ember:ezsp: ~~~> [SENT type=DIRECT apsSequence=237 messageTag=43 status=OK]
[2026-09-13 15:13:29] debug: 	zh:ember:uart:ash: <--- [FRAME type=DATA]
[2026-09-13 15:13:29] debug: 	zh:ember:uart:ash: <--- [FRAME type=DATA ackNum=5](ackRx=5 frmTx=5)
[2026-09-13 15:13:29] debug: 	zh:ember:uart:ash: <--- [FRAME type=DATA ackNum=5 frmNum=2](frmRx=2) Added to rxQueue
[2026-09-13 15:13:29] debug: 	zh:ember:uart:ash: ---> [FRAME type=ACK frmRx=3](ackRx=5)
[2026-09-13 15:13:29] debug: 	zh:ember:ezsp: <=== [CBFRAME: ID=63:"MESSAGE_SENT_HANDLER" Seq=204 Len=22]
[2026-09-13 15:13:29] debug: 	zh:ember:ezsp: ezspMessageSentHandler: status=OK type=DIRECT indexOrDestination=3595 apsFrame={"profileId":260,"clusterId":61184,"sourceEndpoint":1,"destinationEndpoint":1,"options":4352,"groupId":0,"sequence":237} messageTag=43
[2026-09-13 15:13:29] debug: 	zh:ember:uart:ash: <--- [FRAME type=DATA]
[2026-09-13 15:13:29] debug: 	zh:ember:uart:ash: <--- [FRAME type=DATA ackNum=5](ackRx=5 frmTx=5)
[2026-09-13 15:13:29] debug: 	zh:ember:uart:ash: <--- [FRAME type=DATA ackNum=5 frmNum=3](frmRx=3) Added to rxQueue
[2026-09-13 15:13:29] debug: 	zh:ember:uart:ash: ---> [FRAME type=ACK frmRx=4](ackRx=5)
[2026-09-13 15:13:29] debug: 	zh:ember:ezsp: <=== [CBFRAME: ID=69:"INCOMING_MESSAGE_HANDLER" Seq=204 Len=38]
[2026-09-13 15:13:29] debug: 	zh:ember:ezsp: ezspIncomingMessageHandler: type=UNICAST apsFrame={"profileId":260,"clusterId":61184,"sourceEndpoint":1,"destinationEndpoint":1,"options":256,"groupId":0,"sequence":55} packetInfo:{"senderShortId":3595,"senderLongId":"0xffffffffffffffff","bindingIndex":255,"addressIndex":255,"lastHopLqi":136,"lastHopRssi":-66,"lastHopTimestamp":0} messageContents=09330200810202000400000026
[2026-09-13 15:13:29] debug: 	zh:controller: Received payload: clusterID=61184, address=3595, groupID=0, endpoint=1, destinationEndpoint=1, wasBroadcast=false, linkQuality=136, frame={"header":{"frameControl":{"frameType":1,"manufacturerSpecific":false,"direction":1,"disableDefaultResponse":false,"reservedBits":0},"transactionSequenceNumber":51,"commandIdentifier":2},"payload":{"seq":33024,"dpValues":[{"dp":2,"datatype":2,"data":{"type":"Buffer","data":[0,0,0,38]}}]},"command":{"name":"dataReport","ID":2,"parameters":[{"name":"seq","type":33,"max":65535},{"name":"dpValues","type":1011}]}}
[2026-09-13 15:13:29] debug: 	zh:controller:endpoint: ZCL command 0x94b216fffef3cf25/1 manuSpecificTuya.defaultRsp({"cmdId":2,"statusCode":0}, {"timeout":10000,"disableResponse":false,"disableRecovery":false,"disableDefaultResponse":true,"direction":0,"reservedBits":0,"transactionSequenceNumber":51,"writeUndiv":false})
[2026-09-13 15:13:29] debug: 	zh:ember: ~~~> [ZCL to=0x94b216fffef3cf25:3595 apsFrame={"profileId":260,"clusterId":61184,"sourceEndpoint":1,"destinationEndpoint":1,"options":4352,"groupId":0,"sequence":0} header={"frameControl":{"reservedBits":0,"frameType":0,"direction":0,"disableDefaultResponse":true,"manufacturerSpecific":false},"transactionSequenceNumber":51,"commandIdentifier":11}]
[2026-09-13 15:13:29] debug: 	zh:ember:ezsp: ===> [FRAME: ID=52:"SEND_UNICAST" Seq=205 Len=26]
[2026-09-13 15:13:29] debug: 	zh:ember:uart:ash: ---> [FRAME type=DATA frmTx=5 frmRx=4](ackRx=5)
[2026-09-13 15:13:29] debug: 	z2m: Received Zigbee message from 'Nivelagua', type 'commandDataReport', cluster 'manuSpecificTuya', data '{"dpValues":[{"data":{"data":[0,0,0,38],"type":"Buffer"},"datatype":2,"dp":2}],"seq":33024}' from endpoint 1 with groupID 0
[2026-09-13 15:13:29] info: 	z2m:mqtt: MQTT publish: topic 'zigbee2mqtt/Nivelagua', payload '{"installation_height":0.75,"linkquality":136,"liquid_depth":0.38,"liquid_depth_max":0.28,"liquid_level_percent":81,"liquid_state":"high","max_set":80,"min_set":25}'
[2026-09-13 15:13:29] debug: 	zh:ember:uart:ash: <--- [FRAME type=DATA]
[2026-09-13 15:13:29] debug: 	zh:ember:uart:ash: <--- [FRAME type=DATA ackNum=6](ackRx=5 frmTx=6)
[2026-09-13 15:13:29] debug: 	zh:ember:uart:ash: <--- [FRAME type=DATA ackNum=6 frmNum=4](frmRx=4) Added to rxQueue
[2026-09-13 15:13:29] debug: 	zh:ember:uart:ash: ---> [FRAME type=ACK frmRx=5](ackRx=6)
[2026-09-13 15:13:29] debug: 	zh:ember:ezsp: <=== [FRAME: ID=52:"SEND_UNICAST" Seq=205 Len=7]
[2026-09-13 15:13:29] debug: 	zh:ember:ezsp: ~~~> [SENT type=DIRECT apsSequence=238 messageTag=44 status=OK]
[2026-09-13 15:13:29] debug: 	zh:ember:uart:ash: <--- [FRAME type=DATA]
[2026-09-13 15:13:29] debug: 	zh:ember:uart:ash: <--- [FRAME type=DATA ackNum=6](ackRx=6 frmTx=6)
[2026-09-13 15:13:29] debug: 	zh:ember:uart:ash: <--- [FRAME type=DATA ackNum=6 frmNum=5](frmRx=5) Added to rxQueue
[2026-09-13 15:13:29] debug: 	zh:ember:uart:ash: ---> [FRAME type=ACK frmRx=6](ackRx=6)
[2026-09-13 15:13:29] debug: 	zh:ember:ezsp: <=== [CBFRAME: ID=63:"MESSAGE_SENT_HANDLER" Seq=205 Len=22]
[2026-09-13 15:13:29] debug: 	zh:ember:ezsp: ezspMessageSentHandler: status=OK type=DIRECT indexOrDestination=3595 apsFrame={"profileId":260,"clusterId":61184,"sourceEndpoint":1,"destinationEndpoint":1,"options":4352,"groupId":0,"sequence":238} messageTag=44
[2026-09-13 15:13:29] debug: 	zh:ember:uart:ash: <--- [FRAME type=DATA]
[2026-09-13 15:13:29] debug: 	zh:ember:uart:ash: <--- [FRAME type=DATA ackNum=6](ackRx=6 frmTx=6)
[2026-09-13 15:13:29] debug: 	zh:ember:uart:ash: <--- [FRAME type=DATA ackNum=6 frmNum=6](frmRx=6) Added to rxQueue
[2026-09-13 15:13:29] debug: 	zh:ember:uart:ash: ---> [FRAME type=ACK frmRx=7](ackRx=6)
[2026-09-13 15:13:29] debug: 	zh:ember:ezsp: <=== [CBFRAME: ID=69:"INCOMING_MESSAGE_HANDLER" Seq=205 Len=38]
[2026-09-13 15:13:29] debug: 	zh:ember:ezsp: ezspIncomingMessageHandler: type=UNICAST apsFrame={"profileId":260,"clusterId":61184,"sourceEndpoint":1,"destinationEndpoint":1,"options":256,"groupId":0,"sequence":56} packetInfo:{"senderShortId":3595,"senderLongId":"0xffffffffffffffff","bindingIndex":255,"addressIndex":255,"lastHopLqi":136,"lastHopRssi":-66,"lastHopTimestamp":0} messageContents=09340200821602000400000051
[2026-09-13 15:13:29] debug: 	zh:controller: Received payload: clusterID=61184, address=3595, groupID=0, endpoint=1, destinationEndpoint=1, wasBroadcast=false, linkQuality=136, frame={"header":{"frameControl":{"frameType":1,"manufacturerSpecific":false,"direction":1,"disableDefaultResponse":false,"reservedBits":0},"transactionSequenceNumber":52,"commandIdentifier":2},"payload":{"seq":33280,"dpValues":[{"dp":22,"datatype":2,"data":{"type":"Buffer","data":[0,0,0,81]}}]},"command":{"name":"dataReport","ID":2,"parameters":[{"name":"seq","type":33,"max":65535},{"name":"dpValues","type":1011}]}}
[2026-09-13 15:13:29] debug: 	zh:controller:endpoint: ZCL command 0x94b216fffef3cf25/1 manuSpecificTuya.defaultRsp({"cmdId":2,"statusCode":0}, {"timeout":10000,"disableResponse":false,"disableRecovery":false,"disableDefaultResponse":true,"direction":0,"reservedBits":0,"transactionSequenceNumber":52,"writeUndiv":false})
[2026-09-13 15:13:29] debug: 	zh:ember: ~~~> [ZCL to=0x94b216fffef3cf25:3595 apsFrame={"profileId":260,"clusterId":61184,"sourceEndpoint":1,"destinationEndpoint":1,"options":4352,"groupId":0,"sequence":0} header={"frameControl":{"reservedBits":0,"frameType":0,"direction":0,"disableDefaultResponse":true,"manufacturerSpecific":false},"transactionSequenceNumber":52,"commandIdentifier":11}]
[2026-09-13 15:13:29] debug: 	zh:ember:ezsp: ===> [FRAME: ID=52:"SEND_UNICAST" Seq=206 Len=26]
[2026-09-13 15:13:29] debug: 	zh:ember:uart:ash: ---> [FRAME type=DATA frmTx=6 frmRx=7](ackRx=6)
[2026-09-13 15:13:29] debug: 	z2m: Received Zigbee message from 'Nivelagua', type 'commandDataReport', cluster 'manuSpecificTuya', data '{"dpValues":[{"data":{"data":[0,0,0,81],"type":"Buffer"},"datatype":2,"dp":22}],"seq":33280}' from endpoint 1 with groupID 0
[2026-09-13 15:13:29] info: 	z2m:mqtt: MQTT publish: topic 'zigbee2mqtt/Nivelagua', payload '{"installation_height":0.75,"linkquality":136,"liquid_depth":0.38,"liquid_depth_max":0.28,"liquid_level_percent":81,"liquid_state":"high","max_set":80,"min_set":25}'
[2026-09-13 15:13:29] debug: 	zh:ember:uart:ash: <--- [FRAME type=DATA]
[2026-09-13 15:13:29] debug: 	zh:ember:uart:ash: <--- [FRAME type=DATA ackNum=7](ackRx=6 frmTx=7)
[2026-09-13 15:13:29] debug: 	zh:ember:uart:ash: <--- [FRAME type=DATA ackNum=7 frmNum=7](frmRx=7) Added to rxQueue
[2026-09-13 15:13:29] debug: 	zh:ember:uart:ash: ---> [FRAME type=ACK frmRx=0](ackRx=7)
[2026-09-13 15:13:29] debug: 	zh:ember:ezsp: <=== [FRAME: ID=52:"SEND_UNICAST" Seq=206 Len=7]
[2026-09-13 15:13:29] debug: 	zh:ember:ezsp: ~~~> [SENT type=DIRECT apsSequence=239 messageTag=45 status=OK]
[2026-09-13 15:13:29] debug: 	zh:ember:uart:ash: <--- [FRAME type=DATA]
[2026-09-13 15:13:29] debug: 	zh:ember:uart:ash: <--- [FRAME type=DATA ackNum=7](ackRx=7 frmTx=7)
[2026-09-13 15:13:29] debug: 	zh:ember:uart:ash: <--- [FRAME type=DATA ackNum=7 frmNum=0](frmRx=0) Added to rxQueue
[2026-09-13 15:13:29] debug: 	zh:ember:uart:ash: ---> [FRAME type=ACK frmRx=1](ackRx=7)
[2026-09-13 15:13:29] debug: 	zh:ember:ezsp: <=== [CBFRAME: ID=63:"MESSAGE_SENT_HANDLER" Seq=206 Len=22]
[2026-09-13 15:13:29] debug: 	zh:ember:ezsp: ezspMessageSentHandler: status=OK type=DIRECT indexOrDestination=3595 apsFrame={"profileId":260,"clusterId":61184,"sourceEndpoint":1,"destinationEndpoint":1,"options":4352,"groupId":0,"sequence":239} messageTag=45
[2026-09-13 15:13:30] debug: 	zh:ember:uart:ash: <--- [FRAME type=DATA]
[2026-09-13 15:13:30] debug: 	zh:ember:uart:ash: <--- [FRAME type=DATA ackNum=7](ackRx=7 frmTx=7)
[2026-09-13 15:13:30] debug: 	zh:ember:uart:ash: <--- [FRAME type=DATA ackNum=7 frmNum=1](frmRx=1) Added to rxQueue
[2026-09-13 15:13:30] debug: 	zh:ember:uart:ash: ---> [FRAME type=ACK frmRx=2](ackRx=7)
[2026-09-13 15:13:30] debug: 	zh:ember:ezsp: <=== [CBFRAME: ID=69:"INCOMING_MESSAGE_HANDLER" Seq=206 Len=35]
[2026-09-13 15:13:30] debug: 	zh:ember:ezsp: ezspIncomingMessageHandler: type=UNICAST apsFrame={"profileId":260,"clusterId":61184,"sourceEndpoint":1,"destinationEndpoint":1,"options":256,"groupId":0,"sequence":57} packetInfo:{"senderShortId":3595,"senderLongId":"0xffffffffffffffff","bindingIndex":255,"addressIndex":255,"lastHopLqi":136,"lastHopRssi":-66,"lastHopTimestamp":0} messageContents=09350200830104000102
[2026-09-13 15:13:30] debug: 	zh:controller: Received payload: clusterID=61184, address=3595, groupID=0, endpoint=1, destinationEndpoint=1, wasBroadcast=false, linkQuality=136, frame={"header":{"frameControl":{"frameType":1,"manufacturerSpecific":false,"direction":1,"disableDefaultResponse":false,"reservedBits":0},"transactionSequenceNumber":53,"commandIdentifier":2},"payload":{"seq":33536,"dpValues":[{"dp":1,"datatype":4,"data":{"type":"Buffer","data":[2]}}]},"command":{"name":"dataReport","ID":2,"parameters":[{"name":"seq","type":33,"max":65535},{"name":"dpValues","type":1011}]}}
[2026-09-13 15:13:30] debug: 	zh:controller:endpoint: ZCL command 0x94b216fffef3cf25/1 manuSpecificTuya.defaultRsp({"cmdId":2,"statusCode":0}, {"timeout":10000,"disableResponse":false,"disableRecovery":false,"disableDefaultResponse":true,"direction":0,"reservedBits":0,"transactionSequenceNumber":53,"writeUndiv":false})
[2026-09-13 15:13:30] debug: 	zh:ember: ~~~> [ZCL to=0x94b216fffef3cf25:3595 apsFrame={"profileId":260,"clusterId":61184,"sourceEndpoint":1,"destinationEndpoint":1,"options":4352,"groupId":0,"sequence":0} header={"frameControl":{"reservedBits":0,"frameType":0,"direction":0,"disableDefaultResponse":true,"manufacturerSpecific":false},"transactionSequenceNumber":53,"commandIdentifier":11}]
[2026-09-13 15:13:30] debug: 	zh:ember:ezsp: ===> [FRAME: ID=52:"SEND_UNICAST" Seq=207 Len=26]
[2026-09-13 15:13:30] debug: 	zh:ember:uart:ash: ---> [FRAME type=DATA frmTx=7 frmRx=2](ackRx=7)
[2026-09-13 15:13:30] debug: 	z2m: Received Zigbee message from 'Nivelagua', type 'commandDataReport', cluster 'manuSpecificTuya', data '{"dpValues":[{"data":{"data":[2],"type":"Buffer"},"datatype":4,"dp":1}],"seq":33536}' from endpoint 1 with groupID 0
[2026-09-13 15:13:30] info: 	z2m:mqtt: MQTT publish: topic 'zigbee2mqtt/Nivelagua', payload '{"installation_height":0.75,"linkquality":136,"liquid_depth":0.38,"liquid_depth_max":0.28,"liquid_level_percent":81,"liquid_state":"high","max_set":80,"min_set":25}'
[2026-09-13 15:13:30] debug: 	zh:ember:uart:ash: <--- [FRAME type=DATA]
[2026-09-13 15:13:30] debug: 	zh:ember:uart:ash: <--- [FRAME type=DATA ackNum=0](ackRx=7 frmTx=0)
[2026-09-13 15:13:30] debug: 	zh:ember:uart:ash: <--- [FRAME type=DATA ackNum=0 frmNum=2](frmRx=2) Added to rxQueue
[2026-09-13 15:13:30] debug: 	zh:ember:uart:ash: ---> [FRAME type=ACK frmRx=3](ackRx=0)
[2026-09-13 15:13:30] debug: 	zh:ember:ezsp: <=== [FRAME: ID=52:"SEND_UNICAST" Seq=207 Len=7]
[2026-09-13 15:13:30] debug: 	zh:ember:ezsp: ~~~> [SENT type=DIRECT apsSequence=240 messageTag=46 status=OK]
[2026-09-13 15:13:30] debug: 	zh:ember:uart:ash: <--- [FRAME type=DATA]
[2026-09-13 15:13:30] debug: 	zh:ember:uart:ash: <--- [FRAME type=DATA ackNum=0](ackRx=0 frmTx=0)
[2026-09-13 15:13:30] debug: 	zh:ember:uart:ash: <--- [FRAME type=DATA ackNum=0 frmNum=3](frmRx=3) Added to rxQueue
[2026-09-13 15:13:30] debug: 	zh:ember:uart:ash: ---> [FRAME type=ACK frmRx=4](ackRx=0)
[2026-09-13 15:13:30] debug: 	zh:ember:ezsp: <=== [CBFRAME: ID=63:"MESSAGE_SENT_HANDLER" Seq=207 Len=22]
[2026-09-13 15:13:30] debug: 	zh:ember:ezsp: ezspMessageSentHandler: status=OK type=DIRECT indexOrDestination=3595 apsFrame={"profileId":260,"clusterId":61184,"sourceEndpoint":1,"destinationEndpoint":1,"options":4352,"groupId":0,"sequence":240} messageTag=46
[2026-09-13 15:13:30] debug: 	zh:ember:uart:ash: <--- [FRAME type=DATA]
[2026-09-13 15:13:30] debug: 	zh:ember:uart:ash: <--- [FRAME type=DATA ackNum=0](ackRx=0 frmTx=0)
[2026-09-13 15:13:30] debug: 	zh:ember:uart:ash: <--- [FRAME type=DATA ackNum=0 frmNum=4](frmRx=4) Added to rxQueue
[2026-09-13 15:13:30] debug: 	zh:ember:uart:ash: ---> [FRAME type=ACK frmRx=5](ackRx=0)
[2026-09-13 15:13:30] debug: 	zh:ember:ezsp: <=== [CBFRAME: ID=69:"INCOMING_MESSAGE_HANDLER" Seq=207 Len=38]
[2026-09-13 15:13:30] debug: 	zh:ember:ezsp: ezspIncomingMessageHandler: type=UNICAST apsFrame={"profileId":260,"clusterId":61184,"sourceEndpoint":1,"destinationEndpoint":1,"options":256,"groupId":0,"sequence":58} packetInfo:{"senderShortId":3595,"senderLongId":"0xffffffffffffffff","bindingIndex":255,"addressIndex":255,"lastHopLqi":136,"lastHopRssi":-66,"lastHopTimestamp":0} messageContents=09360200840202000400000026
[2026-09-13 15:13:30] debug: 	zh:controller: Received payload: clusterID=61184, address=3595, groupID=0, endpoint=1, destinationEndpoint=1, wasBroadcast=false, linkQuality=136, frame={"header":{"frameControl":{"frameType":1,"manufacturerSpecific":false,"direction":1,"disableDefaultResponse":false,"reservedBits":0},"transactionSequenceNumber":54,"commandIdentifier":2},"payload":{"seq":33792,"dpValues":[{"dp":2,"datatype":2,"data":{"type":"Buffer","data":[0,0,0,38]}}]},"command":{"name":"dataReport","ID":2,"parameters":[{"name":"seq","type":33,"max":65535},{"name":"dpValues","type":1011}]}}
[2026-09-13 15:13:30] debug: 	zh:controller:endpoint: ZCL command 0x94b216fffef3cf25/1 manuSpecificTuya.defaultRsp({"cmdId":2,"statusCode":0}, {"timeout":10000,"disableResponse":false,"disableRecovery":false,"disableDefaultResponse":true,"direction":0,"reservedBits":0,"transactionSequenceNumber":54,"writeUndiv":false})
[2026-09-13 15:13:30] debug: 	zh:ember: ~~~> [ZCL to=0x94b216fffef3cf25:3595 apsFrame={"profileId":260,"clusterId":61184,"sourceEndpoint":1,"destinationEndpoint":1,"options":4352,"groupId":0,"sequence":0} header={"frameControl":{"reservedBits":0,"frameType":0,"direction":0,"disableDefaultResponse":true,"manufacturerSpecific":false},"transactionSequenceNumber":54,"commandIdentifier":11}]
[2026-09-13 15:13:30] debug: 	zh:ember:ezsp: ===> [FRAME: ID=52:"SEND_UNICAST" Seq=208 Len=26]
[2026-09-13 15:13:30] debug: 	zh:ember:uart:ash: ---> [FRAME type=DATA frmTx=0 frmRx=5](ackRx=0)
[2026-09-13 15:13:30] debug: 	z2m: Received Zigbee message from 'Nivelagua', type 'commandDataReport', cluster 'manuSpecificTuya', data '{"dpValues":[{"data":{"data":[0,0,0,38],"type":"Buffer"},"datatype":2,"dp":2}],"seq":33792}' from endpoint 1 with groupID 0
[2026-09-13 15:13:30] info: 	z2m:mqtt: MQTT publish: topic 'zigbee2mqtt/Nivelagua', payload '{"installation_height":0.75,"linkquality":136,"liquid_depth":0.38,"liquid_depth_max":0.28,"liquid_level_percent":81,"liquid_state":"high","max_set":80,"min_set":25}'
[2026-09-13 15:13:30] debug: 	zh:ember:uart:ash: <--- [FRAME type=DATA]
[2026-09-13 15:13:30] debug: 	zh:ember:uart:ash: <--- [FRAME type=DATA ackNum=1](ackRx=0 frmTx=1)
[2026-09-13 15:13:30] debug: 	zh:ember:uart:ash: <--- [FRAME type=DATA ackNum=1 frmNum=5](frmRx=5) Added to rxQueue
[2026-09-13 15:13:30] debug: 	zh:ember:uart:ash: ---> [FRAME type=ACK frmRx=6](ackRx=1)
[2026-09-13 15:13:30] debug: 	zh:ember:ezsp: <=== [FRAME: ID=52:"SEND_UNICAST" Seq=208 Len=7]
[2026-09-13 15:13:30] debug: 	zh:ember:ezsp: ~~~> [SENT type=DIRECT apsSequence=241 messageTag=47 status=OK]
[2026-09-13 15:13:30] debug: 	zh:ember:uart:ash: <--- [FRAME type=DATA]
[2026-09-13 15:13:30] debug: 	zh:ember:uart:ash: <--- [FRAME type=DATA ackNum=1](ackRx=1 frmTx=1)
[2026-09-13 15:13:30] debug: 	zh:ember:uart:ash: <--- [FRAME type=DATA ackNum=1 frmNum=6](frmRx=6) Added to rxQueue
[2026-09-13 15:13:30] debug: 	zh:ember:uart:ash: ---> [FRAME type=ACK frmRx=7](ackRx=1)
[2026-09-13 15:13:30] debug: 	zh:ember:ezsp: <=== [CBFRAME: ID=63:"MESSAGE_SENT_HANDLER" Seq=208 Len=22]
[2026-09-13 15:13:30] debug: 	zh:ember:ezsp: ezspMessageSentHandler: status=OK type=DIRECT indexOrDestination=3595 apsFrame={"profileId":260,"clusterId":61184,"sourceEndpoint":1,"destinationEndpoint":1,"options":4352,"groupId":0,"sequence":241} messageTag=47
[2026-09-13 15:13:30] debug: 	zh:ember:uart:ash: <--- [FRAME type=DATA]
[2026-09-13 15:13:30] debug: 	zh:ember:uart:ash: <--- [FRAME type=DATA ackNum=1](ackRx=1 frmTx=1)
[2026-09-13 15:13:30] debug: 	zh:ember:uart:ash: <--- [FRAME type=DATA ackNum=1 frmNum=7](frmRx=7) Added to rxQueue
[2026-09-13 15:13:30] debug: 	zh:ember:uart:ash: ---> [FRAME type=ACK frmRx=0](ackRx=1)
[2026-09-13 15:13:30] debug: 	zh:ember:ezsp: <=== [CBFRAME: ID=69:"INCOMING_MESSAGE_HANDLER" Seq=208 Len=38]
[2026-09-13 15:13:30] debug: 	zh:ember:ezsp: ezspIncomingMessageHandler: type=UNICAST apsFrame={"profileId":260,"clusterId":61184,"sourceEndpoint":1,"destinationEndpoint":1,"options":256,"groupId":0,"sequence":59} packetInfo:{"senderShortId":3595,"senderLongId":"0xffffffffffffffff","bindingIndex":255,"addressIndex":255,"lastHopLqi":136,"lastHopRssi":-66,"lastHopTimestamp":0} messageContents=09370200851602000400000051
[2026-09-13 15:13:30] debug: 	zh:controller: Received payload: clusterID=61184, address=3595, groupID=0, endpoint=1, destinationEndpoint=1, wasBroadcast=false, linkQuality=136, frame={"header":{"frameControl":{"frameType":1,"manufacturerSpecific":false,"direction":1,"disableDefaultResponse":false,"reservedBits":0},"transactionSequenceNumber":55,"commandIdentifier":2},"payload":{"seq":34048,"dpValues":[{"dp":22,"datatype":2,"data":{"type":"Buffer","data":[0,0,0,81]}}]},"command":{"name":"dataReport","ID":2,"parameters":[{"name":"seq","type":33,"max":65535},{"name":"dpValues","type":1011}]}}
[2026-09-13 15:13:30] debug: 	zh:controller:endpoint: ZCL command 0x94b216fffef3cf25/1 manuSpecificTuya.defaultRsp({"cmdId":2,"statusCode":0}, {"timeout":10000,"disableResponse":false,"disableRecovery":false,"disableDefaultResponse":true,"direction":0,"reservedBits":0,"transactionSequenceNumber":55,"writeUndiv":false})
[2026-09-13 15:13:30] debug: 	zh:ember: ~~~> [ZCL to=0x94b216fffef3cf25:3595 apsFrame={"profileId":260,"clusterId":61184,"sourceEndpoint":1,"destinationEndpoint":1,"options":4352,"groupId":0,"sequence":0} header={"frameControl":{"reservedBits":0,"frameType":0,"direction":0,"disableDefaultResponse":true,"manufacturerSpecific":false},"transactionSequenceNumber":55,"commandIdentifier":11}]
[2026-09-13 15:13:30] debug: 	zh:ember:ezsp: ===> [FRAME: ID=52:"SEND_UNICAST" Seq=209 Len=26]
[2026-09-13 15:13:30] debug: 	zh:ember:uart:ash: ---> [FRAME type=DATA frmTx=1 frmRx=0](ackRx=1)
[2026-09-13 15:13:30] debug: 	z2m: Received Zigbee message from 'Nivelagua', type 'commandDataReport', cluster 'manuSpecificTuya', data '{"dpValues":[{"data":{"data":[0,0,0,81],"type":"Buffer"},"datatype":2,"dp":22}],"seq":34048}' from endpoint 1 with groupID 0
[2026-09-13 15:13:30] info: 	z2m:mqtt: MQTT publish: topic 'zigbee2mqtt/Nivelagua', payload '{"installation_height":0.75,"linkquality":136,"liquid_depth":0.38,"liquid_depth_max":0.28,"liquid_level_percent":81,"liquid_state":"high","max_set":80,"min_set":25}'
[2026-09-13 15:13:31] debug: 	zh:ember:uart:ash: <--- [FRAME type=DATA]
[2026-09-13 15:13:31] debug: 	zh:ember:uart:ash: <--- [FRAME type=DATA ackNum=2](ackRx=1 frmTx=2)
[2026-09-13 15:13:31] debug: 	zh:ember:uart:ash: <--- [FRAME type=DATA ackNum=2 frmNum=0](frmRx=0) Added to rxQueue
[2026-09-13 15:13:31] debug: 	zh:ember:uart:ash: ---> [FRAME type=ACK frmRx=1](ackRx=2)
[2026-09-13 15:13:31] debug: 	zh:ember:ezsp: <=== [FRAME: ID=52:"SEND_UNICAST" Seq=209 Len=7]
[2026-09-13 15:13:31] debug: 	zh:ember:ezsp: ~~~> [SENT type=DIRECT apsSequence=242 messageTag=48 status=OK]
[2026-09-13 15:13:31] debug: 	zh:ember:uart:ash: <--- [FRAME type=DATA]
[2026-09-13 15:13:31] debug: 	zh:ember:uart:ash: <--- [FRAME type=DATA ackNum=2](ackRx=2 frmTx=2)
[2026-09-13 15:13:31] debug: 	zh:ember:uart:ash: <--- [FRAME type=DATA ackNum=2 frmNum=1](frmRx=1) Added to rxQueue
[2026-09-13 15:13:31] debug: 	zh:ember:uart:ash: ---> [FRAME type=ACK frmRx=2](ackRx=2)
[2026-09-13 15:13:31] debug: 	zh:ember:ezsp: <=== [CBFRAME: ID=63:"MESSAGE_SENT_HANDLER" Seq=209 Len=22]
[2026-09-13 15:13:31] debug: 	zh:ember:ezsp: ezspMessageSentHandler: status=OK type=DIRECT indexOrDestination=3595 apsFrame={"profileId":260,"clusterId":61184,"sourceEndpoint":1,"destinationEndpoint":1,"options":4352,"groupId":0,"sequence":242} messageTag=48
[2026-09-13 15:13:31] debug: 	zh:ember:uart:ash: <--- [FRAME type=DATA]
[2026-09-13 15:13:31] debug: 	zh:ember:uart:ash: <--- [FRAME type=DATA ackNum=2](ackRx=2 frmTx=2)
[2026-09-13 15:13:31] debug: 	zh:ember:uart:ash: <--- [FRAME type=DATA ackNum=2 frmNum=2](frmRx=2) Added to rxQueue
[2026-09-13 15:13:31] debug: 	zh:ember:uart:ash: ---> [FRAME type=ACK frmRx=3](ackRx=2)
[2026-09-13 15:13:31] debug: 	zh:ember:ezsp: <=== [CBFRAME: ID=69:"INCOMING_MESSAGE_HANDLER" Seq=209 Len=35]
[2026-09-13 15:13:31] debug: 	zh:ember:ezsp: ezspIncomingMessageHandler: type=UNICAST apsFrame={"profileId":260,"clusterId":61184,"sourceEndpoint":1,"destinationEndpoint":1,"options":256,"groupId":0,"sequence":60} packetInfo:{"senderShortId":3595,"senderLongId":"0xffffffffffffffff","bindingIndex":255,"addressIndex":255,"lastHopLqi":136,"lastHopRssi":-66,"lastHopTimestamp":0} messageContents=09380200860104000102
[2026-09-13 15:13:31] debug: 	zh:controller: Received payload: clusterID=61184, address=3595, groupID=0, endpoint=1, destinationEndpoint=1, wasBroadcast=false, linkQuality=136, frame={"header":{"frameControl":{"frameType":1,"manufacturerSpecific":false,"direction":1,"disableDefaultResponse":false,"reservedBits":0},"transactionSequenceNumber":56,"commandIdentifier":2},"payload":{"seq":34304,"dpValues":[{"dp":1,"datatype":4,"data":{"type":"Buffer","data":[2]}}]},"command":{"name":"dataReport","ID":2,"parameters":[{"name":"seq","type":33,"max":65535},{"name":"dpValues","type":1011}]}}
[2026-09-13 15:13:31] debug: 	zh:controller:endpoint: ZCL command 0x94b216fffef3cf25/1 manuSpecificTuya.defaultRsp({"cmdId":2,"statusCode":0}, {"timeout":10000,"disableResponse":false,"disableRecovery":false,"disableDefaultResponse":true,"direction":0,"reservedBits":0,"transactionSequenceNumber":56,"writeUndiv":false})
[2026-09-13 15:13:31] debug: 	zh:ember: ~~~> [ZCL to=0x94b216fffef3cf25:3595 apsFrame={"profileId":260,"clusterId":61184,"sourceEndpoint":1,"destinationEndpoint":1,"options":4352,"groupId":0,"sequence":0} header={"frameControl":{"reservedBits":0,"frameType":0,"direction":0,"disableDefaultResponse":true,"manufacturerSpecific":false},"transactionSequenceNumber":56,"commandIdentifier":11}]
[2026-09-13 15:13:31] debug: 	zh:ember:ezsp: ===> [FRAME: ID=52:"SEND_UNICAST" Seq=210 Len=26]
[2026-09-13 15:13:31] debug: 	zh:ember:uart:ash: ---> [FRAME type=DATA frmTx=2 frmRx=3](ackRx=2)
[2026-09-13 15:13:31] debug: 	z2m: Received Zigbee message from 'Nivelagua', type 'commandDataReport', cluster 'manuSpecificTuya', data '{"dpValues":[{"data":{"data":[2],"type":"Buffer"},"datatype":4,"dp":1}],"seq":34304}' from endpoint 1 with groupID 0
[2026-09-13 15:13:31] info: 	z2m:mqtt: MQTT publish: topic 'zigbee2mqtt/Nivelagua', payload '{"installation_height":0.75,"linkquality":136,"liquid_depth":0.38,"liquid_depth_max":0.28,"liquid_level_percent":81,"liquid_state":"high","max_set":80,"min_set":25}'
[2026-09-13 15:13:31] debug: 	zh:ember:uart:ash: <--- [FRAME type=DATA]
[2026-09-13 15:13:31] debug: 	zh:ember:uart:ash: <--- [FRAME type=DATA ackNum=3](ackRx=2 frmTx=3)
[2026-09-13 15:13:31] debug: 	zh:ember:uart:ash: <--- [FRAME type=DATA ackNum=3 frmNum=3](frmRx=3) Added to rxQueue
[2026-09-13 15:13:31] debug: 	zh:ember:uart:ash: ---> [FRAME type=ACK frmRx=4](ackRx=3)
[2026-09-13 15:13:31] debug: 	zh:ember:ezsp: <=== [FRAME: ID=52:"SEND_UNICAST" Seq=210 Len=7]
[2026-09-13 15:13:31] debug: 	zh:ember:ezsp: ~~~> [SENT type=DIRECT apsSequence=243 messageTag=49 status=OK]
[2026-09-13 15:13:31] debug: 	zh:ember:uart:ash: <--- [FRAME type=DATA]
[2026-09-13 15:13:31] debug: 	zh:ember:uart:ash: <--- [FRAME type=DATA ackNum=3](ackRx=3 frmTx=3)
[2026-09-13 15:13:31] debug: 	zh:ember:uart:ash: <--- [FRAME type=DATA ackNum=3 frmNum=4](frmRx=4) Added to rxQueue
[2026-09-13 15:13:31] debug: 	zh:ember:uart:ash: ---> [FRAME type=ACK frmRx=5](ackRx=3)
[2026-09-13 15:13:31] debug: 	zh:ember:ezsp: <=== [CBFRAME: ID=63:"MESSAGE_SENT_HANDLER" Seq=210 Len=22]
[2026-09-13 15:13:31] debug: 	zh:ember:ezsp: ezspMessageSentHandler: status=OK type=DIRECT indexOrDestination=3595 apsFrame={"profileId":260,"clusterId":61184,"sourceEndpoint":1,"destinationEndpoint":1,"options":4352,"groupId":0,"sequence":243} messageTag=49
[2026-09-13 15:13:31] debug: 	zh:ember:uart:ash: <--- [FRAME type=DATA]
[2026-09-13 15:13:31] debug: 	zh:ember:uart:ash: <--- [FRAME type=DATA ackNum=3](ackRx=3 frmTx=3)
[2026-09-13 15:13:31] debug: 	zh:ember:uart:ash: <--- [FRAME type=DATA ackNum=3 frmNum=5](frmRx=5) Added to rxQueue
[2026-09-13 15:13:31] debug: 	zh:ember:uart:ash: ---> [FRAME type=ACK frmRx=6](ackRx=3)
[2026-09-13 15:13:31] debug: 	zh:ember:ezsp: <=== [CBFRAME: ID=69:"INCOMING_MESSAGE_HANDLER" Seq=210 Len=38]
[2026-09-13 15:13:31] debug: 	zh:ember:ezsp: ezspIncomingMessageHandler: type=UNICAST apsFrame={"profileId":260,"clusterId":61184,"sourceEndpoint":1,"destinationEndpoint":1,"options":256,"groupId":0,"sequence":61} packetInfo:{"senderShortId":3595,"senderLongId":"0xffffffffffffffff","bindingIndex":255,"addressIndex":255,"lastHopLqi":136,"lastHopRssi":-66,"lastHopTimestamp":0} messageContents=09390200870202000400000026
[2026-09-13 15:13:31] debug: 	zh:controller: Received payload: clusterID=61184, address=3595, groupID=0, endpoint=1, destinationEndpoint=1, wasBroadcast=false, linkQuality=136, frame={"header":{"frameControl":{"frameType":1,"manufacturerSpecific":false,"direction":1,"disableDefaultResponse":false,"reservedBits":0},"transactionSequenceNumber":57,"commandIdentifier":2},"payload":{"seq":34560,"dpValues":[{"dp":2,"datatype":2,"data":{"type":"Buffer","data":[0,0,0,38]}}]},"command":{"name":"dataReport","ID":2,"parameters":[{"name":"seq","type":33,"max":65535},{"name":"dpValues","type":1011}]}}
[2026-09-13 15:13:31] debug: 	zh:controller:endpoint: ZCL command 0x94b216fffef3cf25/1 manuSpecificTuya.defaultRsp({"cmdId":2,"statusCode":0}, {"timeout":10000,"disableResponse":false,"disableRecovery":false,"disableDefaultResponse":true,"direction":0,"reservedBits":0,"transactionSequenceNumber":57,"writeUndiv":false})
[2026-09-13 15:13:31] debug: 	zh:ember: ~~~> [ZCL to=0x94b216fffef3cf25:3595 apsFrame={"profileId":260,"clusterId":61184,"sourceEndpoint":1,"destinationEndpoint":1,"options":4352,"groupId":0,"sequence":0} header={"frameControl":{"reservedBits":0,"frameType":0,"direction":0,"disableDefaultResponse":true,"manufacturerSpecific":false},"transactionSequenceNumber":57,"commandIdentifier":11}]
[2026-09-13 15:13:31] debug: 	zh:ember:ezsp: ===> [FRAME: ID=52:"SEND_UNICAST" Seq=211 Len=26]
[2026-09-13 15:13:31] debug: 	zh:ember:uart:ash: ---> [FRAME type=DATA frmTx=3 frmRx=6](ackRx=3)
[2026-09-13 15:13:31] debug: 	z2m: Received Zigbee message from 'Nivelagua', type 'commandDataReport', cluster 'manuSpecificTuya', data '{"dpValues":[{"data":{"data":[0,0,0,38],"type":"Buffer"},"datatype":2,"dp":2}],"seq":34560}' from endpoint 1 with groupID 0
[2026-09-13 15:13:31] info: 	z2m:mqtt: MQTT publish: topic 'zigbee2mqtt/Nivelagua', payload '{"installation_height":0.75,"linkquality":136,"liquid_depth":0.38,"liquid_depth_max":0.28,"liquid_level_percent":81,"liquid_state":"high","max_set":80,"min_set":25}'
[2026-09-13 15:13:31] debug: 	zh:ember:uart:ash: <--- [FRAME type=DATA]
[2026-09-13 15:13:31] debug: 	zh:ember:uart:ash: <--- [FRAME type=DATA ackNum=4](ackRx=3 frmTx=4)
[2026-09-13 15:13:31] debug: 	zh:ember:uart:ash: <--- [FRAME type=DATA ackNum=4 frmNum=6](frmRx=6) Added to rxQueue
[2026-09-13 15:13:31] debug: 	zh:ember:uart:ash: ---> [FRAME type=ACK frmRx=7](ackRx=4)
[2026-09-13 15:13:31] debug: 	zh:ember:ezsp: <=== [FRAME: ID=52:"SEND_UNICAST" Seq=211 Len=7]
[2026-09-13 15:13:31] debug: 	zh:ember:ezsp: ~~~> [SENT type=DIRECT apsSequence=244 messageTag=50 status=OK]
[2026-09-13 15:13:31] debug: 	zh:ember:uart:ash: <--- [FRAME type=DATA]
[2026-09-13 15:13:31] debug: 	zh:ember:uart:ash: <--- [FRAME type=DATA ackNum=4](ackRx=4 frmTx=4)
[2026-09-13 15:13:31] debug: 	zh:ember:uart:ash: <--- [FRAME type=DATA ackNum=4 frmNum=7](frmRx=7) Added to rxQueue
[2026-09-13 15:13:31] debug: 	zh:ember:uart:ash: ---> [FRAME type=ACK frmRx=0](ackRx=4)
[2026-09-13 15:13:31] debug: 	zh:ember:ezsp: <=== [CBFRAME: ID=63:"MESSAGE_SENT_HANDLER" Seq=211 Len=22]
[2026-09-13 15:13:31] debug: 	zh:ember:ezsp: ezspMessageSentHandler: status=OK type=DIRECT indexOrDestination=3595 apsFrame={"profileId":260,"clusterId":61184,"sourceEndpoint":1,"destinationEndpoint":1,"options":4352,"groupId":0,"sequence":244} messageTag=50
[2026-09-13 15:13:32] debug: 	zh:ember:uart:ash: <--- [FRAME type=DATA]
[2026-09-13 15:13:32] debug: 	zh:ember:uart:ash: <--- [FRAME type=DATA ackNum=4](ackRx=4 frmTx=4)
[2026-09-13 15:13:32] debug: 	zh:ember:uart:ash: <--- [FRAME type=DATA ackNum=4 frmNum=0](frmRx=0) Added to rxQueue
[2026-09-13 15:13:32] debug: 	zh:ember:uart:ash: ---> [FRAME type=ACK frmRx=1](ackRx=4)
[2026-09-13 15:13:32] debug: 	zh:ember:ezsp: <=== [CBFRAME: ID=69:"INCOMING_MESSAGE_HANDLER" Seq=211 Len=38]
[2026-09-13 15:13:32] debug: 	zh:ember:ezsp: ezspIncomingMessageHandler: type=UNICAST apsFrame={"profileId":260,"clusterId":61184,"sourceEndpoint":1,"destinationEndpoint":1,"options":256,"groupId":0,"sequence":62} packetInfo:{"senderShortId":3595,"senderLongId":"0xffffffffffffffff","bindingIndex":255,"addressIndex":255,"lastHopLqi":136,"lastHopRssi":-66,"lastHopTimestamp":0} messageContents=093a0200881602000400000051
[2026-09-13 15:13:32] debug: 	zh:controller: Received payload: clusterID=61184, address=3595, groupID=0, endpoint=1, destinationEndpoint=1, wasBroadcast=false, linkQuality=136, frame={"header":{"frameControl":{"frameType":1,"manufacturerSpecific":false,"direction":1,"disableDefaultResponse":false,"reservedBits":0},"transactionSequenceNumber":58,"commandIdentifier":2},"payload":{"seq":34816,"dpValues":[{"dp":22,"datatype":2,"data":{"type":"Buffer","data":[0,0,0,81]}}]},"command":{"name":"dataReport","ID":2,"parameters":[{"name":"seq","type":33,"max":65535},{"name":"dpValues","type":1011}]}}
[2026-09-13 15:13:32] debug: 	zh:controller:endpoint: ZCL command 0x94b216fffef3cf25/1 manuSpecificTuya.defaultRsp({"cmdId":2,"statusCode":0}, {"timeout":10000,"disableResponse":false,"disableRecovery":false,"disableDefaultResponse":true,"direction":0,"reservedBits":0,"transactionSequenceNumber":58,"writeUndiv":false})
[2026-09-13 15:13:32] debug: 	zh:ember: ~~~> [ZCL to=0x94b216fffef3cf25:3595 apsFrame={"profileId":260,"clusterId":61184,"sourceEndpoint":1,"destinationEndpoint":1,"options":4352,"groupId":0,"sequence":0} header={"frameControl":{"reservedBits":0,"frameType":0,"direction":0,"disableDefaultResponse":true,"manufacturerSpecific":false},"transactionSequenceNumber":58,"commandIdentifier":11}]
[2026-09-13 15:13:32] debug: 	zh:ember:ezsp: ===> [FRAME: ID=52:"SEND_UNICAST" Seq=212 Len=26]
[2026-09-13 15:13:32] debug: 	zh:ember:uart:ash: ---> [FRAME type=DATA frmTx=4 frmRx=1](ackRx=4)
[2026-09-13 15:13:32] debug: 	z2m: Received Zigbee message from 'Nivelagua', type 'commandDataReport', cluster 'manuSpecificTuya', data '{"dpValues":[{"data":{"data":[0,0,0,81],"type":"Buffer"},"datatype":2,"dp":22}],"seq":34816}' from endpoint 1 with groupID 0
[2026-09-13 15:13:32] info: 	z2m:mqtt: MQTT publish: topic 'zigbee2mqtt/Nivelagua', payload '{"installation_height":0.75,"linkquality":136,"liquid_depth":0.38,"liquid_depth_max":0.28,"liquid_level_percent":81,"liquid_state":"high","max_set":80,"min_set":25}'
[2026-09-13 15:13:32] debug: 	zh:ember:uart:ash: <--- [FRAME type=DATA]
[2026-09-13 15:13:32] debug: 	zh:ember:uart:ash: <--- [FRAME type=DATA ackNum=5](ackRx=4 frmTx=5)
[2026-09-13 15:13:32] debug: 	zh:ember:uart:ash: <--- [FRAME type=DATA ackNum=5 frmNum=1](frmRx=1) Added to rxQueue
[2026-09-13 15:13:32] debug: 	zh:ember:uart:ash: ---> [FRAME type=ACK frmRx=2](ackRx=5)
[2026-09-13 15:13:32] debug: 	zh:ember:ezsp: <=== [FRAME: ID=52:"SEND_UNICAST" Seq=212 Len=7]
[2026-09-13 15:13:32] debug: 	zh:ember:ezsp: ~~~> [SENT type=DIRECT apsSequence=245 messageTag=51 status=OK]
[2026-09-13 15:13:32] debug: 	zh:ember:uart:ash: <--- [FRAME type=DATA]
[2026-09-13 15:13:32] debug: 	zh:ember:uart:ash: <--- [FRAME type=DATA ackNum=5](ackRx=5 frmTx=5)
[2026-09-13 15:13:32] debug: 	zh:ember:uart:ash: <--- [FRAME type=DATA ackNum=5 frmNum=2](frmRx=2) Added to rxQueue
[2026-09-13 15:13:32] debug: 	zh:ember:uart:ash: ---> [FRAME type=ACK frmRx=3](ackRx=5)
[2026-09-13 15:13:32] debug: 	zh:ember:ezsp: <=== [CBFRAME: ID=63:"MESSAGE_SENT_HANDLER" Seq=212 Len=22]
[2026-09-13 15:13:32] debug: 	zh:ember:ezsp: ezspMessageSentHandler: status=OK type=DIRECT indexOrDestination=3595 apsFrame={"profileId":260,"clusterId":61184,"sourceEndpoint":1,"destinationEndpoint":1,"options":4352,"groupId":0,"sequence":245} messageTag=51
[2026-09-13 15:13:32] debug: 	zh:ember:uart:ash: <--- [FRAME type=DATA]
[2026-09-13 15:13:32] debug: 	zh:ember:uart:ash: <--- [FRAME type=DATA ackNum=5](ackRx=5 frmTx=5)
[2026-09-13 15:13:32] debug: 	zh:ember:uart:ash: <--- [FRAME type=DATA ackNum=5 frmNum=3](frmRx=3) Added to rxQueue
[2026-09-13 15:13:32] debug: 	zh:ember:uart:ash: ---> [FRAME type=ACK frmRx=4](ackRx=5)
[2026-09-13 15:13:32] debug: 	zh:ember:ezsp: <=== [CBFRAME: ID=69:"INCOMING_MESSAGE_HANDLER" Seq=212 Len=35]
[2026-09-13 15:13:32] debug: 	zh:ember:ezsp: ezspIncomingMessageHandler: type=UNICAST apsFrame={"profileId":260,"clusterId":61184,"sourceEndpoint":1,"destinationEndpoint":1,"options":256,"groupId":0,"sequence":63} packetInfo:{"senderShortId":3595,"senderLongId":"0xffffffffffffffff","bindingIndex":255,"addressIndex":255,"lastHopLqi":136,"lastHopRssi":-66,"lastHopTimestamp":0} messageContents=093b0200890104000102
[2026-09-13 15:13:32] debug: 	zh:controller: Received payload: clusterID=61184, address=3595, groupID=0, endpoint=1, destinationEndpoint=1, wasBroadcast=false, linkQuality=136, frame={"header":{"frameControl":{"frameType":1,"manufacturerSpecific":false,"direction":1,"disableDefaultResponse":false,"reservedBits":0},"transactionSequenceNumber":59,"commandIdentifier":2},"payload":{"seq":35072,"dpValues":[{"dp":1,"datatype":4,"data":{"type":"Buffer","data":[2]}}]},"command":{"name":"dataReport","ID":2,"parameters":[{"name":"seq","type":33,"max":65535},{"name":"dpValues","type":1011}]}}
[2026-09-13 15:13:32] debug: 	zh:controller:endpoint: ZCL command 0x94b216fffef3cf25/1 manuSpecificTuya.defaultRsp({"cmdId":2,"statusCode":0}, {"timeout":10000,"disableResponse":false,"disableRecovery":false,"disableDefaultResponse":true,"direction":0,"reservedBits":0,"transactionSequenceNumber":59,"writeUndiv":false})
[2026-09-13 15:13:32] debug: 	zh:ember: ~~~> [ZCL to=0x94b216fffef3cf25:3595 apsFrame={"profileId":260,"clusterId":61184,"sourceEndpoint":1,"destinationEndpoint":1,"options":4352,"groupId":0,"sequence":0} header={"frameControl":{"reservedBits":0,"frameType":0,"direction":0,"disableDefaultResponse":true,"manufacturerSpecific":false},"transactionSequenceNumber":59,"commandIdentifier":11}]
[2026-09-13 15:13:32] debug: 	zh:ember:ezsp: ===> [FRAME: ID=52:"SEND_UNICAST" Seq=213 Len=26]
[2026-09-13 15:13:32] debug: 	zh:ember:uart:ash: ---> [FRAME type=DATA frmTx=5 frmRx=4](ackRx=5)
[2026-09-13 15:13:32] debug: 	z2m: Received Zigbee message from 'Nivelagua', type 'commandDataReport', cluster 'manuSpecificTuya', data '{"dpValues":[{"data":{"data":[2],"type":"Buffer"},"datatype":4,"dp":1}],"seq":35072}' from endpoint 1 with groupID 0
[2026-09-13 15:13:32] info: 	z2m:mqtt: MQTT publish: topic 'zigbee2mqtt/Nivelagua', payload '{"installation_height":0.75,"linkquality":136,"liquid_depth":0.38,"liquid_depth_max":0.28,"liquid_level_percent":81,"liquid_state":"high","max_set":80,"min_set":25}'
[2026-09-13 15:13:32] debug: 	zh:ember:uart:ash: <--- [FRAME type=DATA]
[2026-09-13 15:13:32] debug: 	zh:ember:uart:ash: <--- [FRAME type=DATA ackNum=6](ackRx=5 frmTx=6)
[2026-09-13 15:13:32] debug: 	zh:ember:uart:ash: <--- [FRAME type=DATA ackNum=6 frmNum=4](frmRx=4) Added to rxQueue
[2026-09-13 15:13:32] debug: 	zh:ember:uart:ash: ---> [FRAME type=ACK frmRx=5](ackRx=6)
[2026-09-13 15:13:32] debug: 	zh:ember:ezsp: <=== [FRAME: ID=52:"SEND_UNICAST" Seq=213 Len=7]
[2026-09-13 15:13:32] debug: 	zh:ember:ezsp: ~~~> [SENT type=DIRECT apsSequence=246 messageTag=52 status=OK]
[2026-09-13 15:13:32] debug: 	zh:ember:uart:ash: <--- [FRAME type=DATA]
[2026-09-13 15:13:32] debug: 	zh:ember:uart:ash: <--- [FRAME type=DATA ackNum=6](ackRx=6 frmTx=6)
[2026-09-13 15:13:32] debug: 	zh:ember:uart:ash: <--- [FRAME type=DATA ackNum=6 frmNum=5](frmRx=5) Added to rxQueue
[2026-09-13 15:13:32] debug: 	zh:ember:uart:ash: ---> [FRAME type=ACK frmRx=6](ackRx=6)
[2026-09-13 15:13:32] debug: 	zh:ember:ezsp: <=== [CBFRAME: ID=63:"MESSAGE_SENT_HANDLER" Seq=213 Len=22]
[2026-09-13 15:13:32] debug: 	zh:ember:ezsp: ezspMessageSentHandler: status=OK type=DIRECT indexOrDestination=3595 apsFrame={"profileId":260,"clusterId":61184,"sourceEndpoint":1,"destinationEndpoint":1,"options":4352,"groupId":0,"sequence":246} messageTag=52
[2026-09-13 15:13:32] debug: 	zh:ember:uart:ash: <--- [FRAME type=DATA]
[2026-09-13 15:13:32] debug: 	zh:ember:uart:ash: <--- [FRAME type=DATA ackNum=6](ackRx=6 frmTx=6)
[2026-09-13 15:13:32] debug: 	zh:ember:uart:ash: <--- [FRAME type=DATA ackNum=6 frmNum=6](frmRx=6) Added to rxQueue
[2026-09-13 15:13:32] debug: 	zh:ember:uart:ash: ---> [FRAME type=ACK frmRx=7](ackRx=6)
[2026-09-13 15:13:32] debug: 	zh:ember:ezsp: <=== [CBFRAME: ID=69:"INCOMING_MESSAGE_HANDLER" Seq=213 Len=38]
[2026-09-13 15:13:32] debug: 	zh:ember:ezsp: ezspIncomingMessageHandler: type=UNICAST apsFrame={"profileId":260,"clusterId":61184,"sourceEndpoint":1,"destinationEndpoint":1,"options":256,"groupId":0,"sequence":64} packetInfo:{"senderShortId":3595,"senderLongId":"0xffffffffffffffff","bindingIndex":255,"addressIndex":255,"lastHopLqi":136,"lastHopRssi":-66,"lastHopTimestamp":0} messageContents=093c02008a0202000400000026
[2026-09-13 15:13:32] debug: 	zh:controller: Received payload: clusterID=61184, address=3595, groupID=0, endpoint=1, destinationEndpoint=1, wasBroadcast=false, linkQuality=136, frame={"header":{"frameControl":{"frameType":1,"manufacturerSpecific":false,"direction":1,"disableDefaultResponse":false,"reservedBits":0},"transactionSequenceNumber":60,"commandIdentifier":2},"payload":{"seq":35328,"dpValues":[{"dp":2,"datatype":2,"data":{"type":"Buffer","data":[0,0,0,38]}}]},"command":{"name":"dataReport","ID":2,"parameters":[{"name":"seq","type":33,"max":65535},{"name":"dpValues","type":1011}]}}
[2026-09-13 15:13:32] debug: 	zh:controller:endpoint: ZCL command 0x94b216fffef3cf25/1 manuSpecificTuya.defaultRsp({"cmdId":2,"statusCode":0}, {"timeout":10000,"disableResponse":false,"disableRecovery":false,"disableDefaultResponse":true,"direction":0,"reservedBits":0,"transactionSequenceNumber":60,"writeUndiv":false})
[2026-09-13 15:13:32] debug: 	zh:ember: ~~~> [ZCL to=0x94b216fffef3cf25:3595 apsFrame={"profileId":260,"clusterId":61184,"sourceEndpoint":1,"destinationEndpoint":1,"options":4352,"groupId":0,"sequence":0} header={"frameControl":{"reservedBits":0,"frameType":0,"direction":0,"disableDefaultResponse":true,"manufacturerSpecific":false},"transactionSequenceNumber":60,"commandIdentifier":11}]
[2026-09-13 15:13:32] debug: 	zh:ember:ezsp: ===> [FRAME: ID=52:"SEND_UNICAST" Seq=214 Len=26]
[2026-09-13 15:13:32] debug: 	zh:ember:uart:ash: ---> [FRAME type=DATA frmTx=6 frmRx=7](ackRx=6)
[2026-09-13 15:13:32] debug: 	z2m: Received Zigbee message from 'Nivelagua', type 'commandDataReport', cluster 'manuSpecificTuya', data '{"dpValues":[{"data":{"data":[0,0,0,38],"type":"Buffer"},"datatype":2,"dp":2}],"seq":35328}' from endpoint 1 with groupID 0
[2026-09-13 15:13:32] info: 	z2m:mqtt: MQTT publish: topic 'zigbee2mqtt/Nivelagua', payload '{"installation_height":0.75,"linkquality":136,"liquid_depth":0.38,"liquid_depth_max":0.28,"liquid_level_percent":81,"liquid_state":"high","max_set":80,"min_set":25}'
[2026-09-13 15:13:32] debug: 	zh:ember:uart:ash: <--- [FRAME type=DATA]
[2026-09-13 15:13:32] debug: 	zh:ember:uart:ash: <--- [FRAME type=DATA ackNum=7](ackRx=6 frmTx=7)
[2026-09-13 15:13:32] debug: 	zh:ember:uart:ash: <--- [FRAME type=DATA ackNum=7 frmNum=7](frmRx=7) Added to rxQueue
[2026-09-13 15:13:32] debug: 	zh:ember:uart:ash: ---> [FRAME type=ACK frmRx=0](ackRx=7)
[2026-09-13 15:13:32] debug: 	zh:ember:ezsp: <=== [FRAME: ID=52:"SEND_UNICAST" Seq=214 Len=7]
[2026-09-13 15:13:32] debug: 	zh:ember:ezsp: ~~~> [SENT type=DIRECT apsSequence=247 messageTag=53 status=OK]
[2026-09-13 15:13:33] debug: 	zh:ember:uart:ash: <--- [FRAME type=DATA]
[2026-09-13 15:13:33] debug: 	zh:ember:uart:ash: <--- [FRAME type=DATA ackNum=7](ackRx=7 frmTx=7)
[2026-09-13 15:13:33] debug: 	zh:ember:uart:ash: <--- [FRAME type=DATA ackNum=7 frmNum=0](frmRx=0) Added to rxQueue
[2026-09-13 15:13:33] debug: 	zh:ember:uart:ash: ---> [FRAME type=ACK frmRx=1](ackRx=7)
[2026-09-13 15:13:33] debug: 	zh:ember:ezsp: <=== [CBFRAME: ID=63:"MESSAGE_SENT_HANDLER" Seq=214 Len=22]
[2026-09-13 15:13:33] debug: 	zh:ember:ezsp: ezspMessageSentHandler: status=OK type=DIRECT indexOrDestination=3595 apsFrame={"profileId":260,"clusterId":61184,"sourceEndpoint":1,"destinationEndpoint":1,"options":4352,"groupId":0,"sequence":247} messageTag=53
[2026-09-13 15:13:33] debug: 	zh:ember:uart:ash: <--- [FRAME type=DATA]
[2026-09-13 15:13:33] debug: 	zh:ember:uart:ash: <--- [FRAME type=DATA ackNum=7](ackRx=7 frmTx=7)
[2026-09-13 15:13:33] debug: 	zh:ember:uart:ash: <--- [FRAME type=DATA ackNum=7 frmNum=1](frmRx=1) Added to rxQueue
[2026-09-13 15:13:33] debug: 	zh:ember:uart:ash: ---> [FRAME type=ACK frmRx=2](ackRx=7)
[2026-09-13 15:13:33] debug: 	zh:ember:ezsp: <=== [CBFRAME: ID=69:"INCOMING_MESSAGE_HANDLER" Seq=214 Len=38]
[2026-09-13 15:13:33] debug: 	zh:ember:ezsp: ezspIncomingMessageHandler: type=UNICAST apsFrame={"profileId":260,"clusterId":61184,"sourceEndpoint":1,"destinationEndpoint":1,"options":256,"groupId":0,"sequence":65} packetInfo:{"senderShortId":3595,"senderLongId":"0xffffffffffffffff","bindingIndex":255,"addressIndex":255,"lastHopLqi":136,"lastHopRssi":-66,"lastHopTimestamp":0} messageContents=093d02008b1602000400000051
[2026-09-13 15:13:33] debug: 	zh:controller: Received payload: clusterID=61184, address=3595, groupID=0, endpoint=1, destinationEndpoint=1, wasBroadcast=false, linkQuality=136, frame={"header":{"frameControl":{"frameType":1,"manufacturerSpecific":false,"direction":1,"disableDefaultResponse":false,"reservedBits":0},"transactionSequenceNumber":61,"commandIdentifier":2},"payload":{"seq":35584,"dpValues":[{"dp":22,"datatype":2,"data":{"type":"Buffer","data":[0,0,0,81]}}]},"command":{"name":"dataReport","ID":2,"parameters":[{"name":"seq","type":33,"max":65535},{"name":"dpValues","type":1011}]}}
[2026-09-13 15:13:33] debug: 	zh:controller:endpoint: ZCL command 0x94b216fffef3cf25/1 manuSpecificTuya.defaultRsp({"cmdId":2,"statusCode":0}, {"timeout":10000,"disableResponse":false,"disableRecovery":false,"disableDefaultResponse":true,"direction":0,"reservedBits":0,"transactionSequenceNumber":61,"writeUndiv":false})
[2026-09-13 15:13:33] debug: 	zh:ember: ~~~> [ZCL to=0x94b216fffef3cf25:3595 apsFrame={"profileId":260,"clusterId":61184,"sourceEndpoint":1,"destinationEndpoint":1,"options":4352,"groupId":0,"sequence":0} header={"frameControl":{"reservedBits":0,"frameType":0,"direction":0,"disableDefaultResponse":true,"manufacturerSpecific":false},"transactionSequenceNumber":61,"commandIdentifier":11}]
[2026-09-13 15:13:33] debug: 	zh:ember:ezsp: ===> [FRAME: ID=52:"SEND_UNICAST" Seq=215 Len=26]
[2026-09-13 15:13:33] debug: 	zh:ember:uart:ash: ---> [FRAME type=DATA frmTx=7 frmRx=2](ackRx=7)
[2026-09-13 15:13:33] debug: 	z2m: Received Zigbee message from 'Nivelagua', type 'commandDataReport', cluster 'manuSpecificTuya', data '{"dpValues":[{"data":{"data":[0,0,0,81],"type":"Buffer"},"datatype":2,"dp":22}],"seq":35584}' from endpoint 1 with groupID 0
[2026-09-13 15:13:33] info: 	z2m:mqtt: MQTT publish: topic 'zigbee2mqtt/Nivelagua', payload '{"installation_height":0.75,"linkquality":136,"liquid_depth":0.38,"liquid_depth_max":0.28,"liquid_level_percent":81,"liquid_state":"high","max_set":80,"min_set":25}'
[2026-09-13 15:13:33] debug: 	zh:ember:uart:ash: <--- [FRAME type=DATA]
[2026-09-13 15:13:33] debug: 	zh:ember:uart:ash: <--- [FRAME type=DATA ackNum=0](ackRx=7 frmTx=0)
[2026-09-13 15:13:33] debug: 	zh:ember:uart:ash: <--- [FRAME type=DATA ackNum=0 frmNum=2](frmRx=2) Added to rxQueue
[2026-09-13 15:13:33] debug: 	zh:ember:uart:ash: ---> [FRAME type=ACK frmRx=3](ackRx=0)
[2026-09-13 15:13:33] debug: 	zh:ember:ezsp: <=== [FRAME: ID=52:"SEND_UNICAST" Seq=215 Len=7]
[2026-09-13 15:13:33] debug: 	zh:ember:ezsp: ~~~> [SENT type=DIRECT apsSequence=248 messageTag=54 status=OK]
[2026-09-13 15:13:33] debug: 	zh:ember:uart:ash: <--- [FRAME type=DATA]
[2026-09-13 15:13:33] debug: 	zh:ember:uart:ash: <--- [FRAME type=DATA ackNum=0](ackRx=0 frmTx=0)
[2026-09-13 15:13:33] debug: 	zh:ember:uart:ash: <--- [FRAME type=DATA ackNum=0 frmNum=3](frmRx=3) Added to rxQueue
[2026-09-13 15:13:33] debug: 	zh:ember:uart:ash: ---> [FRAME type=ACK frmRx=4](ackRx=0)
[2026-09-13 15:13:33] debug: 	zh:ember:ezsp: <=== [CBFRAME: ID=63:"MESSAGE_SENT_HANDLER" Seq=215 Len=22]
[2026-09-13 15:13:33] debug: 	zh:ember:ezsp: ezspMessageSentHandler: status=OK type=DIRECT indexOrDestination=3595 apsFrame={"profileId":260,"clusterId":61184,"sourceEndpoint":1,"destinationEndpoint":1,"options":4352,"groupId":0,"sequence":248} messageTag=54
[2026-09-13 15:13:33] debug: 	zh:ember:uart:ash: <--- [FRAME type=DATA]
[2026-09-13 15:13:33] debug: 	zh:ember:uart:ash: <--- [FRAME type=DATA ackNum=0](ackRx=0 frmTx=0)
[2026-09-13 15:13:33] debug: 	zh:ember:uart:ash: <--- [FRAME type=DATA ackNum=0 frmNum=4](frmRx=4) Added to rxQueue
[2026-09-13 15:13:33] debug: 	zh:ember:uart:ash: ---> [FRAME type=ACK frmRx=5](ackRx=0)
[2026-09-13 15:13:33] debug: 	zh:ember:ezsp: <=== [CBFRAME: ID=69:"INCOMING_MESSAGE_HANDLER" Seq=215 Len=35]
[2026-09-13 15:13:33] debug: 	zh:ember:ezsp: ezspIncomingMessageHandler: type=UNICAST apsFrame={"profileId":260,"clusterId":61184,"sourceEndpoint":1,"destinationEndpoint":1,"options":256,"groupId":0,"sequence":66} packetInfo:{"senderShortId":3595,"senderLongId":"0xffffffffffffffff","bindingIndex":255,"addressIndex":255,"lastHopLqi":136,"lastHopRssi":-66,"lastHopTimestamp":0} messageContents=093e02008c0104000102
[2026-09-13 15:13:33] debug: 	zh:controller: Received payload: clusterID=61184, address=3595, groupID=0, endpoint=1, destinationEndpoint=1, wasBroadcast=false, linkQuality=136, frame={"header":{"frameControl":{"frameType":1,"manufacturerSpecific":false,"direction":1,"disableDefaultResponse":false,"reservedBits":0},"transactionSequenceNumber":62,"commandIdentifier":2},"payload":{"seq":35840,"dpValues":[{"dp":1,"datatype":4,"data":{"type":"Buffer","data":[2]}}]},"command":{"name":"dataReport","ID":2,"parameters":[{"name":"seq","type":33,"max":65535},{"name":"dpValues","type":1011}]}}
[2026-09-13 15:13:33] debug: 	zh:controller:endpoint: ZCL command 0x94b216fffef3cf25/1 manuSpecificTuya.defaultRsp({"cmdId":2,"statusCode":0}, {"timeout":10000,"disableResponse":false,"disableRecovery":false,"disableDefaultResponse":true,"direction":0,"reservedBits":0,"transactionSequenceNumber":62,"writeUndiv":false})
[2026-09-13 15:13:33] debug: 	zh:ember: ~~~> [ZCL to=0x94b216fffef3cf25:3595 apsFrame={"profileId":260,"clusterId":61184,"sourceEndpoint":1,"destinationEndpoint":1,"options":4352,"groupId":0,"sequence":0} header={"frameControl":{"reservedBits":0,"frameType":0,"direction":0,"disableDefaultResponse":true,"manufacturerSpecific":false},"transactionSequenceNumber":62,"commandIdentifier":11}]
[2026-09-13 15:13:33] debug: 	zh:ember:ezsp: ===> [FRAME: ID=52:"SEND_UNICAST" Seq=216 Len=26]
[2026-09-13 15:13:33] debug: 	zh:ember:uart:ash: ---> [FRAME type=DATA frmTx=0 frmRx=5](ackRx=0)
[2026-09-13 15:13:33] debug: 	z2m: Received Zigbee message from 'Nivelagua', type 'commandDataReport', cluster 'manuSpecificTuya', data '{"dpValues":[{"data":{"data":[2],"type":"Buffer"},"datatype":4,"dp":1}],"seq":35840}' from endpoint 1 with groupID 0
[2026-09-13 15:13:33] info: 	z2m:mqtt: MQTT publish: topic 'zigbee2mqtt/Nivelagua', payload '{"installation_height":0.75,"linkquality":136,"liquid_depth":0.38,"liquid_depth_max":0.28,"liquid_level_percent":81,"liquid_state":"high","max_set":80,"min_set":25}'
[2026-09-13 15:13:33] debug: 	zh:ember:uart:ash: <--- [FRAME type=DATA]
[2026-09-13 15:13:33] debug: 	zh:ember:uart:ash: <--- [FRAME type=DATA ackNum=1](ackRx=0 frmTx=1)
[2026-09-13 15:13:33] debug: 	zh:ember:uart:ash: <--- [FRAME type=DATA ackNum=1 frmNum=5](frmRx=5) Added to rxQueue
[2026-09-13 15:13:33] debug: 	zh:ember:uart:ash: ---> [FRAME type=ACK frmRx=6](ackRx=1)
[2026-09-13 15:13:33] debug: 	zh:ember:ezsp: <=== [FRAME: ID=52:"SEND_UNICAST" Seq=216 Len=7]
[2026-09-13 15:13:33] debug: 	zh:ember:ezsp: ~~~> [SENT type=DIRECT apsSequence=249 messageTag=55 status=OK]
[2026-09-13 15:13:33] debug: 	zh:ember:uart:ash: <--- [FRAME type=DATA]
[2026-09-13 15:13:33] debug: 	zh:ember:uart:ash: <--- [FRAME type=DATA ackNum=1](ackRx=1 frmTx=1)
[2026-09-13 15:13:33] debug: 	zh:ember:uart:ash: <--- [FRAME type=DATA ackNum=1 frmNum=6](frmRx=6) Added to rxQueue
[2026-09-13 15:13:33] debug: 	zh:ember:uart:ash: ---> [FRAME type=ACK frmRx=7](ackRx=1)
[2026-09-13 15:13:33] debug: 	zh:ember:ezsp: <=== [CBFRAME: ID=63:"MESSAGE_SENT_HANDLER" Seq=216 Len=22]
[2026-09-13 15:13:33] debug: 	zh:ember:ezsp: ezspMessageSentHandler: status=OK type=DIRECT indexOrDestination=3595 apsFrame={"profileId":260,"clusterId":61184,"sourceEndpoint":1,"destinationEndpoint":1,"options":4352,"groupId":0,"sequence":249} messageTag=55
[2026-09-13 15:13:34] debug: 	zh:ember:uart:ash: <--- [FRAME type=DATA]
[2026-09-13 15:13:34] debug: 	zh:ember:uart:ash: <--- [FRAME type=DATA ackNum=1](ackRx=1 frmTx=1)
[2026-09-13 15:13:34] debug: 	zh:ember:uart:ash: <--- [FRAME type=DATA ackNum=1 frmNum=7](frmRx=7) Added to rxQueue
[2026-09-13 15:13:34] debug: 	zh:ember:uart:ash: ---> [FRAME type=ACK frmRx=0](ackRx=1)
[2026-09-13 15:13:34] debug: 	zh:ember:ezsp: <=== [CBFRAME: ID=69:"INCOMING_MESSAGE_HANDLER" Seq=216 Len=38]
[2026-09-13 15:13:34] debug: 	zh:ember:ezsp: ezspIncomingMessageHandler: type=UNICAST apsFrame={"profileId":260,"clusterId":61184,"sourceEndpoint":1,"destinationEndpoint":1,"options":256,"groupId":0,"sequence":67} packetInfo:{"senderShortId":3595,"senderLongId":"0xffffffffffffffff","bindingIndex":255,"addressIndex":255,"lastHopLqi":136,"lastHopRssi":-66,"lastHopTimestamp":0} messageContents=093f02008d0202000400000026
[2026-09-13 15:13:34] debug: 	zh:controller: Received payload: clusterID=61184, address=3595, groupID=0, endpoint=1, destinationEndpoint=1, wasBroadcast=false, linkQuality=136, frame={"header":{"frameControl":{"frameType":1,"manufacturerSpecific":false,"direction":1,"disableDefaultResponse":false,"reservedBits":0},"transactionSequenceNumber":63,"commandIdentifier":2},"payload":{"seq":36096,"dpValues":[{"dp":2,"datatype":2,"data":{"type":"Buffer","data":[0,0,0,38]}}]},"command":{"name":"dataReport","ID":2,"parameters":[{"name":"seq","type":33,"max":65535},{"name":"dpValues","type":1011}]}}
[2026-09-13 15:13:34] debug: 	zh:controller:endpoint: ZCL command 0x94b216fffef3cf25/1 manuSpecificTuya.defaultRsp({"cmdId":2,"statusCode":0}, {"timeout":10000,"disableResponse":false,"disableRecovery":false,"disableDefaultResponse":true,"direction":0,"reservedBits":0,"transactionSequenceNumber":63,"writeUndiv":false})
[2026-09-13 15:13:34] debug: 	zh:ember: ~~~> [ZCL to=0x94b216fffef3cf25:3595 apsFrame={"profileId":260,"clusterId":61184,"sourceEndpoint":1,"destinationEndpoint":1,"options":4352,"groupId":0,"sequence":0} header={"frameControl":{"reservedBits":0,"frameType":0,"direction":0,"disableDefaultResponse":true,"manufacturerSpecific":false},"transactionSequenceNumber":63,"commandIdentifier":11}]
[2026-09-13 15:13:34] debug: 	zh:ember:ezsp: ===> [FRAME: ID=52:"SEND_UNICAST" Seq=217 Len=26]
[2026-09-13 15:13:34] debug: 	zh:ember:uart:ash: ---> [FRAME type=DATA frmTx=1 frmRx=0](ackRx=1)
[2026-09-13 15:13:34] debug: 	z2m: Received Zigbee message from 'Nivelagua', type 'commandDataReport', cluster 'manuSpecificTuya', data '{"dpValues":[{"data":{"data":[0,0,0,38],"type":"Buffer"},"datatype":2,"dp":2}],"seq":36096}' from endpoint 1 with groupID 0
[2026-09-13 15:13:34] info: 	z2m:mqtt: MQTT publish: topic 'zigbee2mqtt/Nivelagua', payload '{"installation_height":0.75,"linkquality":136,"liquid_depth":0.38,"liquid_depth_max":0.28,"liquid_level_percent":81,"liquid_state":"high","max_set":80,"min_set":25}'
[2026-09-13 15:13:34] debug: 	zh:ember:uart:ash: <--- [FRAME type=DATA]
[2026-09-13 15:13:34] debug: 	zh:ember:uart:ash: <--- [FRAME type=DATA ackNum=2](ackRx=1 frmTx=2)
[2026-09-13 15:13:34] debug: 	zh:ember:uart:ash: <--- [FRAME type=DATA ackNum=2 frmNum=0](frmRx=0) Added to rxQueue
[2026-09-13 15:13:34] debug: 	zh:ember:uart:ash: ---> [FRAME type=ACK frmRx=1](ackRx=2)
[2026-09-13 15:13:34] debug: 	zh:ember:ezsp: <=== [FRAME: ID=52:"SEND_UNICAST" Seq=217 Len=7]
[2026-09-13 15:13:34] debug: 	zh:ember:ezsp: ~~~> [SENT type=DIRECT apsSequence=250 messageTag=56 status=OK]
[2026-09-13 15:13:34] debug: 	zh:ember:uart:ash: <--- [FRAME type=DATA]
[2026-09-13 15:13:34] debug: 	zh:ember:uart:ash: <--- [FRAME type=DATA ackNum=2](ackRx=2 frmTx=2)
[2026-09-13 15:13:34] debug: 	zh:ember:uart:ash: <--- [FRAME type=DATA ackNum=2 frmNum=1](frmRx=1) Added to rxQueue
[2026-09-13 15:13:34] debug: 	zh:ember:uart:ash: ---> [FRAME type=ACK frmRx=2](ackRx=2)
[2026-09-13 15:13:34] debug: 	zh:ember:ezsp: <=== [CBFRAME: ID=63:"MESSAGE_SENT_HANDLER" Seq=217 Len=22]
[2026-09-13 15:13:34] debug: 	zh:ember:ezsp: ezspMessageSentHandler: status=OK type=DIRECT indexOrDestination=3595 apsFrame={"profileId":260,"clusterId":61184,"sourceEndpoint":1,"destinationEndpoint":1,"options":4352,"groupId":0,"sequence":250} messageTag=56
[2026-09-13 15:13:34] debug: 	zh:ember:uart:ash: <--- [FRAME type=DATA]
[2026-09-13 15:13:34] debug: 	zh:ember:uart:ash: <--- [FRAME type=DATA ackNum=2](ackRx=2 frmTx=2)
[2026-09-13 15:13:34] debug: 	zh:ember:uart:ash: <--- [FRAME type=DATA ackNum=2 frmNum=2](frmRx=2) Added to rxQueue
[2026-09-13 15:13:34] debug: 	zh:ember:uart:ash: ---> [FRAME type=ACK frmRx=3](ackRx=2)
[2026-09-13 15:13:34] debug: 	zh:ember:ezsp: <=== [CBFRAME: ID=69:"INCOMING_MESSAGE_HANDLER" Seq=217 Len=38]
[2026-09-13 15:13:34] debug: 	zh:ember:ezsp: ezspIncomingMessageHandler: type=UNICAST apsFrame={"profileId":260,"clusterId":61184,"sourceEndpoint":1,"destinationEndpoint":1,"options":256,"groupId":0,"sequence":68} packetInfo:{"senderShortId":3595,"senderLongId":"0xffffffffffffffff","bindingIndex":255,"addressIndex":255,"lastHopLqi":136,"lastHopRssi":-66,"lastHopTimestamp":0} messageContents=094002008e1602000400000051
[2026-09-13 15:13:34] debug: 	zh:controller: Received payload: clusterID=61184, address=3595, groupID=0, endpoint=1, destinationEndpoint=1, wasBroadcast=false, linkQuality=136, frame={"header":{"frameControl":{"frameType":1,"manufacturerSpecific":false,"direction":1,"disableDefaultResponse":false,"reservedBits":0},"transactionSequenceNumber":64,"commandIdentifier":2},"payload":{"seq":36352,"dpValues":[{"dp":22,"datatype":2,"data":{"type":"Buffer","data":[0,0,0,81]}}]},"command":{"name":"dataReport","ID":2,"parameters":[{"name":"seq","type":33,"max":65535},{"name":"dpValues","type":1011}]}}
[2026-09-13 15:13:34] debug: 	zh:controller:endpoint: ZCL command 0x94b216fffef3cf25/1 manuSpecificTuya.defaultRsp({"cmdId":2,"statusCode":0}, {"timeout":10000,"disableResponse":false,"disableRecovery":false,"disableDefaultResponse":true,"direction":0,"reservedBits":0,"transactionSequenceNumber":64,"writeUndiv":false})
[2026-09-13 15:13:34] debug: 	zh:ember: ~~~> [ZCL to=0x94b216fffef3cf25:3595 apsFrame={"profileId":260,"clusterId":61184,"sourceEndpoint":1,"destinationEndpoint":1,"options":4352,"groupId":0,"sequence":0} header={"frameControl":{"reservedBits":0,"frameType":0,"direction":0,"disableDefaultResponse":true,"manufacturerSpecific":false},"transactionSequenceNumber":64,"commandIdentifier":11}]
[2026-09-13 15:13:34] debug: 	zh:ember:ezsp: ===> [FRAME: ID=52:"SEND_UNICAST" Seq=218 Len=26]
[2026-09-13 15:13:34] debug: 	zh:ember:uart:ash: ---> [FRAME type=DATA frmTx=2 frmRx=3](ackRx=2)
[2026-09-13 15:13:34] debug: 	z2m: Received Zigbee message from 'Nivelagua', type 'commandDataReport', cluster 'manuSpecificTuya', data '{"dpValues":[{"data":{"data":[0,0,0,81],"type":"Buffer"},"datatype":2,"dp":22}],"seq":36352}' from endpoint 1 with groupID 0
[2026-09-13 15:13:34] info: 	z2m:mqtt: MQTT publish: topic 'zigbee2mqtt/Nivelagua', payload '{"installation_height":0.75,"linkquality":136,"liquid_depth":0.38,"liquid_depth_max":0.28,"liquid_level_percent":81,"liquid_state":"high","max_set":80,"min_set":25}'
[2026-09-13 15:13:34] debug: 	zh:ember:uart:ash: <--- [FRAME type=DATA]
[2026-09-13 15:13:34] debug: 	zh:ember:uart:ash: <--- [FRAME type=DATA ackNum=3](ackRx=2 frmTx=3)
[2026-09-13 15:13:34] debug: 	zh:ember:uart:ash: <--- [FRAME type=DATA ackNum=3 frmNum=3](frmRx=3) Added to rxQueue
[2026-09-13 15:13:34] debug: 	zh:ember:uart:ash: ---> [FRAME type=ACK frmRx=4](ackRx=3)
[2026-09-13 15:13:34] debug: 	zh:ember:ezsp: <=== [FRAME: ID=52:"SEND_UNICAST" Seq=218 Len=7]
[2026-09-13 15:13:34] debug: 	zh:ember:ezsp: ~~~> [SENT type=DIRECT apsSequence=251 messageTag=57 status=OK]
[2026-09-13 15:13:34] debug: 	zh:ember:uart:ash: <--- [FRAME type=DATA]
[2026-09-13 15:13:34] debug: 	zh:ember:uart:ash: <--- [FRAME type=DATA ackNum=3](ackRx=3 frmTx=3)
[2026-09-13 15:13:34] debug: 	zh:ember:uart:ash: <--- [FRAME type=DATA ackNum=3 frmNum=4](frmRx=4) Added to rxQueue
[2026-09-13 15:13:34] debug: 	zh:ember:uart:ash: ---> [FRAME type=ACK frmRx=5](ackRx=3)
[2026-09-13 15:13:34] debug: 	zh:ember:ezsp: <=== [CBFRAME: ID=63:"MESSAGE_SENT_HANDLER" Seq=218 Len=22]
[2026-09-13 15:13:34] debug: 	zh:ember:ezsp: ezspMessageSentHandler: status=OK type=DIRECT indexOrDestination=3595 apsFrame={"profileId":260,"clusterId":61184,"sourceEndpoint":1,"destinationEndpoint":1,"options":4352,"groupId":0,"sequence":251} messageTag=57
[2026-09-13 15:13:34] debug: 	zh:ember:uart:ash: <--- [FRAME type=DATA]
[2026-09-13 15:13:34] debug: 	zh:ember:uart:ash: <--- [FRAME type=DATA ackNum=3](ackRx=3 frmTx=3)
[2026-09-13 15:13:34] debug: 	zh:ember:uart:ash: <--- [FRAME type=DATA ackNum=3 frmNum=5](frmRx=5) Added to rxQueue
[2026-09-13 15:13:34] debug: 	zh:ember:uart:ash: ---> [FRAME type=ACK frmRx=6](ackRx=3)
[2026-09-13 15:13:34] debug: 	zh:ember:ezsp: <=== [CBFRAME: ID=69:"INCOMING_MESSAGE_HANDLER" Seq=218 Len=35]
[2026-09-13 15:13:34] debug: 	zh:ember:ezsp: ezspIncomingMessageHandler: type=UNICAST apsFrame={"profileId":260,"clusterId":61184,"sourceEndpoint":1,"destinationEndpoint":1,"options":256,"groupId":0,"sequence":69} packetInfo:{"senderShortId":3595,"senderLongId":"0xffffffffffffffff","bindingIndex":255,"addressIndex":255,"lastHopLqi":136,"lastHopRssi":-66,"lastHopTimestamp":0} messageContents=094102008f0104000102
[2026-09-13 15:13:34] debug: 	zh:controller: Received payload: clusterID=61184, address=3595, groupID=0, endpoint=1, destinationEndpoint=1, wasBroadcast=false, linkQuality=136, frame={"header":{"frameControl":{"frameType":1,"manufacturerSpecific":false,"direction":1,"disableDefaultResponse":false,"reservedBits":0},"transactionSequenceNumber":65,"commandIdentifier":2},"payload":{"seq":36608,"dpValues":[{"dp":1,"datatype":4,"data":{"type":"Buffer","data":[2]}}]},"command":{"name":"dataReport","ID":2,"parameters":[{"name":"seq","type":33,"max":65535},{"name":"dpValues","type":1011}]}}
[2026-09-13 15:13:34] debug: 	zh:controller:endpoint: ZCL command 0x94b216fffef3cf25/1 manuSpecificTuya.defaultRsp({"cmdId":2,"statusCode":0}, {"timeout":10000,"disableResponse":false,"disableRecovery":false,"disableDefaultResponse":true,"direction":0,"reservedBits":0,"transactionSequenceNumber":65,"writeUndiv":false})
[2026-09-13 15:13:34] debug: 	zh:ember: ~~~> [ZCL to=0x94b216fffef3cf25:3595 apsFrame={"profileId":260,"clusterId":61184,"sourceEndpoint":1,"destinationEndpoint":1,"options":4352,"groupId":0,"sequence":0} header={"frameControl":{"reservedBits":0,"frameType":0,"direction":0,"disableDefaultResponse":true,"manufacturerSpecific":false},"transactionSequenceNumber":65,"commandIdentifier":11}]
[2026-09-13 15:13:34] debug: 	zh:ember:ezsp: ===> [FRAME: ID=52:"SEND_UNICAST" Seq=219 Len=26]
[2026-09-13 15:13:34] debug: 	zh:ember:uart:ash: ---> [FRAME type=DATA frmTx=3 frmRx=6](ackRx=3)
[2026-09-13 15:13:34] debug: 	z2m: Received Zigbee message from 'Nivelagua', type 'commandDataReport', cluster 'manuSpecificTuya', data '{"dpValues":[{"data":{"data":[2],"type":"Buffer"},"datatype":4,"dp":1}],"seq":36608}' from endpoint 1 with groupID 0
[2026-09-13 15:13:34] info: 	z2m:mqtt: MQTT publish: topic 'zigbee2mqtt/Nivelagua', payload '{"installation_height":0.75,"linkquality":136,"liquid_depth":0.38,"liquid_depth_max":0.28,"liquid_level_percent":81,"liquid_state":"high","max_set":80,"min_set":25}'
[2026-09-13 15:13:34] debug: 	zh:ember:uart:ash: <--- [FRAME type=DATA]
[2026-09-13 15:13:34] debug: 	zh:ember:uart:ash: <--- [FRAME type=DATA ackNum=4](ackRx=3 frmTx=4)
[2026-09-13 15:13:34] debug: 	zh:ember:uart:ash: <--- [FRAME type=DATA ackNum=4 frmNum=6](frmRx=6) Added to rxQueue
[2026-09-13 15:13:34] debug: 	zh:ember:uart:ash: ---> [FRAME type=ACK frmRx=7](ackRx=4)
[2026-09-13 15:13:34] debug: 	zh:ember:ezsp: <=== [FRAME: ID=52:"SEND_UNICAST" Seq=219 Len=7]
[2026-09-13 15:13:34] debug: 	zh:ember:ezsp: ~~~> [SENT type=DIRECT apsSequence=252 messageTag=58 status=OK]
[2026-09-13 15:13:34] debug: 	zh:ember:uart:ash: <--- [FRAME type=DATA]
[2026-09-13 15:13:34] debug: 	zh:ember:uart:ash: <--- [FRAME type=DATA ackNum=4](ackRx=4 frmTx=4)
[2026-09-13 15:13:34] debug: 	zh:ember:uart:ash: <--- [FRAME type=DATA ackNum=4 frmNum=7](frmRx=7) Added to rxQueue
[2026-09-13 15:13:34] debug: 	zh:ember:uart:ash: ---> [FRAME type=ACK frmRx=0](ackRx=4)
[2026-09-13 15:13:34] debug: 	zh:ember:ezsp: <=== [CBFRAME: ID=63:"MESSAGE_SENT_HANDLER" Seq=219 Len=22]
[2026-09-13 15:13:34] debug: 	zh:ember:ezsp: ezspMessageSentHandler: status=OK type=DIRECT indexOrDestination=3595 apsFrame={"profileId":260,"clusterId":61184,"sourceEndpoint":1,"destinationEndpoint":1,"options":4352,"groupId":0,"sequence":252} messageTag=58
[2026-09-13 15:13:35] debug: 	zh:ember:uart:ash: <--- [FRAME type=DATA]
[2026-09-13 15:13:35] debug: 	zh:ember:uart:ash: <--- [FRAME type=DATA ackNum=4](ackRx=4 frmTx=4)
[2026-09-13 15:13:35] debug: 	zh:ember:uart:ash: <--- [FRAME type=DATA ackNum=4 frmNum=0](frmRx=0) Added to rxQueue
[2026-09-13 15:13:35] debug: 	zh:ember:uart:ash: ---> [FRAME type=ACK frmRx=1](ackRx=4)
[2026-09-13 15:13:35] debug: 	zh:ember:ezsp: <=== [CBFRAME: ID=69:"INCOMING_MESSAGE_HANDLER" Seq=219 Len=38]
[2026-09-13 15:13:35] debug: 	zh:ember:ezsp: ezspIncomingMessageHandler: type=UNICAST apsFrame={"profileId":260,"clusterId":61184,"sourceEndpoint":1,"destinationEndpoint":1,"options":256,"groupId":0,"sequence":70} packetInfo:{"senderShortId":3595,"senderLongId":"0xffffffffffffffff","bindingIndex":255,"addressIndex":255,"lastHopLqi":136,"lastHopRssi":-66,"lastHopTimestamp":0} messageContents=09420200900202000400000026
[2026-09-13 15:13:35] debug: 	zh:controller: Received payload: clusterID=61184, address=3595, groupID=0, endpoint=1, destinationEndpoint=1, wasBroadcast=false, linkQuality=136, frame={"header":{"frameControl":{"frameType":1,"manufacturerSpecific":false,"direction":1,"disableDefaultResponse":false,"reservedBits":0},"transactionSequenceNumber":66,"commandIdentifier":2},"payload":{"seq":36864,"dpValues":[{"dp":2,"datatype":2,"data":{"type":"Buffer","data":[0,0,0,38]}}]},"command":{"name":"dataReport","ID":2,"parameters":[{"name":"seq","type":33,"max":65535},{"name":"dpValues","type":1011}]}}
[2026-09-13 15:13:35] debug: 	zh:controller:endpoint: ZCL command 0x94b216fffef3cf25/1 manuSpecificTuya.defaultRsp({"cmdId":2,"statusCode":0}, {"timeout":10000,"disableResponse":false,"disableRecovery":false,"disableDefaultResponse":true,"direction":0,"reservedBits":0,"transactionSequenceNumber":66,"writeUndiv":false})
[2026-09-13 15:13:35] debug: 	zh:ember: ~~~> [ZCL to=0x94b216fffef3cf25:3595 apsFrame={"profileId":260,"clusterId":61184,"sourceEndpoint":1,"destinationEndpoint":1,"options":4352,"groupId":0,"sequence":0} header={"frameControl":{"reservedBits":0,"frameType":0,"direction":0,"disableDefaultResponse":true,"manufacturerSpecific":false},"transactionSequenceNumber":66,"commandIdentifier":11}]
[2026-09-13 15:13:35] debug: 	zh:ember:ezsp: ===> [FRAME: ID=52:"SEND_UNICAST" Seq=220 Len=26]
[2026-09-13 15:13:35] debug: 	zh:ember:uart:ash: ---> [FRAME type=DATA frmTx=4 frmRx=1](ackRx=4)
[2026-09-13 15:13:35] debug: 	z2m: Received Zigbee message from 'Nivelagua', type 'commandDataReport', cluster 'manuSpecificTuya', data '{"dpValues":[{"data":{"data":[0,0,0,38],"type":"Buffer"},"datatype":2,"dp":2}],"seq":36864}' from endpoint 1 with groupID 0
[2026-09-13 15:13:35] info: 	z2m:mqtt: MQTT publish: topic 'zigbee2mqtt/Nivelagua', payload '{"installation_height":0.75,"linkquality":136,"liquid_depth":0.38,"liquid_depth_max":0.28,"liquid_level_percent":81,"liquid_state":"high","max_set":80,"min_set":25}'
[2026-09-13 15:13:35] debug: 	zh:ember:uart:ash: <--- [FRAME type=DATA]
[2026-09-13 15:13:35] debug: 	zh:ember:uart:ash: <--- [FRAME type=DATA ackNum=5](ackRx=4 frmTx=5)
[2026-09-13 15:13:35] debug: 	zh:ember:uart:ash: <--- [FRAME type=DATA ackNum=5 frmNum=1](frmRx=1) Added to rxQueue
[2026-09-13 15:13:35] debug: 	zh:ember:uart:ash: ---> [FRAME type=ACK frmRx=2](ackRx=5)
[2026-09-13 15:13:35] debug: 	zh:ember:ezsp: <=== [FRAME: ID=52:"SEND_UNICAST" Seq=220 Len=7]
[2026-09-13 15:13:35] debug: 	zh:ember:ezsp: ~~~> [SENT type=DIRECT apsSequence=253 messageTag=59 status=OK]
[2026-09-13 15:13:35] debug: 	zh:ember:uart:ash: <--- [FRAME type=DATA]
[2026-09-13 15:13:35] debug: 	zh:ember:uart:ash: <--- [FRAME type=DATA ackNum=5](ackRx=5 frmTx=5)
[2026-09-13 15:13:35] debug: 	zh:ember:uart:ash: <--- [FRAME type=DATA ackNum=5 frmNum=2](frmRx=2) Added to rxQueue
[2026-09-13 15:13:35] debug: 	zh:ember:uart:ash: ---> [FRAME type=ACK frmRx=3](ackRx=5)
[2026-09-13 15:13:35] debug: 	zh:ember:ezsp: <=== [CBFRAME: ID=63:"MESSAGE_SENT_HANDLER" Seq=220 Len=22]
[2026-09-13 15:13:35] debug: 	zh:ember:ezsp: ezspMessageSentHandler: status=OK type=DIRECT indexOrDestination=3595 apsFrame={"profileId":260,"clusterId":61184,"sourceEndpoint":1,"destinationEndpoint":1,"options":4352,"groupId":0,"sequence":253} messageTag=59
[2026-09-13 15:13:35] debug: 	zh:ember:uart:ash: <--- [FRAME type=DATA]
[2026-09-13 15:13:35] debug: 	zh:ember:uart:ash: <--- [FRAME type=DATA ackNum=5](ackRx=5 frmTx=5)
[2026-09-13 15:13:35] debug: 	zh:ember:uart:ash: <--- [FRAME type=DATA ackNum=5 frmNum=3](frmRx=3) Added to rxQueue
[2026-09-13 15:13:35] debug: 	zh:ember:uart:ash: ---> [FRAME type=ACK frmRx=4](ackRx=5)
[2026-09-13 15:13:35] debug: 	zh:ember:ezsp: <=== [CBFRAME: ID=69:"INCOMING_MESSAGE_HANDLER" Seq=220 Len=38]
[2026-09-13 15:13:35] debug: 	zh:ember:ezsp: ezspIncomingMessageHandler: type=UNICAST apsFrame={"profileId":260,"clusterId":61184,"sourceEndpoint":1,"destinationEndpoint":1,"options":256,"groupId":0,"sequence":71} packetInfo:{"senderShortId":3595,"senderLongId":"0xffffffffffffffff","bindingIndex":255,"addressIndex":255,"lastHopLqi":136,"lastHopRssi":-66,"lastHopTimestamp":0} messageContents=09430200911602000400000051
[2026-09-13 15:13:35] debug: 	zh:controller: Received payload: clusterID=61184, address=3595, groupID=0, endpoint=1, destinationEndpoint=1, wasBroadcast=false, linkQuality=136, frame={"header":{"frameControl":{"frameType":1,"manufacturerSpecific":false,"direction":1,"disableDefaultResponse":false,"reservedBits":0},"transactionSequenceNumber":67,"commandIdentifier":2},"payload":{"seq":37120,"dpValues":[{"dp":22,"datatype":2,"data":{"type":"Buffer","data":[0,0,0,81]}}]},"command":{"name":"dataReport","ID":2,"parameters":[{"name":"seq","type":33,"max":65535},{"name":"dpValues","type":1011}]}}
[2026-09-13 15:13:35] debug: 	zh:controller:endpoint: ZCL command 0x94b216fffef3cf25/1 manuSpecificTuya.defaultRsp({"cmdId":2,"statusCode":0}, {"timeout":10000,"disableResponse":false,"disableRecovery":false,"disableDefaultResponse":true,"direction":0,"reservedBits":0,"transactionSequenceNumber":67,"writeUndiv":false})
[2026-09-13 15:13:35] debug: 	zh:ember: ~~~> [ZCL to=0x94b216fffef3cf25:3595 apsFrame={"profileId":260,"clusterId":61184,"sourceEndpoint":1,"destinationEndpoint":1,"options":4352,"groupId":0,"sequence":0} header={"frameControl":{"reservedBits":0,"frameType":0,"direction":0,"disableDefaultResponse":true,"manufacturerSpecific":false},"transactionSequenceNumber":67,"commandIdentifier":11}]
[2026-09-13 15:13:35] debug: 	zh:ember:ezsp: ===> [FRAME: ID=52:"SEND_UNICAST" Seq=221 Len=26]
[2026-09-13 15:13:35] debug: 	zh:ember:uart:ash: ---> [FRAME type=DATA frmTx=5 frmRx=4](ackRx=5)
[2026-09-13 15:13:35] debug: 	z2m: Received Zigbee message from 'Nivelagua', type 'commandDataReport', cluster 'manuSpecificTuya', data '{"dpValues":[{"data":{"data":[0,0,0,81],"type":"Buffer"},"datatype":2,"dp":22}],"seq":37120}' from endpoint 1 with groupID 0
[2026-09-13 15:13:35] info: 	z2m:mqtt: MQTT publish: topic 'zigbee2mqtt/Nivelagua', payload '{"installation_height":0.75,"linkquality":136,"liquid_depth":0.38,"liquid_depth_max":0.28,"liquid_level_percent":81,"liquid_state":"high","max_set":80,"min_set":25}'
[2026-09-13 15:13:35] debug: 	zh:ember:uart:ash: <--- [FRAME type=DATA]
[2026-09-13 15:13:35] debug: 	zh:ember:uart:ash: <--- [FRAME type=DATA ackNum=6](ackRx=5 frmTx=6)
[2026-09-13 15:13:35] debug: 	zh:ember:uart:ash: <--- [FRAME type=DATA ackNum=6 frmNum=4](frmRx=4) Added to rxQueue
[2026-09-13 15:13:35] debug: 	zh:ember:uart:ash: ---> [FRAME type=ACK frmRx=5](ackRx=6)
[2026-09-13 15:13:35] debug: 	zh:ember:ezsp: <=== [FRAME: ID=52:"SEND_UNICAST" Seq=221 Len=7]
[2026-09-13 15:13:35] debug: 	zh:ember:ezsp: ~~~> [SENT type=DIRECT apsSequence=254 messageTag=60 status=OK]
[2026-09-13 15:13:35] debug: 	zh:ember:uart:ash: <--- [FRAME type=DATA]
[2026-09-13 15:13:35] debug: 	zh:ember:uart:ash: <--- [FRAME type=DATA ackNum=6](ackRx=6 frmTx=6)
[2026-09-13 15:13:35] debug: 	zh:ember:uart:ash: <--- [FRAME type=DATA ackNum=6 frmNum=5](frmRx=5) Added to rxQueue
[2026-09-13 15:13:35] debug: 	zh:ember:uart:ash: ---> [FRAME type=ACK frmRx=6](ackRx=6)
[2026-09-13 15:13:35] debug: 	zh:ember:ezsp: <=== [CBFRAME: ID=63:"MESSAGE_SENT_HANDLER" Seq=221 Len=22]
[2026-09-13 15:13:35] debug: 	zh:ember:ezsp: ezspMessageSentHandler: status=OK type=DIRECT indexOrDestination=3595 apsFrame={"profileId":260,"clusterId":61184,"sourceEndpoint":1,"destinationEndpoint":1,"options":4352,"groupId":0,"sequence":254} messageTag=60
[2026-09-13 15:13:36] debug: 	zh:ember:uart:ash: <--- [FRAME type=DATA]
[2026-09-13 15:13:36] debug: 	zh:ember:uart:ash: <--- [FRAME type=DATA ackNum=6](ackRx=6 frmTx=6)
[2026-09-13 15:13:36] debug: 	zh:ember:uart:ash: <--- [FRAME type=DATA ackNum=6 frmNum=6](frmRx=6) Added to rxQueue
[2026-09-13 15:13:36] debug: 	zh:ember:uart:ash: ---> [FRAME type=ACK frmRx=7](ackRx=6)
[2026-09-13 15:13:36] debug: 	zh:ember:ezsp: <=== [CBFRAME: ID=69:"INCOMING_MESSAGE_HANDLER" Seq=221 Len=35]
[2026-09-13 15:13:36] debug: 	zh:ember:ezsp: ezspIncomingMessageHandler: type=UNICAST apsFrame={"profileId":260,"clusterId":61184,"sourceEndpoint":1,"destinationEndpoint":1,"options":256,"groupId":0,"sequence":72} packetInfo:{"senderShortId":3595,"senderLongId":"0xffffffffffffffff","bindingIndex":255,"addressIndex":255,"lastHopLqi":136,"lastHopRssi":-66,"lastHopTimestamp":0} messageContents=09440200920104000102
[2026-09-13 15:13:36] debug: 	zh:controller: Received payload: clusterID=61184, address=3595, groupID=0, endpoint=1, destinationEndpoint=1, wasBroadcast=false, linkQuality=136, frame={"header":{"frameControl":{"frameType":1,"manufacturerSpecific":false,"direction":1,"disableDefaultResponse":false,"reservedBits":0},"transactionSequenceNumber":68,"commandIdentifier":2},"payload":{"seq":37376,"dpValues":[{"dp":1,"datatype":4,"data":{"type":"Buffer","data":[2]}}]},"command":{"name":"dataReport","ID":2,"parameters":[{"name":"seq","type":33,"max":65535},{"name":"dpValues","type":1011}]}}
[2026-09-13 15:13:36] debug: 	zh:controller:endpoint: ZCL command 0x94b216fffef3cf25/1 manuSpecificTuya.defaultRsp({"cmdId":2,"statusCode":0}, {"timeout":10000,"disableResponse":false,"disableRecovery":false,"disableDefaultResponse":true,"direction":0,"reservedBits":0,"transactionSequenceNumber":68,"writeUndiv":false})
[2026-09-13 15:13:36] debug: 	zh:ember: ~~~> [ZCL to=0x94b216fffef3cf25:3595 apsFrame={"profileId":260,"clusterId":61184,"sourceEndpoint":1,"destinationEndpoint":1,"options":4352,"groupId":0,"sequence":0} header={"frameControl":{"reservedBits":0,"frameType":0,"direction":0,"disableDefaultResponse":true,"manufacturerSpecific":false},"transactionSequenceNumber":68,"commandIdentifier":11}]
[2026-09-13 15:13:36] debug: 	zh:ember:ezsp: ===> [FRAME: ID=52:"SEND_UNICAST" Seq=222 Len=26]
[2026-09-13 15:13:36] debug: 	zh:ember:uart:ash: ---> [FRAME type=DATA frmTx=6 frmRx=7](ackRx=6)
[2026-09-13 15:13:36] debug: 	z2m: Received Zigbee message from 'Nivelagua', type 'commandDataReport', cluster 'manuSpecificTuya', data '{"dpValues":[{"data":{"data":[2],"type":"Buffer"},"datatype":4,"dp":1}],"seq":37376}' from endpoint 1 with groupID 0
[2026-09-13 15:13:36] info: 	z2m:mqtt: MQTT publish: topic 'zigbee2mqtt/Nivelagua', payload '{"installation_height":0.75,"linkquality":136,"liquid_depth":0.38,"liquid_depth_max":0.28,"liquid_level_percent":81,"liquid_state":"high","max_set":80,"min_set":25}'
[2026-09-13 15:13:36] debug: 	zh:ember:uart:ash: <--- [FRAME type=DATA]
[2026-09-13 15:13:36] debug: 	zh:ember:uart:ash: <--- [FRAME type=DATA ackNum=7](ackRx=6 frmTx=7)
[2026-09-13 15:13:36] debug: 	zh:ember:uart:ash: <--- [FRAME type=DATA ackNum=7 frmNum=7](frmRx=7) Added to rxQueue
[2026-09-13 15:13:36] debug: 	zh:ember:uart:ash: ---> [FRAME type=ACK frmRx=0](ackRx=7)
[2026-09-13 15:13:36] debug: 	zh:ember:ezsp: <=== [FRAME: ID=52:"SEND_UNICAST" Seq=222 Len=7]
[2026-09-13 15:13:36] debug: 	zh:ember:ezsp: ~~~> [SENT type=DIRECT apsSequence=255 messageTag=61 status=OK]
[2026-09-13 15:13:36] debug: 	zh:ember:uart:ash: <--- [FRAME type=DATA]
[2026-09-13 15:13:36] debug: 	zh:ember:uart:ash: <--- [FRAME type=DATA ackNum=7](ackRx=7 frmTx=7)
[2026-09-13 15:13:36] debug: 	zh:ember:uart:ash: <--- [FRAME type=DATA ackNum=7 frmNum=0](frmRx=0) Added to rxQueue
[2026-09-13 15:13:36] debug: 	zh:ember:uart:ash: ---> [FRAME type=ACK frmRx=1](ackRx=7)
[2026-09-13 15:13:36] debug: 	zh:ember:ezsp: <=== [CBFRAME: ID=63:"MESSAGE_SENT_HANDLER" Seq=222 Len=22]
[2026-09-13 15:13:36] debug: 	zh:ember:ezsp: ezspMessageSentHandler: status=OK type=DIRECT indexOrDestination=3595 apsFrame={"profileId":260,"clusterId":61184,"sourceEndpoint":1,"destinationEndpoint":1,"options":4352,"groupId":0,"sequence":255} messageTag=61
[2026-09-13 15:13:36] debug: 	zh:ember:uart:ash: <--- [FRAME type=DATA]
[2026-09-13 15:13:36] debug: 	zh:ember:uart:ash: <--- [FRAME type=DATA ackNum=7](ackRx=7 frmTx=7)
[2026-09-13 15:13:36] debug: 	zh:ember:uart:ash: <--- [FRAME type=DATA ackNum=7 frmNum=1](frmRx=1) Added to rxQueue
[2026-09-13 15:13:36] debug: 	zh:ember:uart:ash: ---> [FRAME type=ACK frmRx=2](ackRx=7)
[2026-09-13 15:13:36] debug: 	zh:ember:ezsp: <=== [CBFRAME: ID=69:"INCOMING_MESSAGE_HANDLER" Seq=222 Len=38]
[2026-09-13 15:13:36] debug: 	zh:ember:ezsp: ezspIncomingMessageHandler: type=UNICAST apsFrame={"profileId":260,"clusterId":61184,"sourceEndpoint":1,"destinationEndpoint":1,"options":256,"groupId":0,"sequence":73} packetInfo:{"senderShortId":3595,"senderLongId":"0xffffffffffffffff","bindingIndex":255,"addressIndex":255,"lastHopLqi":4,"lastHopRssi":-99,"lastHopTimestamp":0} messageContents=09450200930202000400000026
[2026-09-13 15:13:36] debug: 	zh:controller: Received payload: clusterID=61184, address=3595, groupID=0, endpoint=1, destinationEndpoint=1, wasBroadcast=false, linkQuality=4, frame={"header":{"frameControl":{"frameType":1,"manufacturerSpecific":false,"direction":1,"disableDefaultResponse":false,"reservedBits":0},"transactionSequenceNumber":69,"commandIdentifier":2},"payload":{"seq":37632,"dpValues":[{"dp":2,"datatype":2,"data":{"type":"Buffer","data":[0,0,0,38]}}]},"command":{"name":"dataReport","ID":2,"parameters":[{"name":"seq","type":33,"max":65535},{"name":"dpValues","type":1011}]}}
[2026-09-13 15:13:36] debug: 	zh:controller:endpoint: ZCL command 0x94b216fffef3cf25/1 manuSpecificTuya.defaultRsp({"cmdId":2,"statusCode":0}, {"timeout":10000,"disableResponse":false,"disableRecovery":false,"disableDefaultResponse":true,"direction":0,"reservedBits":0,"transactionSequenceNumber":69,"writeUndiv":false})
[2026-09-13 15:13:36] debug: 	zh:ember: ~~~> [ZCL to=0x94b216fffef3cf25:3595 apsFrame={"profileId":260,"clusterId":61184,"sourceEndpoint":1,"destinationEndpoint":1,"options":4352,"groupId":0,"sequence":0} header={"frameControl":{"reservedBits":0,"frameType":0,"direction":0,"disableDefaultResponse":true,"manufacturerSpecific":false},"transactionSequenceNumber":69,"commandIdentifier":11}]
[2026-09-13 15:13:36] debug: 	zh:ember:ezsp: ===> [FRAME: ID=52:"SEND_UNICAST" Seq=223 Len=26]
[2026-09-13 15:13:36] debug: 	zh:ember:uart:ash: ---> [FRAME type=DATA frmTx=7 frmRx=2](ackRx=7)
[2026-09-13 15:13:36] debug: 	z2m: Received Zigbee message from 'Nivelagua', type 'commandDataReport', cluster 'manuSpecificTuya', data '{"dpValues":[{"data":{"data":[0,0,0,38],"type":"Buffer"},"datatype":2,"dp":2}],"seq":37632}' from endpoint 1 with groupID 0
[2026-09-13 15:13:36] info: 	z2m:mqtt: MQTT publish: topic 'zigbee2mqtt/Nivelagua', payload '{"installation_height":0.75,"linkquality":4,"liquid_depth":0.38,"liquid_depth_max":0.28,"liquid_level_percent":81,"liquid_state":"high","max_set":80,"min_set":25}'
[2026-09-13 15:13:36] debug: 	zh:ember:uart:ash: <--- [FRAME type=DATA]
[2026-09-13 15:13:36] debug: 	zh:ember:uart:ash: <--- [FRAME type=DATA ackNum=0](ackRx=7 frmTx=0)
[2026-09-13 15:13:36] debug: 	zh:ember:uart:ash: <--- [FRAME type=DATA ackNum=0 frmNum=2](frmRx=2) Added to rxQueue
[2026-09-13 15:13:36] debug: 	zh:ember:uart:ash: ---> [FRAME type=ACK frmRx=3](ackRx=0)
[2026-09-13 15:13:36] debug: 	zh:ember:ezsp: <=== [FRAME: ID=52:"SEND_UNICAST" Seq=223 Len=7]
[2026-09-13 15:13:36] debug: 	zh:ember:ezsp: ~~~> [SENT type=DIRECT apsSequence=0 messageTag=62 status=OK]
[2026-09-13 15:13:36] debug: 	zh:ember:uart:ash: <--- [FRAME type=DATA]
[2026-09-13 15:13:36] debug: 	zh:ember:uart:ash: <--- [FRAME type=DATA ackNum=0](ackRx=0 frmTx=0)
[2026-09-13 15:13:36] debug: 	zh:ember:uart:ash: <--- [FRAME type=DATA ackNum=0 frmNum=3](frmRx=3) Added to rxQueue
[2026-09-13 15:13:36] debug: 	zh:ember:uart:ash: ---> [FRAME type=ACK frmRx=4](ackRx=0)
[2026-09-13 15:13:36] debug: 	zh:ember:ezsp: <=== [CBFRAME: ID=63:"MESSAGE_SENT_HANDLER" Seq=223 Len=22]
[2026-09-13 15:13:36] debug: 	zh:ember:ezsp: ezspMessageSentHandler: status=OK type=DIRECT indexOrDestination=3595 apsFrame={"profileId":260,"clusterId":61184,"sourceEndpoint":1,"destinationEndpoint":1,"options":4352,"groupId":0,"sequence":0} messageTag=62
[2026-09-13 15:13:36] debug: 	zh:ember:uart:ash: <--- [FRAME type=DATA]
[2026-09-13 15:13:36] debug: 	zh:ember:uart:ash: <--- [FRAME type=DATA ackNum=0](ackRx=0 frmTx=0)
[2026-09-13 15:13:36] debug: 	zh:ember:uart:ash: <--- [FRAME type=DATA ackNum=0 frmNum=4](frmRx=4) Added to rxQueue
[2026-09-13 15:13:36] debug: 	zh:ember:uart:ash: ---> [FRAME type=ACK frmRx=5](ackRx=0)
[2026-09-13 15:13:36] debug: 	zh:ember:ezsp: <=== [CBFRAME: ID=89:"INCOMING_ROUTE_RECORD_HANDLER" Seq=223 Len=22]
[2026-09-13 15:13:36] debug: 	zh:ember:ezsp: ezspIncomingRouteRecordHandler: source=3595 sourceEui=0x94b216fffef3cf25 lastHopLqi=136 lastHopRssi=-66 relayCount=2 relayList=41339,35598
[2026-09-13 15:13:36] debug: 	zh:ember:uart:ash: <--- [FRAME type=DATA]
[2026-09-13 15:13:36] debug: 	zh:ember:uart:ash: <--- [FRAME type=DATA ackNum=0](ackRx=0 frmTx=0)
[2026-09-13 15:13:36] debug: 	zh:ember:uart:ash: <--- [FRAME type=DATA ackNum=0 frmNum=5](frmRx=5) Added to rxQueue
[2026-09-13 15:13:36] debug: 	zh:ember:uart:ash: ---> [FRAME type=ACK frmRx=6](ackRx=0)
[2026-09-13 15:13:36] debug: 	zh:ember:ezsp: <=== [CBFRAME: ID=69:"INCOMING_MESSAGE_HANDLER" Seq=223 Len=38]
[2026-09-13 15:13:36] debug: 	zh:ember:ezsp: ezspIncomingMessageHandler: type=UNICAST apsFrame={"profileId":260,"clusterId":61184,"sourceEndpoint":1,"destinationEndpoint":1,"options":256,"groupId":0,"sequence":74} packetInfo:{"senderShortId":3595,"senderLongId":"0xffffffffffffffff","bindingIndex":255,"addressIndex":255,"lastHopLqi":136,"lastHopRssi":-66,"lastHopTimestamp":0} messageContents=09460200941602000400000051
[2026-09-13 15:13:36] debug: 	zh:controller: Received payload: clusterID=61184, address=3595, groupID=0, endpoint=1, destinationEndpoint=1, wasBroadcast=false, linkQuality=136, frame={"header":{"frameControl":{"frameType":1,"manufacturerSpecific":false,"direction":1,"disableDefaultResponse":false,"reservedBits":0},"transactionSequenceNumber":70,"commandIdentifier":2},"payload":{"seq":37888,"dpValues":[{"dp":22,"datatype":2,"data":{"type":"Buffer","data":[0,0,0,81]}}]},"command":{"name":"dataReport","ID":2,"parameters":[{"name":"seq","type":33,"max":65535},{"name":"dpValues","type":1011}]}}
[2026-09-13 15:13:36] debug: 	zh:controller:endpoint: ZCL command 0x94b216fffef3cf25/1 manuSpecificTuya.defaultRsp({"cmdId":2,"statusCode":0}, {"timeout":10000,"disableResponse":false,"disableRecovery":false,"disableDefaultResponse":true,"direction":0,"reservedBits":0,"transactionSequenceNumber":70,"writeUndiv":false})
[2026-09-13 15:13:36] debug: 	zh:ember: ~~~> [ZCL to=0x94b216fffef3cf25:3595 apsFrame={"profileId":260,"clusterId":61184,"sourceEndpoint":1,"destinationEndpoint":1,"options":4352,"groupId":0,"sequence":0} header={"frameControl":{"reservedBits":0,"frameType":0,"direction":0,"disableDefaultResponse":true,"manufacturerSpecific":false},"transactionSequenceNumber":70,"commandIdentifier":11}]
[2026-09-13 15:13:36] debug: 	zh:ember:ezsp: ===> [FRAME: ID=52:"SEND_UNICAST" Seq=224 Len=26]
[2026-09-13 15:13:36] debug: 	zh:ember:uart:ash: ---> [FRAME type=DATA frmTx=0 frmRx=6](ackRx=0)
[2026-09-13 15:13:36] debug: 	z2m: Received Zigbee message from 'Nivelagua', type 'commandDataReport', cluster 'manuSpecificTuya', data '{"dpValues":[{"data":{"data":[0,0,0,81],"type":"Buffer"},"datatype":2,"dp":22}],"seq":37888}' from endpoint 1 with groupID 0
[2026-09-13 15:13:36] info: 	z2m:mqtt: MQTT publish: topic 'zigbee2mqtt/Nivelagua', payload '{"installation_height":0.75,"linkquality":136,"liquid_depth":0.38,"liquid_depth_max":0.28,"liquid_level_percent":81,"liquid_state":"high","max_set":80,"min_set":25}'
[2026-09-13 15:13:36] debug: 	zh:ember:uart:ash: <--- [FRAME type=DATA]
[2026-09-13 15:13:36] debug: 	zh:ember:uart:ash: <--- [FRAME type=DATA ackNum=1](ackRx=0 frmTx=1)
[2026-09-13 15:13:36] debug: 	zh:ember:uart:ash: <--- [FRAME type=DATA ackNum=1 frmNum=6](frmRx=6) Added to rxQueue
[2026-09-13 15:13:36] debug: 	zh:ember:uart:ash: ---> [FRAME type=ACK frmRx=7](ackRx=1)
[2026-09-13 15:13:36] debug: 	zh:ember:ezsp: <=== [FRAME: ID=52:"SEND_UNICAST" Seq=224 Len=7]
[2026-09-13 15:13:36] debug: 	zh:ember:ezsp: ~~~> [SENT type=DIRECT apsSequence=1 messageTag=63 status=OK]
[2026-09-13 15:13:36] debug: 	zh:ember:uart:ash: <--- [FRAME type=DATA]
[2026-09-13 15:13:36] debug: 	zh:ember:uart:ash: <--- [FRAME type=DATA ackNum=1](ackRx=1 frmTx=1)
[2026-09-13 15:13:36] debug: 	zh:ember:uart:ash: <--- [FRAME type=DATA ackNum=1 frmNum=7](frmRx=7) Added to rxQueue
[2026-09-13 15:13:36] debug: 	zh:ember:uart:ash: ---> [FRAME type=ACK frmRx=0](ackRx=1)
[2026-09-13 15:13:36] debug: 	zh:ember:ezsp: <=== [CBFRAME: ID=63:"MESSAGE_SENT_HANDLER" Seq=224 Len=22]
[2026-09-13 15:13:36] debug: 	zh:ember:ezsp: ezspMessageSentHandler: status=OK type=DIRECT indexOrDestination=3595 apsFrame={"profileId":260,"clusterId":61184,"sourceEndpoint":1,"destinationEndpoint":1,"options":4352,"groupId":0,"sequence":1} messageTag=63
[2026-09-13 15:13:41] debug: 	zh:ember:uart:ash: <--- [FRAME type=DATA]
[2026-09-13 15:13:41] debug: 	zh:ember:uart:ash: <--- [FRAME type=DATA ackNum=1](ackRx=1 frmTx=1)
[2026-09-13 15:13:41] debug: 	zh:ember:uart:ash: <--- [FRAME type=DATA ackNum=1 frmNum=0](frmRx=0) Added to rxQueue
[2026-09-13 15:13:41] debug: 	zh:ember:uart:ash: ---> [FRAME type=ACK frmRx=1](ackRx=1)
[2026-09-13 15:13:41] debug: 	zh:ember:ezsp: <=== [CBFRAME: ID=89:"INCOMING_ROUTE_RECORD_HANDLER" Seq=224 Len=22]
[2026-09-13 15:13:41] debug: 	zh:ember:ezsp: ezspIncomingRouteRecordHandler: source=3595 sourceEui=0x94b216fffef3cf25 lastHopLqi=136 lastHopRssi=-66 relayCount=2 relayList=41339,35598
[2026-09-13 15:13:41] debug: 	zh:ember:uart:ash: <--- [FRAME type=DATA]
[2026-09-13 15:13:41] debug: 	zh:ember:uart:ash: <--- [FRAME type=DATA ackNum=1](ackRx=1 frmTx=1)
[2026-09-13 15:13:41] debug: 	zh:ember:uart:ash: <--- [FRAME type=DATA ackNum=1 frmNum=1](frmRx=1) Added to rxQueue
[2026-09-13 15:13:41] debug: 	zh:ember:uart:ash: ---> [FRAME type=ACK frmRx=2](ackRx=1)
[2026-09-13 15:13:41] debug: 	zh:ember:ezsp: <=== [CBFRAME: ID=69:"INCOMING_MESSAGE_HANDLER" Seq=224 Len=35]
[2026-09-13 15:13:41] debug: 	zh:ember:ezsp: ezspIncomingMessageHandler: type=UNICAST apsFrame={"profileId":260,"clusterId":61184,"sourceEndpoint":1,"destinationEndpoint":1,"options":256,"groupId":0,"sequence":75} packetInfo:{"senderShortId":3595,"senderLongId":"0xffffffffffffffff","bindingIndex":255,"addressIndex":255,"lastHopLqi":136,"lastHopRssi":-66,"lastHopTimestamp":0} messageContents=09470200950104000102
[2026-09-13 15:13:41] debug: 	zh:controller: Received payload: clusterID=61184, address=3595, groupID=0, endpoint=1, destinationEndpoint=1, wasBroadcast=false, linkQuality=136, frame={"header":{"frameControl":{"frameType":1,"manufacturerSpecific":false,"direction":1,"disableDefaultResponse":false,"reservedBits":0},"transactionSequenceNumber":71,"commandIdentifier":2},"payload":{"seq":38144,"dpValues":[{"dp":1,"datatype":4,"data":{"type":"Buffer","data":[2]}}]},"command":{"name":"dataReport","ID":2,"parameters":[{"name":"seq","type":33,"max":65535},{"name":"dpValues","type":1011}]}}
[2026-09-13 15:13:41] debug: 	zh:controller:endpoint: ZCL command 0x94b216fffef3cf25/1 manuSpecificTuya.defaultRsp({"cmdId":2,"statusCode":0}, {"timeout":10000,"disableResponse":false,"disableRecovery":false,"disableDefaultResponse":true,"direction":0,"reservedBits":0,"transactionSequenceNumber":71,"writeUndiv":false})
[2026-09-13 15:13:41] debug: 	zh:ember: ~~~> [ZCL to=0x94b216fffef3cf25:3595 apsFrame={"profileId":260,"clusterId":61184,"sourceEndpoint":1,"destinationEndpoint":1,"options":4352,"groupId":0,"sequence":0} header={"frameControl":{"reservedBits":0,"frameType":0,"direction":0,"disableDefaultResponse":true,"manufacturerSpecific":false},"transactionSequenceNumber":71,"commandIdentifier":11}]
[2026-09-13 15:13:41] debug: 	zh:ember:ezsp: ===> [FRAME: ID=52:"SEND_UNICAST" Seq=225 Len=26]
[2026-09-13 15:13:41] debug: 	zh:ember:uart:ash: ---> [FRAME type=DATA frmTx=1 frmRx=2](ackRx=1)
[2026-09-13 15:13:41] debug: 	z2m: Received Zigbee message from 'Nivelagua', type 'commandDataReport', cluster 'manuSpecificTuya', data '{"dpValues":[{"data":{"data":[2],"type":"Buffer"},"datatype":4,"dp":1}],"seq":38144}' from endpoint 1 with groupID 0
[2026-09-13 15:13:41] info: 	z2m:mqtt: MQTT publish: topic 'zigbee2mqtt/Nivelagua', payload '{"installation_height":0.75,"linkquality":136,"liquid_depth":0.38,"liquid_depth_max":0.28,"liquid_level_percent":81,"liquid_state":"high","max_set":80,"min_set":25}'
[2026-09-13 15:13:41] debug: 	zh:ember:uart:ash: <--- [FRAME type=DATA]
[2026-09-13 15:13:41] debug: 	zh:ember:uart:ash: <--- [FRAME type=DATA ackNum=2](ackRx=1 frmTx=2)
[2026-09-13 15:13:41] debug: 	zh:ember:uart:ash: <--- [FRAME type=DATA ackNum=2 frmNum=2](frmRx=2) Added to rxQueue
[2026-09-13 15:13:41] debug: 	zh:ember:uart:ash: ---> [FRAME type=ACK frmRx=3](ackRx=2)
[2026-09-13 15:13:41] debug: 	zh:ember:ezsp: <=== [FRAME: ID=52:"SEND_UNICAST" Seq=225 Len=7]
[2026-09-13 15:13:41] debug: 	zh:ember:ezsp: ~~~> [SENT type=DIRECT apsSequence=2 messageTag=64 status=OK]
[2026-09-13 15:13:41] debug: 	zh:ember:uart:ash: <--- [FRAME type=DATA]
[2026-09-13 15:13:41] debug: 	zh:ember:uart:ash: <--- [FRAME type=DATA ackNum=2](ackRx=2 frmTx=2)
[2026-09-13 15:13:41] debug: 	zh:ember:uart:ash: <--- [FRAME type=DATA ackNum=2 frmNum=3](frmRx=3) Added to rxQueue
[2026-09-13 15:13:41] debug: 	zh:ember:uart:ash: ---> [FRAME type=ACK frmRx=4](ackRx=2)
[2026-09-13 15:13:41] debug: 	zh:ember:ezsp: <=== [CBFRAME: ID=63:"MESSAGE_SENT_HANDLER" Seq=225 Len=22]
[2026-09-13 15:13:41] debug: 	zh:ember:ezsp: ezspMessageSentHandler: status=OK type=DIRECT indexOrDestination=3595 apsFrame={"profileId":260,"clusterId":61184,"sourceEndpoint":1,"destinationEndpoint":1,"options":4352,"groupId":0,"sequence":2} messageTag=64
[2026-09-13 15:13:41] debug: 	zh:ember:uart:ash: <--- [FRAME type=DATA]
[2026-09-13 15:13:41] debug: 	zh:ember:uart:ash: <--- [FRAME type=DATA ackNum=2](ackRx=2 frmTx=2)
[2026-09-13 15:13:41] debug: 	zh:ember:uart:ash: <--- [FRAME type=DATA ackNum=2 frmNum=4](frmRx=4) Added to rxQueue
[2026-09-13 15:13:41] debug: 	zh:ember:uart:ash: ---> [FRAME type=ACK frmRx=5](ackRx=2)
[2026-09-13 15:13:41] debug: 	zh:ember:ezsp: <=== [CBFRAME: ID=69:"INCOMING_MESSAGE_HANDLER" Seq=225 Len=38]
[2026-09-13 15:13:41] debug: 	zh:ember:ezsp: ezspIncomingMessageHandler: type=UNICAST apsFrame={"profileId":260,"clusterId":61184,"sourceEndpoint":1,"destinationEndpoint":1,"options":256,"groupId":0,"sequence":76} packetInfo:{"senderShortId":3595,"senderLongId":"0xffffffffffffffff","bindingIndex":255,"addressIndex":255,"lastHopLqi":136,"lastHopRssi":-66,"lastHopTimestamp":0} messageContents=09480200960202000400000026
[2026-09-13 15:13:41] debug: 	zh:controller: Received payload: clusterID=61184, address=3595, groupID=0, endpoint=1, destinationEndpoint=1, wasBroadcast=false, linkQuality=136, frame={"header":{"frameControl":{"frameType":1,"manufacturerSpecific":false,"direction":1,"disableDefaultResponse":false,"reservedBits":0},"transactionSequenceNumber":72,"commandIdentifier":2},"payload":{"seq":38400,"dpValues":[{"dp":2,"datatype":2,"data":{"type":"Buffer","data":[0,0,0,38]}}]},"command":{"name":"dataReport","ID":2,"parameters":[{"name":"seq","type":33,"max":65535},{"name":"dpValues","type":1011}]}}
[2026-09-13 15:13:41] debug: 	zh:controller:endpoint: ZCL command 0x94b216fffef3cf25/1 manuSpecificTuya.defaultRsp({"cmdId":2,"statusCode":0}, {"timeout":10000,"disableResponse":false,"disableRecovery":false,"disableDefaultResponse":true,"direction":0,"reservedBits":0,"transactionSequenceNumber":72,"writeUndiv":false})
[2026-09-13 15:13:41] debug: 	zh:ember: ~~~> [ZCL to=0x94b216fffef3cf25:3595 apsFrame={"profileId":260,"clusterId":61184,"sourceEndpoint":1,"destinationEndpoint":1,"options":4352,"groupId":0,"sequence":0} header={"frameControl":{"reservedBits":0,"frameType":0,"direction":0,"disableDefaultResponse":true,"manufacturerSpecific":false},"transactionSequenceNumber":72,"commandIdentifier":11}]
[2026-09-13 15:13:41] debug: 	zh:ember:ezsp: ===> [FRAME: ID=52:"SEND_UNICAST" Seq=226 Len=26]
[2026-09-13 15:13:41] debug: 	zh:ember:uart:ash: ---> [FRAME type=DATA frmTx=2 frmRx=5](ackRx=2)
[2026-09-13 15:13:41] debug: 	z2m: Received Zigbee message from 'Nivelagua', type 'commandDataReport', cluster 'manuSpecificTuya', data '{"dpValues":[{"data":{"data":[0,0,0,38],"type":"Buffer"},"datatype":2,"dp":2}],"seq":38400}' from endpoint 1 with groupID 0
[2026-09-13 15:13:41] info: 	z2m:mqtt: MQTT publish: topic 'zigbee2mqtt/Nivelagua', payload '{"installation_height":0.75,"linkquality":136,"liquid_depth":0.38,"liquid_depth_max":0.28,"liquid_level_percent":81,"liquid_state":"high","max_set":80,"min_set":25}'
[2026-09-13 15:13:41] debug: 	zh:ember:uart:ash: <--- [FRAME type=DATA]
[2026-09-13 15:13:41] debug: 	zh:ember:uart:ash: <--- [FRAME type=DATA ackNum=3](ackRx=2 frmTx=3)
[2026-09-13 15:13:41] debug: 	zh:ember:uart:ash: <--- [FRAME type=DATA ackNum=3 frmNum=5](frmRx=5) Added to rxQueue
[2026-09-13 15:13:41] debug: 	zh:ember:uart:ash: ---> [FRAME type=ACK frmRx=6](ackRx=3)
[2026-09-13 15:13:41] debug: 	zh:ember:ezsp: <=== [FRAME: ID=52:"SEND_UNICAST" Seq=226 Len=7]
[2026-09-13 15:13:41] debug: 	zh:ember:ezsp: ~~~> [SENT type=DIRECT apsSequence=3 messageTag=65 status=OK]
[2026-09-13 15:13:41] debug: 	zh:ember:uart:ash: <--- [FRAME type=DATA]
[2026-09-13 15:13:41] debug: 	zh:ember:uart:ash: <--- [FRAME type=DATA ackNum=3](ackRx=3 frmTx=3)
[2026-09-13 15:13:41] debug: 	zh:ember:uart:ash: <--- [FRAME type=DATA ackNum=3 frmNum=6](frmRx=6) Added to rxQueue
[2026-09-13 15:13:41] debug: 	zh:ember:uart:ash: ---> [FRAME type=ACK frmRx=7](ackRx=3)
[2026-09-13 15:13:41] debug: 	zh:ember:ezsp: <=== [CBFRAME: ID=63:"MESSAGE_SENT_HANDLER" Seq=226 Len=22]
[2026-09-13 15:13:41] debug: 	zh:ember:ezsp: ezspMessageSentHandler: status=OK type=DIRECT indexOrDestination=3595 apsFrame={"profileId":260,"clusterId":61184,"sourceEndpoint":1,"destinationEndpoint":1,"options":4352,"groupId":0,"sequence":3} messageTag=65
[2026-09-13 15:13:41] debug: 	zh:ember:uart:ash: <--- [FRAME type=DATA]
[2026-09-13 15:13:41] debug: 	zh:ember:uart:ash: <--- [FRAME type=DATA ackNum=3](ackRx=3 frmTx=3)
[2026-09-13 15:13:41] debug: 	zh:ember:uart:ash: <--- [FRAME type=DATA ackNum=3 frmNum=7](frmRx=7) Added to rxQueue
[2026-09-13 15:13:41] debug: 	zh:ember:uart:ash: ---> [FRAME type=ACK frmRx=0](ackRx=3)
[2026-09-13 15:13:41] debug: 	zh:ember:ezsp: <=== [CBFRAME: ID=69:"INCOMING_MESSAGE_HANDLER" Seq=226 Len=38]
[2026-09-13 15:13:41] debug: 	zh:ember:ezsp: ezspIncomingMessageHandler: type=UNICAST apsFrame={"profileId":260,"clusterId":61184,"sourceEndpoint":1,"destinationEndpoint":1,"options":256,"groupId":0,"sequence":77} packetInfo:{"senderShortId":3595,"senderLongId":"0xffffffffffffffff","bindingIndex":255,"addressIndex":255,"lastHopLqi":136,"lastHopRssi":-66,"lastHopTimestamp":0} messageContents=09490200971602000400000051
[2026-09-13 15:13:41] debug: 	zh:controller: Received payload: clusterID=61184, address=3595, groupID=0, endpoint=1, destinationEndpoint=1, wasBroadcast=false, linkQuality=136, frame={"header":{"frameControl":{"frameType":1,"manufacturerSpecific":false,"direction":1,"disableDefaultResponse":false,"reservedBits":0},"transactionSequenceNumber":73,"commandIdentifier":2},"payload":{"seq":38656,"dpValues":[{"dp":22,"datatype":2,"data":{"type":"Buffer","data":[0,0,0,81]}}]},"command":{"name":"dataReport","ID":2,"parameters":[{"name":"seq","type":33,"max":65535},{"name":"dpValues","type":1011}]}}
[2026-09-13 15:13:41] debug: 	zh:controller:endpoint: ZCL command 0x94b216fffef3cf25/1 manuSpecificTuya.defaultRsp({"cmdId":2,"statusCode":0}, {"timeout":10000,"disableResponse":false,"disableRecovery":false,"disableDefaultResponse":true,"direction":0,"reservedBits":0,"transactionSequenceNumber":73,"writeUndiv":false})
[2026-09-13 15:13:41] debug: 	zh:ember: ~~~> [ZCL to=0x94b216fffef3cf25:3595 apsFrame={"profileId":260,"clusterId":61184,"sourceEndpoint":1,"destinationEndpoint":1,"options":4352,"groupId":0,"sequence":0} header={"frameControl":{"reservedBits":0,"frameType":0,"direction":0,"disableDefaultResponse":true,"manufacturerSpecific":false},"transactionSequenceNumber":73,"commandIdentifier":11}]
[2026-09-13 15:13:41] debug: 	zh:ember:ezsp: ===> [FRAME: ID=52:"SEND_UNICAST" Seq=227 Len=26]
[2026-09-13 15:13:41] debug: 	zh:ember:uart:ash: ---> [FRAME type=DATA frmTx=3 frmRx=0](ackRx=3)
[2026-09-13 15:13:41] debug: 	z2m: Received Zigbee message from 'Nivelagua', type 'commandDataReport', cluster 'manuSpecificTuya', data '{"dpValues":[{"data":{"data":[0,0,0,81],"type":"Buffer"},"datatype":2,"dp":22}],"seq":38656}' from endpoint 1 with groupID 0
[2026-09-13 15:13:41] info: 	z2m:mqtt: MQTT publish: topic 'zigbee2mqtt/Nivelagua', payload '{"installation_height":0.75,"linkquality":136,"liquid_depth":0.38,"liquid_depth_max":0.28,"liquid_level_percent":81,"liquid_state":"high","max_set":80,"min_set":25}'
[2026-09-13 15:13:41] debug: 	zh:ember:uart:ash: <--- [FRAME type=DATA]
[2026-09-13 15:13:41] debug: 	zh:ember:uart:ash: <--- [FRAME type=DATA ackNum=4](ackRx=3 frmTx=4)
[2026-09-13 15:13:41] debug: 	zh:ember:uart:ash: <--- [FRAME type=DATA ackNum=4 frmNum=0](frmRx=0) Added to rxQueue
[2026-09-13 15:13:41] debug: 	zh:ember:uart:ash: ---> [FRAME type=ACK frmRx=1](ackRx=4)
[2026-09-13 15:13:41] debug: 	zh:ember:ezsp: <=== [FRAME: ID=52:"SEND_UNICAST" Seq=227 Len=7]
[2026-09-13 15:13:41] debug: 	zh:ember:ezsp: ~~~> [SENT type=DIRECT apsSequence=4 messageTag=66 status=OK]
[2026-09-13 15:13:41] debug: 	zh:ember:uart:ash: <--- [FRAME type=DATA]
[2026-09-13 15:13:41] debug: 	zh:ember:uart:ash: <--- [FRAME type=DATA ackNum=4](ackRx=4 frmTx=4)
[2026-09-13 15:13:41] debug: 	zh:ember:uart:ash: <--- [FRAME type=DATA ackNum=4 frmNum=1](frmRx=1) Added to rxQueue
[2026-09-13 15:13:41] debug: 	zh:ember:uart:ash: ---> [FRAME type=ACK frmRx=2](ackRx=4)
[2026-09-13 15:13:41] debug: 	zh:ember:ezsp: <=== [CBFRAME: ID=63:"MESSAGE_SENT_HANDLER" Seq=227 Len=22]
[2026-09-13 15:13:41] debug: 	zh:ember:ezsp: ezspMessageSentHandler: status=OK type=DIRECT indexOrDestination=3595 apsFrame={"profileId":260,"clusterId":61184,"sourceEndpoint":1,"destinationEndpoint":1,"options":4352,"groupId":0,"sequence":4} messageTag=66
[2026-09-13 15:13:41] debug: 	zh:ember:uart:ash: <--- [FRAME type=DATA]
[2026-09-13 15:13:41] debug: 	zh:ember:uart:ash: <--- [FRAME type=DATA ackNum=4](ackRx=4 frmTx=4)
[2026-09-13 15:13:41] debug: 	zh:ember:uart:ash: <--- [FRAME type=DATA ackNum=4 frmNum=2](frmRx=2) Added to rxQueue
[2026-09-13 15:13:41] debug: 	zh:ember:uart:ash: ---> [FRAME type=ACK frmRx=3](ackRx=4)
[2026-09-13 15:13:41] debug: 	zh:ember:ezsp: <=== [CBFRAME: ID=69:"INCOMING_MESSAGE_HANDLER" Seq=227 Len=35]
[2026-09-13 15:13:41] debug: 	zh:ember:ezsp: ezspIncomingMessageHandler: type=UNICAST apsFrame={"profileId":260,"clusterId":61184,"sourceEndpoint":1,"destinationEndpoint":1,"options":256,"groupId":0,"sequence":78} packetInfo:{"senderShortId":3595,"senderLongId":"0xffffffffffffffff","bindingIndex":255,"addressIndex":255,"lastHopLqi":136,"lastHopRssi":-66,"lastHopTimestamp":0} messageContents=094a0200980104000102
[2026-09-13 15:13:41] debug: 	zh:controller: Received payload: clusterID=61184, address=3595, groupID=0, endpoint=1, destinationEndpoint=1, wasBroadcast=false, linkQuality=136, frame={"header":{"frameControl":{"frameType":1,"manufacturerSpecific":false,"direction":1,"disableDefaultResponse":false,"reservedBits":0},"transactionSequenceNumber":74,"commandIdentifier":2},"payload":{"seq":38912,"dpValues":[{"dp":1,"datatype":4,"data":{"type":"Buffer","data":[2]}}]},"command":{"name":"dataReport","ID":2,"parameters":[{"name":"seq","type":33,"max":65535},{"name":"dpValues","type":1011}]}}
[2026-09-13 15:13:41] debug: 	zh:controller:endpoint: ZCL command 0x94b216fffef3cf25/1 manuSpecificTuya.defaultRsp({"cmdId":2,"statusCode":0}, {"timeout":10000,"disableResponse":false,"disableRecovery":false,"disableDefaultResponse":true,"direction":0,"reservedBits":0,"transactionSequenceNumber":74,"writeUndiv":false})
[2026-09-13 15:13:41] debug: 	zh:ember: ~~~> [ZCL to=0x94b216fffef3cf25:3595 apsFrame={"profileId":260,"clusterId":61184,"sourceEndpoint":1,"destinationEndpoint":1,"options":4352,"groupId":0,"sequence":0} header={"frameControl":{"reservedBits":0,"frameType":0,"direction":0,"disableDefaultResponse":true,"manufacturerSpecific":false},"transactionSequenceNumber":74,"commandIdentifier":11}]
[2026-09-13 15:13:41] debug: 	zh:ember:ezsp: ===> [FRAME: ID=52:"SEND_UNICAST" Seq=228 Len=26]
[2026-09-13 15:13:41] debug: 	zh:ember:uart:ash: ---> [FRAME type=DATA frmTx=4 frmRx=3](ackRx=4)
[2026-09-13 15:13:41] debug: 	z2m: Received Zigbee message from 'Nivelagua', type 'commandDataReport', cluster 'manuSpecificTuya', data '{"dpValues":[{"data":{"data":[2],"type":"Buffer"},"datatype":4,"dp":1}],"seq":38912}' from endpoint 1 with groupID 0
[2026-09-13 15:13:41] info: 	z2m:mqtt: MQTT publish: topic 'zigbee2mqtt/Nivelagua', payload '{"installation_height":0.75,"linkquality":136,"liquid_depth":0.38,"liquid_depth_max":0.28,"liquid_level_percent":81,"liquid_state":"high","max_set":80,"min_set":25}'
[2026-09-13 15:13:41] debug: 	zh:ember:uart:ash: <--- [FRAME type=DATA]
[2026-09-13 15:13:41] debug: 	zh:ember:uart:ash: <--- [FRAME type=DATA ackNum=5](ackRx=4 frmTx=5)
[2026-09-13 15:13:41] debug: 	zh:ember:uart:ash: <--- [FRAME type=DATA ackNum=5 frmNum=3](frmRx=3) Added to rxQueue
[2026-09-13 15:13:41] debug: 	zh:ember:uart:ash: ---> [FRAME type=ACK frmRx=4](ackRx=5)
[2026-09-13 15:13:41] debug: 	zh:ember:ezsp: <=== [FRAME: ID=52:"SEND_UNICAST" Seq=228 Len=7]
[2026-09-13 15:13:41] debug: 	zh:ember:ezsp: ~~~> [SENT type=DIRECT apsSequence=5 messageTag=67 status=OK]
[2026-09-13 15:13:41] debug: 	zh:ember:uart:ash: <--- [FRAME type=DATA]
[2026-09-13 15:13:41] debug: 	zh:ember:uart:ash: <--- [FRAME type=DATA ackNum=5](ackRx=5 frmTx=5)
[2026-09-13 15:13:41] debug: 	zh:ember:uart:ash: <--- [FRAME type=DATA ackNum=5 frmNum=4](frmRx=4) Added to rxQueue
[2026-09-13 15:13:41] debug: 	zh:ember:uart:ash: ---> [FRAME type=ACK frmRx=5](ackRx=5)
[2026-09-13 15:13:41] debug: 	zh:ember:ezsp: <=== [CBFRAME: ID=63:"MESSAGE_SENT_HANDLER" Seq=228 Len=22]
[2026-09-13 15:13:41] debug: 	zh:ember:ezsp: ezspMessageSentHandler: status=OK type=DIRECT indexOrDestination=3595 apsFrame={"profileId":260,"clusterId":61184,"sourceEndpoint":1,"destinationEndpoint":1,"options":4352,"groupId":0,"sequence":5} messageTag=67
[2026-09-13 15:13:42] debug: 	zh:ember:uart:ash: <--- [FRAME type=DATA]
[2026-09-13 15:13:42] debug: 	zh:ember:uart:ash: <--- [FRAME type=DATA ackNum=5](ackRx=5 frmTx=5)
[2026-09-13 15:13:42] debug: 	zh:ember:uart:ash: <--- [FRAME type=DATA ackNum=5 frmNum=5](frmRx=5) Added to rxQueue
[2026-09-13 15:13:42] debug: 	zh:ember:uart:ash: ---> [FRAME type=ACK frmRx=6](ackRx=5)
[2026-09-13 15:13:42] debug: 	zh:ember:ezsp: <=== [CBFRAME: ID=69:"INCOMING_MESSAGE_HANDLER" Seq=228 Len=38]
[2026-09-13 15:13:42] debug: 	zh:ember:ezsp: ezspIncomingMessageHandler: type=UNICAST apsFrame={"profileId":260,"clusterId":61184,"sourceEndpoint":1,"destinationEndpoint":1,"options":256,"groupId":0,"sequence":79} packetInfo:{"senderShortId":3595,"senderLongId":"0xffffffffffffffff","bindingIndex":255,"addressIndex":255,"lastHopLqi":136,"lastHopRssi":-66,"lastHopTimestamp":0} messageContents=094b0200990202000400000026
[2026-09-13 15:13:42] debug: 	zh:controller: Received payload: clusterID=61184, address=3595, groupID=0, endpoint=1, destinationEndpoint=1, wasBroadcast=false, linkQuality=136, frame={"header":{"frameControl":{"frameType":1,"manufacturerSpecific":false,"direction":1,"disableDefaultResponse":false,"reservedBits":0},"transactionSequenceNumber":75,"commandIdentifier":2},"payload":{"seq":39168,"dpValues":[{"dp":2,"datatype":2,"data":{"type":"Buffer","data":[0,0,0,38]}}]},"command":{"name":"dataReport","ID":2,"parameters":[{"name":"seq","type":33,"max":65535},{"name":"dpValues","type":1011}]}}
[2026-09-13 15:13:42] debug: 	zh:controller:endpoint: ZCL command 0x94b216fffef3cf25/1 manuSpecificTuya.defaultRsp({"cmdId":2,"statusCode":0}, {"timeout":10000,"disableResponse":false,"disableRecovery":false,"disableDefaultResponse":true,"direction":0,"reservedBits":0,"transactionSequenceNumber":75,"writeUndiv":false})
[2026-09-13 15:13:42] debug: 	zh:ember: ~~~> [ZCL to=0x94b216fffef3cf25:3595 apsFrame={"profileId":260,"clusterId":61184,"sourceEndpoint":1,"destinationEndpoint":1,"options":4352,"groupId":0,"sequence":0} header={"frameControl":{"reservedBits":0,"frameType":0,"direction":0,"disableDefaultResponse":true,"manufacturerSpecific":false},"transactionSequenceNumber":75,"commandIdentifier":11}]
[2026-09-13 15:13:42] debug: 	zh:ember:ezsp: ===> [FRAME: ID=52:"SEND_UNICAST" Seq=229 Len=26]
[2026-09-13 15:13:42] debug: 	zh:ember:uart:ash: ---> [FRAME type=DATA frmTx=5 frmRx=6](ackRx=5)
[2026-09-13 15:13:42] debug: 	z2m: Received Zigbee message from 'Nivelagua', type 'commandDataReport', cluster 'manuSpecificTuya', data '{"dpValues":[{"data":{"data":[0,0,0,38],"type":"Buffer"},"datatype":2,"dp":2}],"seq":39168}' from endpoint 1 with groupID 0
[2026-09-13 15:13:42] info: 	z2m:mqtt: MQTT publish: topic 'zigbee2mqtt/Nivelagua', payload '{"installation_height":0.75,"linkquality":136,"liquid_depth":0.38,"liquid_depth_max":0.28,"liquid_level_percent":81,"liquid_state":"high","max_set":80,"min_set":25}'
[2026-09-13 15:13:42] debug: 	zh:ember:uart:ash: <--- [FRAME type=DATA]
[2026-09-13 15:13:42] debug: 	zh:ember:uart:ash: <--- [FRAME type=DATA ackNum=6](ackRx=5 frmTx=6)
[2026-09-13 15:13:42] debug: 	zh:ember:uart:ash: <--- [FRAME type=DATA ackNum=6 frmNum=6](frmRx=6) Added to rxQueue
[2026-09-13 15:13:42] debug: 	zh:ember:uart:ash: ---> [FRAME type=ACK frmRx=7](ackRx=6)
[2026-09-13 15:13:42] debug: 	zh:ember:ezsp: <=== [FRAME: ID=52:"SEND_UNICAST" Seq=229 Len=7]
[2026-09-13 15:13:42] debug: 	zh:ember:ezsp: ~~~> [SENT type=DIRECT apsSequence=6 messageTag=68 status=OK]
[2026-09-13 15:13:42] debug: 	zh:ember:uart:ash: <--- [FRAME type=DATA]
[2026-09-13 15:13:42] debug: 	zh:ember:uart:ash: <--- [FRAME type=DATA ackNum=6](ackRx=6 frmTx=6)
[2026-09-13 15:13:42] debug: 	zh:ember:uart:ash: <--- [FRAME type=DATA ackNum=6 frmNum=7](frmRx=7) Added to rxQueue
[2026-09-13 15:13:42] debug: 	zh:ember:uart:ash: ---> [FRAME type=ACK frmRx=0](ackRx=6)
[2026-09-13 15:13:42] debug: 	zh:ember:ezsp: <=== [CBFRAME: ID=63:"MESSAGE_SENT_HANDLER" Seq=229 Len=22]
[2026-09-13 15:13:42] debug: 	zh:ember:ezsp: ezspMessageSentHandler: status=OK type=DIRECT indexOrDestination=3595 apsFrame={"profileId":260,"clusterId":61184,"sourceEndpoint":1,"destinationEndpoint":1,"options":4352,"groupId":0,"sequence":6} messageTag=68
[2026-09-13 15:13:42] debug: 	zh:ember:uart:ash: <--- [FRAME type=DATA]
[2026-09-13 15:13:42] debug: 	zh:ember:uart:ash: <--- [FRAME type=DATA ackNum=6](ackRx=6 frmTx=6)
[2026-09-13 15:13:42] debug: 	zh:ember:uart:ash: <--- [FRAME type=DATA ackNum=6 frmNum=0](frmRx=0) Added to rxQueue
[2026-09-13 15:13:42] debug: 	zh:ember:uart:ash: ---> [FRAME type=ACK frmRx=1](ackRx=6)
[2026-09-13 15:13:42] debug: 	zh:ember:ezsp: <=== [CBFRAME: ID=69:"INCOMING_MESSAGE_HANDLER" Seq=229 Len=38]
[2026-09-13 15:13:42] debug: 	zh:ember:ezsp: ezspIncomingMessageHandler: type=UNICAST apsFrame={"profileId":260,"clusterId":61184,"sourceEndpoint":1,"destinationEndpoint":1,"options":256,"groupId":0,"sequence":80} packetInfo:{"senderShortId":3595,"senderLongId":"0xffffffffffffffff","bindingIndex":255,"addressIndex":255,"lastHopLqi":136,"lastHopRssi":-66,"lastHopTimestamp":0} messageContents=094c02009a1602000400000051
[2026-09-13 15:13:42] debug: 	zh:controller: Received payload: clusterID=61184, address=3595, groupID=0, endpoint=1, destinationEndpoint=1, wasBroadcast=false, linkQuality=136, frame={"header":{"frameControl":{"frameType":1,"manufacturerSpecific":false,"direction":1,"disableDefaultResponse":false,"reservedBits":0},"transactionSequenceNumber":76,"commandIdentifier":2},"payload":{"seq":39424,"dpValues":[{"dp":22,"datatype":2,"data":{"type":"Buffer","data":[0,0,0,81]}}]},"command":{"name":"dataReport","ID":2,"parameters":[{"name":"seq","type":33,"max":65535},{"name":"dpValues","type":1011}]}}
[2026-09-13 15:13:42] debug: 	zh:controller:endpoint: ZCL command 0x94b216fffef3cf25/1 manuSpecificTuya.defaultRsp({"cmdId":2,"statusCode":0}, {"timeout":10000,"disableResponse":false,"disableRecovery":false,"disableDefaultResponse":true,"direction":0,"reservedBits":0,"transactionSequenceNumber":76,"writeUndiv":false})
[2026-09-13 15:13:42] debug: 	zh:ember: ~~~> [ZCL to=0x94b216fffef3cf25:3595 apsFrame={"profileId":260,"clusterId":61184,"sourceEndpoint":1,"destinationEndpoint":1,"options":4352,"groupId":0,"sequence":0} header={"frameControl":{"reservedBits":0,"frameType":0,"direction":0,"disableDefaultResponse":true,"manufacturerSpecific":false},"transactionSequenceNumber":76,"commandIdentifier":11}]
[2026-09-13 15:13:42] debug: 	zh:ember:ezsp: ===> [FRAME: ID=52:"SEND_UNICAST" Seq=230 Len=26]
[2026-09-13 15:13:42] debug: 	zh:ember:uart:ash: ---> [FRAME type=DATA frmTx=6 frmRx=1](ackRx=6)
[2026-09-13 15:13:42] debug: 	z2m: Received Zigbee message from 'Nivelagua', type 'commandDataReport', cluster 'manuSpecificTuya', data '{"dpValues":[{"data":{"data":[0,0,0,81],"type":"Buffer"},"datatype":2,"dp":22}],"seq":39424}' from endpoint 1 with groupID 0
[2026-09-13 15:13:42] info: 	z2m:mqtt: MQTT publish: topic 'zigbee2mqtt/Nivelagua', payload '{"installation_height":0.75,"linkquality":136,"liquid_depth":0.38,"liquid_depth_max":0.28,"liquid_level_percent":81,"liquid_state":"high","max_set":80,"min_set":25}'
[2026-09-13 15:13:42] debug: 	zh:ember:uart:ash: <--- [FRAME type=DATA]
[2026-09-13 15:13:42] debug: 	zh:ember:uart:ash: <--- [FRAME type=DATA ackNum=7](ackRx=6 frmTx=7)
[2026-09-13 15:13:42] debug: 	zh:ember:uart:ash: <--- [FRAME type=DATA ackNum=7 frmNum=1](frmRx=1) Added to rxQueue
[2026-09-13 15:13:42] debug: 	zh:ember:uart:ash: ---> [FRAME type=ACK frmRx=2](ackRx=7)
[2026-09-13 15:13:42] debug: 	zh:ember:ezsp: <=== [FRAME: ID=52:"SEND_UNICAST" Seq=230 Len=7]
[2026-09-13 15:13:42] debug: 	zh:ember:ezsp: ~~~> [SENT type=DIRECT apsSequence=7 messageTag=69 status=OK]
[2026-09-13 15:13:42] debug: 	zh:ember:uart:ash: <--- [FRAME type=DATA]
[2026-09-13 15:13:42] debug: 	zh:ember:uart:ash: <--- [FRAME type=DATA ackNum=7](ackRx=7 frmTx=7)
[2026-09-13 15:13:42] debug: 	zh:ember:uart:ash: <--- [FRAME type=DATA ackNum=7 frmNum=2](frmRx=2) Added to rxQueue
[2026-09-13 15:13:42] debug: 	zh:ember:uart:ash: ---> [FRAME type=ACK frmRx=3](ackRx=7)
[2026-09-13 15:13:42] debug: 	zh:ember:ezsp: <=== [CBFRAME: ID=63:"MESSAGE_SENT_HANDLER" Seq=230 Len=22]
[2026-09-13 15:13:42] debug: 	zh:ember:ezsp: ezspMessageSentHandler: status=OK type=DIRECT indexOrDestination=3595 apsFrame={"profileId":260,"clusterId":61184,"sourceEndpoint":1,"destinationEndpoint":1,"options":4352,"groupId":0,"sequence":7} messageTag=69
[2026-09-13 15:13:42] debug: 	zh:ember:uart:ash: <--- [FRAME type=DATA]
[2026-09-13 15:13:42] debug: 	zh:ember:uart:ash: <--- [FRAME type=DATA ackNum=7](ackRx=7 frmTx=7)
[2026-09-13 15:13:42] debug: 	zh:ember:uart:ash: <--- [FRAME type=DATA ackNum=7 frmNum=3](frmRx=3) Added to rxQueue
[2026-09-13 15:13:42] debug: 	zh:ember:uart:ash: ---> [FRAME type=ACK frmRx=4](ackRx=7)
[2026-09-13 15:13:42] debug: 	zh:ember:ezsp: <=== [CBFRAME: ID=69:"INCOMING_MESSAGE_HANDLER" Seq=230 Len=35]
[2026-09-13 15:13:42] debug: 	zh:ember:ezsp: ezspIncomingMessageHandler: type=UNICAST apsFrame={"profileId":260,"clusterId":61184,"sourceEndpoint":1,"destinationEndpoint":1,"options":256,"groupId":0,"sequence":81} packetInfo:{"senderShortId":3595,"senderLongId":"0xffffffffffffffff","bindingIndex":255,"addressIndex":255,"lastHopLqi":136,"lastHopRssi":-66,"lastHopTimestamp":0} messageContents=094d02009b0104000102
[2026-09-13 15:13:42] debug: 	zh:controller: Received payload: clusterID=61184, address=3595, groupID=0, endpoint=1, destinationEndpoint=1, wasBroadcast=false, linkQuality=136, frame={"header":{"frameControl":{"frameType":1,"manufacturerSpecific":false,"direction":1,"disableDefaultResponse":false,"reservedBits":0},"transactionSequenceNumber":77,"commandIdentifier":2},"payload":{"seq":39680,"dpValues":[{"dp":1,"datatype":4,"data":{"type":"Buffer","data":[2]}}]},"command":{"name":"dataReport","ID":2,"parameters":[{"name":"seq","type":33,"max":65535},{"name":"dpValues","type":1011}]}}
[2026-09-13 15:13:42] debug: 	zh:controller:endpoint: ZCL command 0x94b216fffef3cf25/1 manuSpecificTuya.defaultRsp({"cmdId":2,"statusCode":0}, {"timeout":10000,"disableResponse":false,"disableRecovery":false,"disableDefaultResponse":true,"direction":0,"reservedBits":0,"transactionSequenceNumber":77,"writeUndiv":false})
[2026-09-13 15:13:42] debug: 	zh:ember: ~~~> [ZCL to=0x94b216fffef3cf25:3595 apsFrame={"profileId":260,"clusterId":61184,"sourceEndpoint":1,"destinationEndpoint":1,"options":4352,"groupId":0,"sequence":0} header={"frameControl":{"reservedBits":0,"frameType":0,"direction":0,"disableDefaultResponse":true,"manufacturerSpecific":false},"transactionSequenceNumber":77,"commandIdentifier":11}]
[2026-09-13 15:13:42] debug: 	zh:ember:ezsp: ===> [FRAME: ID=52:"SEND_UNICAST" Seq=231 Len=26]
[2026-09-13 15:13:42] debug: 	zh:ember:uart:ash: ---> [FRAME type=DATA frmTx=7 frmRx=4](ackRx=7)
[2026-09-13 15:13:42] debug: 	z2m: Received Zigbee message from 'Nivelagua', type 'commandDataReport', cluster 'manuSpecificTuya', data '{"dpValues":[{"data":{"data":[2],"type":"Buffer"},"datatype":4,"dp":1}],"seq":39680}' from endpoint 1 with groupID 0
[2026-09-13 15:13:42] info: 	z2m:mqtt: MQTT publish: topic 'zigbee2mqtt/Nivelagua', payload '{"installation_height":0.75,"linkquality":136,"liquid_depth":0.38,"liquid_depth_max":0.28,"liquid_level_percent":81,"liquid_state":"high","max_set":80,"min_set":25}'
[2026-09-13 15:13:42] debug: 	zh:ember:uart:ash: <--- [FRAME type=DATA]
[2026-09-13 15:13:42] debug: 	zh:ember:uart:ash: <--- [FRAME type=DATA ackNum=0](ackRx=7 frmTx=0)
[2026-09-13 15:13:42] debug: 	zh:ember:uart:ash: <--- [FRAME type=DATA ackNum=0 frmNum=4](frmRx=4) Added to rxQueue
[2026-09-13 15:13:42] debug: 	zh:ember:uart:ash: ---> [FRAME type=ACK frmRx=5](ackRx=0)
[2026-09-13 15:13:42] debug: 	zh:ember:ezsp: <=== [FRAME: ID=52:"SEND_UNICAST" Seq=231 Len=7]
[2026-09-13 15:13:42] debug: 	zh:ember:ezsp: ~~~> [SENT type=DIRECT apsSequence=8 messageTag=70 status=OK]
[2026-09-13 15:13:42] debug: 	zh:ember:uart:ash: <--- [FRAME type=DATA]
[2026-09-13 15:13:42] debug: 	zh:ember:uart:ash: <--- [FRAME type=DATA ackNum=0](ackRx=0 frmTx=0)
[2026-09-13 15:13:42] debug: 	zh:ember:uart:ash: <--- [FRAME type=DATA ackNum=0 frmNum=5](frmRx=5) Added to rxQueue
[2026-09-13 15:13:42] debug: 	zh:ember:uart:ash: ---> [FRAME type=ACK frmRx=6](ackRx=0)
[2026-09-13 15:13:42] debug: 	zh:ember:ezsp: <=== [CBFRAME: ID=63:"MESSAGE_SENT_HANDLER" Seq=231 Len=22]
[2026-09-13 15:13:42] debug: 	zh:ember:ezsp: ezspMessageSentHandler: status=OK type=DIRECT indexOrDestination=3595 apsFrame={"profileId":260,"clusterId":61184,"sourceEndpoint":1,"destinationEndpoint":1,"options":4352,"groupId":0,"sequence":8} messageTag=70
[2026-09-13 15:13:42] debug: 	zh:ember:uart:ash: <--- [FRAME type=DATA]
[2026-09-13 15:13:42] debug: 	zh:ember:uart:ash: <--- [FRAME type=DATA ackNum=0](ackRx=0 frmTx=0)
[2026-09-13 15:13:42] debug: 	zh:ember:uart:ash: <--- [FRAME type=DATA ackNum=0 frmNum=6](frmRx=6) Added to rxQueue
[2026-09-13 15:13:42] debug: 	zh:ember:uart:ash: ---> [FRAME type=ACK frmRx=7](ackRx=0)
[2026-09-13 15:13:42] debug: 	zh:ember:ezsp: <=== [CBFRAME: ID=69:"INCOMING_MESSAGE_HANDLER" Seq=231 Len=38]
[2026-09-13 15:13:42] debug: 	zh:ember:ezsp: ezspIncomingMessageHandler: type=UNICAST apsFrame={"profileId":260,"clusterId":61184,"sourceEndpoint":1,"destinationEndpoint":1,"options":256,"groupId":0,"sequence":82} packetInfo:{"senderShortId":3595,"senderLongId":"0xffffffffffffffff","bindingIndex":255,"addressIndex":255,"lastHopLqi":136,"lastHopRssi":-66,"lastHopTimestamp":0} messageContents=094e02009c0202000400000026
[2026-09-13 15:13:42] debug: 	zh:controller: Received payload: clusterID=61184, address=3595, groupID=0, endpoint=1, destinationEndpoint=1, wasBroadcast=false, linkQuality=136, frame={"header":{"frameControl":{"frameType":1,"manufacturerSpecific":false,"direction":1,"disableDefaultResponse":false,"reservedBits":0},"transactionSequenceNumber":78,"commandIdentifier":2},"payload":{"seq":39936,"dpValues":[{"dp":2,"datatype":2,"data":{"type":"Buffer","data":[0,0,0,38]}}]},"command":{"name":"dataReport","ID":2,"parameters":[{"name":"seq","type":33,"max":65535},{"name":"dpValues","type":1011}]}}
[2026-09-13 15:13:42] debug: 	zh:controller:endpoint: ZCL command 0x94b216fffef3cf25/1 manuSpecificTuya.defaultRsp({"cmdId":2,"statusCode":0}, {"timeout":10000,"disableResponse":false,"disableRecovery":false,"disableDefaultResponse":true,"direction":0,"reservedBits":0,"transactionSequenceNumber":78,"writeUndiv":false})
[2026-09-13 15:13:42] debug: 	zh:ember: ~~~> [ZCL to=0x94b216fffef3cf25:3595 apsFrame={"profileId":260,"clusterId":61184,"sourceEndpoint":1,"destinationEndpoint":1,"options":4352,"groupId":0,"sequence":0} header={"frameControl":{"reservedBits":0,"frameType":0,"direction":0,"disableDefaultResponse":true,"manufacturerSpecific":false},"transactionSequenceNumber":78,"commandIdentifier":11}]
[2026-09-13 15:13:42] debug: 	zh:ember:ezsp: ===> [FRAME: ID=52:"SEND_UNICAST" Seq=232 Len=26]
[2026-09-13 15:13:42] debug: 	zh:ember:uart:ash: ---> [FRAME type=DATA frmTx=0 frmRx=7](ackRx=0)
[2026-09-13 15:13:42] debug: 	z2m: Received Zigbee message from 'Nivelagua', type 'commandDataReport', cluster 'manuSpecificTuya', data '{"dpValues":[{"data":{"data":[0,0,0,38],"type":"Buffer"},"datatype":2,"dp":2}],"seq":39936}' from endpoint 1 with groupID 0
[2026-09-13 15:13:42] info: 	z2m:mqtt: MQTT publish: topic 'zigbee2mqtt/Nivelagua', payload '{"installation_height":0.75,"linkquality":136,"liquid_depth":0.38,"liquid_depth_max":0.28,"liquid_level_percent":81,"liquid_state":"high","max_set":80,"min_set":25}'
[2026-09-13 15:13:42] debug: 	zh:ember:uart:ash: <--- [FRAME type=DATA]
[2026-09-13 15:13:42] debug: 	zh:ember:uart:ash: <--- [FRAME type=DATA ackNum=1](ackRx=0 frmTx=1)
[2026-09-13 15:13:42] debug: 	zh:ember:uart:ash: <--- [FRAME type=DATA ackNum=1 frmNum=7](frmRx=7) Added to rxQueue
[2026-09-13 15:13:42] debug: 	zh:ember:uart:ash: ---> [FRAME type=ACK frmRx=0](ackRx=1)
[2026-09-13 15:13:42] debug: 	zh:ember:ezsp: <=== [FRAME: ID=52:"SEND_UNICAST" Seq=232 Len=7]
[2026-09-13 15:13:42] debug: 	zh:ember:ezsp: ~~~> [SENT type=DIRECT apsSequence=9 messageTag=71 status=OK]
[2026-09-13 15:13:42] debug: 	zh:ember:uart:ash: <--- [FRAME type=DATA]
[2026-09-13 15:13:42] debug: 	zh:ember:uart:ash: <--- [FRAME type=DATA ackNum=1](ackRx=1 frmTx=1)
[2026-09-13 15:13:42] debug: 	zh:ember:uart:ash: <--- [FRAME type=DATA ackNum=1 frmNum=0](frmRx=0) Added to rxQueue
[2026-09-13 15:13:42] debug: 	zh:ember:uart:ash: ---> [FRAME type=ACK frmRx=1](ackRx=1)
[2026-09-13 15:13:42] debug: 	zh:ember:ezsp: <=== [CBFRAME: ID=63:"MESSAGE_SENT_HANDLER" Seq=232 Len=22]
[2026-09-13 15:13:42] debug: 	zh:ember:ezsp: ezspMessageSentHandler: status=OK type=DIRECT indexOrDestination=3595 apsFrame={"profileId":260,"clusterId":61184,"sourceEndpoint":1,"destinationEndpoint":1,"options":4352,"groupId":0,"sequence":9} messageTag=71
[2026-09-13 15:13:42] debug: 	zh:ember:uart:ash: <--- [FRAME type=DATA]
[2026-09-13 15:13:42] debug: 	zh:ember:uart:ash: <--- [FRAME type=DATA ackNum=1](ackRx=1 frmTx=1)
[2026-09-13 15:13:42] debug: 	zh:ember:uart:ash: <--- [FRAME type=DATA ackNum=1 frmNum=1](frmRx=1) Added to rxQueue
[2026-09-13 15:13:42] debug: 	zh:ember:uart:ash: ---> [FRAME type=ACK frmRx=2](ackRx=1)
[2026-09-13 15:13:42] debug: 	zh:ember:ezsp: <=== [CBFRAME: ID=69:"INCOMING_MESSAGE_HANDLER" Seq=232 Len=38]
[2026-09-13 15:13:42] debug: 	zh:ember:ezsp: ezspIncomingMessageHandler: type=UNICAST apsFrame={"profileId":260,"clusterId":61184,"sourceEndpoint":1,"destinationEndpoint":1,"options":256,"groupId":0,"sequence":83} packetInfo:{"senderShortId":3595,"senderLongId":"0xffffffffffffffff","bindingIndex":255,"addressIndex":255,"lastHopLqi":136,"lastHopRssi":-66,"lastHopTimestamp":0} messageContents=094f02009d1602000400000051
[2026-09-13 15:13:42] debug: 	zh:controller: Received payload: clusterID=61184, address=3595, groupID=0, endpoint=1, destinationEndpoint=1, wasBroadcast=false, linkQuality=136, frame={"header":{"frameControl":{"frameType":1,"manufacturerSpecific":false,"direction":1,"disableDefaultResponse":false,"reservedBits":0},"transactionSequenceNumber":79,"commandIdentifier":2},"payload":{"seq":40192,"dpValues":[{"dp":22,"datatype":2,"data":{"type":"Buffer","data":[0,0,0,81]}}]},"command":{"name":"dataReport","ID":2,"parameters":[{"name":"seq","type":33,"max":65535},{"name":"dpValues","type":1011}]}}
[2026-09-13 15:13:42] debug: 	zh:controller:endpoint: ZCL command 0x94b216fffef3cf25/1 manuSpecificTuya.defaultRsp({"cmdId":2,"statusCode":0}, {"timeout":10000,"disableResponse":false,"disableRecovery":false,"disableDefaultResponse":true,"direction":0,"reservedBits":0,"transactionSequenceNumber":79,"writeUndiv":false})
[2026-09-13 15:13:42] debug: 	zh:ember: ~~~> [ZCL to=0x94b216fffef3cf25:3595 apsFrame={"profileId":260,"clusterId":61184,"sourceEndpoint":1,"destinationEndpoint":1,"options":4352,"groupId":0,"sequence":0} header={"frameControl":{"reservedBits":0,"frameType":0,"direction":0,"disableDefaultResponse":true,"manufacturerSpecific":false},"transactionSequenceNumber":79,"commandIdentifier":11}]
[2026-09-13 15:13:42] debug: 	zh:ember:ezsp: ===> [FRAME: ID=52:"SEND_UNICAST" Seq=233 Len=26]
[2026-09-13 15:13:42] debug: 	zh:ember:uart:ash: ---> [FRAME type=DATA frmTx=1 frmRx=2](ackRx=1)
[2026-09-13 15:13:42] debug: 	z2m: Received Zigbee message from 'Nivelagua', type 'commandDataReport', cluster 'manuSpecificTuya', data '{"dpValues":[{"data":{"data":[0,0,0,81],"type":"Buffer"},"datatype":2,"dp":22}],"seq":40192}' from endpoint 1 with groupID 0
[2026-09-13 15:13:42] info: 	z2m:mqtt: MQTT publish: topic 'zigbee2mqtt/Nivelagua', payload '{"installation_height":0.75,"linkquality":136,"liquid_depth":0.38,"liquid_depth_max":0.28,"liquid_level_percent":81,"liquid_state":"high","max_set":80,"min_set":25}'
[2026-09-13 15:13:42] debug: 	zh:ember:uart:ash: <--- [FRAME type=DATA]
[2026-09-13 15:13:42] debug: 	zh:ember:uart:ash: <--- [FRAME type=DATA ackNum=2](ackRx=1 frmTx=2)
[2026-09-13 15:13:42] debug: 	zh:ember:uart:ash: <--- [FRAME type=DATA ackNum=2 frmNum=2](frmRx=2) Added to rxQueue
[2026-09-13 15:13:42] debug: 	zh:ember:uart:ash: ---> [FRAME type=ACK frmRx=3](ackRx=2)
[2026-09-13 15:13:42] debug: 	zh:ember:ezsp: <=== [FRAME: ID=52:"SEND_UNICAST" Seq=233 Len=7]
[2026-09-13 15:13:42] debug: 	zh:ember:ezsp: ~~~> [SENT type=DIRECT apsSequence=10 messageTag=72 status=OK]
[2026-09-13 15:13:42] debug: 	zh:ember:uart:ash: <--- [FRAME type=DATA]
[2026-09-13 15:13:42] debug: 	zh:ember:uart:ash: <--- [FRAME type=DATA ackNum=2](ackRx=2 frmTx=2)
[2026-09-13 15:13:42] debug: 	zh:ember:uart:ash: <--- [FRAME type=DATA ackNum=2 frmNum=3](frmRx=3) Added to rxQueue
[2026-09-13 15:13:42] debug: 	zh:ember:uart:ash: ---> [FRAME type=ACK frmRx=4](ackRx=2)
[2026-09-13 15:13:42] debug: 	zh:ember:ezsp: <=== [CBFRAME: ID=63:"MESSAGE_SENT_HANDLER" Seq=233 Len=22]
[2026-09-13 15:13:42] debug: 	zh:ember:ezsp: ezspMessageSentHandler: status=OK type=DIRECT indexOrDestination=3595 apsFrame={"profileId":260,"clusterId":61184,"sourceEndpoint":1,"destinationEndpoint":1,"options":4352,"groupId":0,"sequence":10} messageTag=72
[2026-09-13 15:13:42] debug: 	zh:ember:uart:ash: <--- [FRAME type=DATA]
[2026-09-13 15:13:42] debug: 	zh:ember:uart:ash: <--- [FRAME type=DATA ackNum=2](ackRx=2 frmTx=2)
[2026-09-13 15:13:42] debug: 	zh:ember:uart:ash: <--- [FRAME type=DATA ackNum=2 frmNum=4](frmRx=4) Added to rxQueue
[2026-09-13 15:13:42] debug: 	zh:ember:uart:ash: ---> [FRAME type=ACK frmRx=5](ackRx=2)
[2026-09-13 15:13:42] debug: 	zh:ember:ezsp: <=== [CBFRAME: ID=69:"INCOMING_MESSAGE_HANDLER" Seq=233 Len=35]
[2026-09-13 15:13:42] debug: 	zh:ember:ezsp: ezspIncomingMessageHandler: type=UNICAST apsFrame={"profileId":260,"clusterId":61184,"sourceEndpoint":1,"destinationEndpoint":1,"options":256,"groupId":0,"sequence":84} packetInfo:{"senderShortId":3595,"senderLongId":"0xffffffffffffffff","bindingIndex":255,"addressIndex":255,"lastHopLqi":136,"lastHopRssi":-66,"lastHopTimestamp":0} messageContents=095002009e0104000102
[2026-09-13 15:13:42] debug: 	zh:controller: Received payload: clusterID=61184, address=3595, groupID=0, endpoint=1, destinationEndpoint=1, wasBroadcast=false, linkQuality=136, frame={"header":{"frameControl":{"frameType":1,"manufacturerSpecific":false,"direction":1,"disableDefaultResponse":false,"reservedBits":0},"transactionSequenceNumber":80,"commandIdentifier":2},"payload":{"seq":40448,"dpValues":[{"dp":1,"datatype":4,"data":{"type":"Buffer","data":[2]}}]},"command":{"name":"dataReport","ID":2,"parameters":[{"name":"seq","type":33,"max":65535},{"name":"dpValues","type":1011}]}}
[2026-09-13 15:13:42] debug: 	zh:controller:endpoint: ZCL command 0x94b216fffef3cf25/1 manuSpecificTuya.defaultRsp({"cmdId":2,"statusCode":0}, {"timeout":10000,"disableResponse":false,"disableRecovery":false,"disableDefaultResponse":true,"direction":0,"reservedBits":0,"transactionSequenceNumber":80,"writeUndiv":false})
[2026-09-13 15:13:42] debug: 	zh:ember: ~~~> [ZCL to=0x94b216fffef3cf25:3595 apsFrame={"profileId":260,"clusterId":61184,"sourceEndpoint":1,"destinationEndpoint":1,"options":4352,"groupId":0,"sequence":0} header={"frameControl":{"reservedBits":0,"frameType":0,"direction":0,"disableDefaultResponse":true,"manufacturerSpecific":false},"transactionSequenceNumber":80,"commandIdentifier":11}]
[2026-09-13 15:13:42] debug: 	zh:ember:ezsp: ===> [FRAME: ID=52:"SEND_UNICAST" Seq=234 Len=26]
[2026-09-13 15:13:42] debug: 	zh:ember:uart:ash: ---> [FRAME type=DATA frmTx=2 frmRx=5](ackRx=2)
[2026-09-13 15:13:42] debug: 	z2m: Received Zigbee message from 'Nivelagua', type 'commandDataReport', cluster 'manuSpecificTuya', data '{"dpValues":[{"data":{"data":[2],"type":"Buffer"},"datatype":4,"dp":1}],"seq":40448}' from endpoint 1 with groupID 0
[2026-09-13 15:13:42] info: 	z2m:mqtt: MQTT publish: topic 'zigbee2mqtt/Nivelagua', payload '{"installation_height":0.75,"linkquality":136,"liquid_depth":0.38,"liquid_depth_max":0.28,"liquid_level_percent":81,"liquid_state":"high","max_set":80,"min_set":25}'
[2026-09-13 15:13:42] debug: 	zh:ember:uart:ash: <--- [FRAME type=DATA]
[2026-09-13 15:13:42] debug: 	zh:ember:uart:ash: <--- [FRAME type=DATA ackNum=3](ackRx=2 frmTx=3)
[2026-09-13 15:13:42] debug: 	zh:ember:uart:ash: <--- [FRAME type=DATA ackNum=3 frmNum=5](frmRx=5) Added to rxQueue
[2026-09-13 15:13:42] debug: 	zh:ember:uart:ash: ---> [FRAME type=ACK frmRx=6](ackRx=3)
[2026-09-13 15:13:42] debug: 	zh:ember:ezsp: <=== [FRAME: ID=52:"SEND_UNICAST" Seq=234 Len=7]
[2026-09-13 15:13:42] debug: 	zh:ember:ezsp: ~~~> [SENT type=DIRECT apsSequence=11 messageTag=73 status=OK]
[2026-09-13 15:13:42] debug: 	zh:ember:uart:ash: <--- [FRAME type=DATA]
[2026-09-13 15:13:42] debug: 	zh:ember:uart:ash: <--- [FRAME type=DATA ackNum=3](ackRx=3 frmTx=3)
[2026-09-13 15:13:42] debug: 	zh:ember:uart:ash: <--- [FRAME type=DATA ackNum=3 frmNum=6](frmRx=6) Added to rxQueue
[2026-09-13 15:13:42] debug: 	zh:ember:uart:ash: ---> [FRAME type=ACK frmRx=7](ackRx=3)
[2026-09-13 15:13:42] debug: 	zh:ember:ezsp: <=== [CBFRAME: ID=63:"MESSAGE_SENT_HANDLER" Seq=234 Len=22]
[2026-09-13 15:13:42] debug: 	zh:ember:ezsp: ezspMessageSentHandler: status=OK type=DIRECT indexOrDestination=3595 apsFrame={"profileId":260,"clusterId":61184,"sourceEndpoint":1,"destinationEndpoint":1,"options":4352,"groupId":0,"sequence":11} messageTag=73
[2026-09-13 15:13:42] debug: 	zh:ember:uart:ash: <--- [FRAME type=DATA]
[2026-09-13 15:13:42] debug: 	zh:ember:uart:ash: <--- [FRAME type=DATA ackNum=3](ackRx=3 frmTx=3)
[2026-09-13 15:13:42] debug: 	zh:ember:uart:ash: <--- [FRAME type=DATA ackNum=3 frmNum=7](frmRx=7) Added to rxQueue
[2026-09-13 15:13:42] debug: 	zh:ember:uart:ash: ---> [FRAME type=ACK frmRx=0](ackRx=3)
[2026-09-13 15:13:42] debug: 	zh:ember:ezsp: <=== [CBFRAME: ID=69:"INCOMING_MESSAGE_HANDLER" Seq=234 Len=38]
[2026-09-13 15:13:42] debug: 	zh:ember:ezsp: ezspIncomingMessageHandler: type=UNICAST apsFrame={"profileId":260,"clusterId":61184,"sourceEndpoint":1,"destinationEndpoint":1,"options":256,"groupId":0,"sequence":85} packetInfo:{"senderShortId":3595,"senderLongId":"0xffffffffffffffff","bindingIndex":255,"addressIndex":255,"lastHopLqi":136,"lastHopRssi":-66,"lastHopTimestamp":0} messageContents=095102009f0202000400000026
[2026-09-13 15:13:42] debug: 	zh:controller: Received payload: clusterID=61184, address=3595, groupID=0, endpoint=1, destinationEndpoint=1, wasBroadcast=false, linkQuality=136, frame={"header":{"frameControl":{"frameType":1,"manufacturerSpecific":false,"direction":1,"disableDefaultResponse":false,"reservedBits":0},"transactionSequenceNumber":81,"commandIdentifier":2},"payload":{"seq":40704,"dpValues":[{"dp":2,"datatype":2,"data":{"type":"Buffer","data":[0,0,0,38]}}]},"command":{"name":"dataReport","ID":2,"parameters":[{"name":"seq","type":33,"max":65535},{"name":"dpValues","type":1011}]}}
[2026-09-13 15:13:42] debug: 	zh:controller:endpoint: ZCL command 0x94b216fffef3cf25/1 manuSpecificTuya.defaultRsp({"cmdId":2,"statusCode":0}, {"timeout":10000,"disableResponse":false,"disableRecovery":false,"disableDefaultResponse":true,"direction":0,"reservedBits":0,"transactionSequenceNumber":81,"writeUndiv":false})
[2026-09-13 15:13:42] debug: 	zh:ember: ~~~> [ZCL to=0x94b216fffef3cf25:3595 apsFrame={"profileId":260,"clusterId":61184,"sourceEndpoint":1,"destinationEndpoint":1,"options":4352,"groupId":0,"sequence":0} header={"frameControl":{"reservedBits":0,"frameType":0,"direction":0,"disableDefaultResponse":true,"manufacturerSpecific":false},"transactionSequenceNumber":81,"commandIdentifier":11}]
[2026-09-13 15:13:42] debug: 	zh:ember:ezsp: ===> [FRAME: ID=52:"SEND_UNICAST" Seq=235 Len=26]
[2026-09-13 15:13:42] debug: 	zh:ember:uart:ash: ---> [FRAME type=DATA frmTx=3 frmRx=0](ackRx=3)
[2026-09-13 15:13:42] debug: 	z2m: Received Zigbee message from 'Nivelagua', type 'commandDataReport', cluster 'manuSpecificTuya', data '{"dpValues":[{"data":{"data":[0,0,0,38],"type":"Buffer"},"datatype":2,"dp":2}],"seq":40704}' from endpoint 1 with groupID 0
[2026-09-13 15:13:42] info: 	z2m:mqtt: MQTT publish: topic 'zigbee2mqtt/Nivelagua', payload '{"installation_height":0.75,"linkquality":136,"liquid_depth":0.38,"liquid_depth_max":0.28,"liquid_level_percent":81,"liquid_state":"high","max_set":80,"min_set":25}'
[2026-09-13 15:13:42] debug: 	zh:ember:uart:ash: <--- [FRAME type=DATA]
[2026-09-13 15:13:42] debug: 	zh:ember:uart:ash: <--- [FRAME type=DATA ackNum=4](ackRx=3 frmTx=4)
[2026-09-13 15:13:42] debug: 	zh:ember:uart:ash: <--- [FRAME type=DATA ackNum=4 frmNum=0](frmRx=0) Added to rxQueue
[2026-09-13 15:13:42] debug: 	zh:ember:uart:ash: ---> [FRAME type=ACK frmRx=1](ackRx=4)
[2026-09-13 15:13:42] debug: 	zh:ember:ezsp: <=== [FRAME: ID=52:"SEND_UNICAST" Seq=235 Len=7]
[2026-09-13 15:13:42] debug: 	zh:ember:ezsp: ~~~> [SENT type=DIRECT apsSequence=12 messageTag=74 status=OK]
[2026-09-13 15:13:42] debug: 	zh:ember:uart:ash: <--- [FRAME type=DATA]
[2026-09-13 15:13:42] debug: 	zh:ember:uart:ash: <--- [FRAME type=DATA ackNum=4](ackRx=4 frmTx=4)
[2026-09-13 15:13:42] debug: 	zh:ember:uart:ash: <--- [FRAME type=DATA ackNum=4 frmNum=1](frmRx=1) Added to rxQueue
[2026-09-13 15:13:42] debug: 	zh:ember:uart:ash: ---> [FRAME type=ACK frmRx=2](ackRx=4)
[2026-09-13 15:13:42] debug: 	zh:ember:ezsp: <=== [CBFRAME: ID=63:"MESSAGE_SENT_HANDLER" Seq=235 Len=22]
[2026-09-13 15:13:42] debug: 	zh:ember:ezsp: ezspMessageSentHandler: status=OK type=DIRECT indexOrDestination=3595 apsFrame={"profileId":260,"clusterId":61184,"sourceEndpoint":1,"destinationEndpoint":1,"options":4352,"groupId":0,"sequence":12} messageTag=74
[2026-09-13 15:13:42] debug: 	zh:ember:uart:ash: <--- [FRAME type=DATA]
[2026-09-13 15:13:42] debug: 	zh:ember:uart:ash: <--- [FRAME type=DATA ackNum=4](ackRx=4 frmTx=4)
[2026-09-13 15:13:42] debug: 	zh:ember:uart:ash: <--- [FRAME type=DATA ackNum=4 frmNum=2](frmRx=2) Added to rxQueue
[2026-09-13 15:13:42] debug: 	zh:ember:uart:ash: ---> [FRAME type=ACK frmRx=3](ackRx=4)
[2026-09-13 15:13:42] debug: 	zh:ember:ezsp: <=== [CBFRAME: ID=69:"INCOMING_MESSAGE_HANDLER" Seq=235 Len=38]
[2026-09-13 15:13:42] debug: 	zh:ember:ezsp: ezspIncomingMessageHandler: type=UNICAST apsFrame={"profileId":260,"clusterId":61184,"sourceEndpoint":1,"destinationEndpoint":1,"options":256,"groupId":0,"sequence":86} packetInfo:{"senderShortId":3595,"senderLongId":"0xffffffffffffffff","bindingIndex":255,"addressIndex":255,"lastHopLqi":136,"lastHopRssi":-66,"lastHopTimestamp":0} messageContents=09520200a01602000400000051
[2026-09-13 15:13:42] debug: 	zh:controller: Received payload: clusterID=61184, address=3595, groupID=0, endpoint=1, destinationEndpoint=1, wasBroadcast=false, linkQuality=136, frame={"header":{"frameControl":{"frameType":1,"manufacturerSpecific":false,"direction":1,"disableDefaultResponse":false,"reservedBits":0},"transactionSequenceNumber":82,"commandIdentifier":2},"payload":{"seq":40960,"dpValues":[{"dp":22,"datatype":2,"data":{"type":"Buffer","data":[0,0,0,81]}}]},"command":{"name":"dataReport","ID":2,"parameters":[{"name":"seq","type":33,"max":65535},{"name":"dpValues","type":1011}]}}
[2026-09-13 15:13:42] debug: 	zh:controller:endpoint: ZCL command 0x94b216fffef3cf25/1 manuSpecificTuya.defaultRsp({"cmdId":2,"statusCode":0}, {"timeout":10000,"disableResponse":false,"disableRecovery":false,"disableDefaultResponse":true,"direction":0,"reservedBits":0,"transactionSequenceNumber":82,"writeUndiv":false})
[2026-09-13 15:13:42] debug: 	zh:ember: ~~~> [ZCL to=0x94b216fffef3cf25:3595 apsFrame={"profileId":260,"clusterId":61184,"sourceEndpoint":1,"destinationEndpoint":1,"options":4352,"groupId":0,"sequence":0} header={"frameControl":{"reservedBits":0,"frameType":0,"direction":0,"disableDefaultResponse":true,"manufacturerSpecific":false},"transactionSequenceNumber":82,"commandIdentifier":11}]
[2026-09-13 15:13:42] debug: 	zh:ember:ezsp: ===> [FRAME: ID=52:"SEND_UNICAST" Seq=236 Len=26]
[2026-09-13 15:13:42] debug: 	zh:ember:uart:ash: ---> [FRAME type=DATA frmTx=4 frmRx=3](ackRx=4)
[2026-09-13 15:13:42] debug: 	z2m: Received Zigbee message from 'Nivelagua', type 'commandDataReport', cluster 'manuSpecificTuya', data '{"dpValues":[{"data":{"data":[0,0,0,81],"type":"Buffer"},"datatype":2,"dp":22}],"seq":40960}' from endpoint 1 with groupID 0
[2026-09-13 15:13:42] info: 	z2m:mqtt: MQTT publish: topic 'zigbee2mqtt/Nivelagua', payload '{"installation_height":0.75,"linkquality":136,"liquid_depth":0.38,"liquid_depth_max":0.28,"liquid_level_percent":81,"liquid_state":"high","max_set":80,"min_set":25}'
[2026-09-13 15:13:42] debug: 	zh:ember:uart:ash: <--- [FRAME type=DATA]
[2026-09-13 15:13:42] debug: 	zh:ember:uart:ash: <--- [FRAME type=DATA ackNum=5](ackRx=4 frmTx=5)
[2026-09-13 15:13:42] debug: 	zh:ember:uart:ash: <--- [FRAME type=DATA ackNum=5 frmNum=3](frmRx=3) Added to rxQueue
[2026-09-13 15:13:42] debug: 	zh:ember:uart:ash: ---> [FRAME type=ACK frmRx=4](ackRx=5)
[2026-09-13 15:13:42] debug: 	zh:ember:ezsp: <=== [FRAME: ID=52:"SEND_UNICAST" Seq=236 Len=7]
[2026-09-13 15:13:42] debug: 	zh:ember:ezsp: ~~~> [SENT type=DIRECT apsSequence=13 messageTag=75 status=OK]
[2026-09-13 15:13:42] debug: 	zh:ember:uart:ash: <--- [FRAME type=DATA]
[2026-09-13 15:13:42] debug: 	zh:ember:uart:ash: <--- [FRAME type=DATA ackNum=5](ackRx=5 frmTx=5)
[2026-09-13 15:13:42] debug: 	zh:ember:uart:ash: <--- [FRAME type=DATA ackNum=5 frmNum=4](frmRx=4) Added to rxQueue
[2026-09-13 15:13:42] debug: 	zh:ember:uart:ash: ---> [FRAME type=ACK frmRx=5](ackRx=5)
[2026-09-13 15:13:42] debug: 	zh:ember:ezsp: <=== [CBFRAME: ID=63:"MESSAGE_SENT_HANDLER" Seq=236 Len=22]
[2026-09-13 15:13:42] debug: 	zh:ember:ezsp: ezspMessageSentHandler: status=OK type=DIRECT indexOrDestination=3595 apsFrame={"profileId":260,"clusterId":61184,"sourceEndpoint":1,"destinationEndpoint":1,"options":4352,"groupId":0,"sequence":13} messageTag=75
[2026-09-13 15:13:42] debug: 	zh:ember:uart:ash: <--- [FRAME type=DATA]
[2026-09-13 15:13:42] debug: 	zh:ember:uart:ash: <--- [FRAME type=DATA ackNum=5](ackRx=5 frmTx=5)
[2026-09-13 15:13:42] debug: 	zh:ember:uart:ash: <--- [FRAME type=DATA ackNum=5 frmNum=5](frmRx=5) Added to rxQueue
[2026-09-13 15:13:42] debug: 	zh:ember:uart:ash: ---> [FRAME type=ACK frmRx=6](ackRx=5)
[2026-09-13 15:13:42] debug: 	zh:ember:ezsp: <=== [CBFRAME: ID=69:"INCOMING_MESSAGE_HANDLER" Seq=236 Len=35]
[2026-09-13 15:13:42] debug: 	zh:ember:ezsp: ezspIncomingMessageHandler: type=UNICAST apsFrame={"profileId":260,"clusterId":61184,"sourceEndpoint":1,"destinationEndpoint":1,"options":256,"groupId":0,"sequence":87} packetInfo:{"senderShortId":3595,"senderLongId":"0xffffffffffffffff","bindingIndex":255,"addressIndex":255,"lastHopLqi":136,"lastHopRssi":-66,"lastHopTimestamp":0} messageContents=09530200a10104000102
[2026-09-13 15:13:42] debug: 	zh:controller: Received payload: clusterID=61184, address=3595, groupID=0, endpoint=1, destinationEndpoint=1, wasBroadcast=false, linkQuality=136, frame={"header":{"frameControl":{"frameType":1,"manufacturerSpecific":false,"direction":1,"disableDefaultResponse":false,"reservedBits":0},"transactionSequenceNumber":83,"commandIdentifier":2},"payload":{"seq":41216,"dpValues":[{"dp":1,"datatype":4,"data":{"type":"Buffer","data":[2]}}]},"command":{"name":"dataReport","ID":2,"parameters":[{"name":"seq","type":33,"max":65535},{"name":"dpValues","type":1011}]}}
[2026-09-13 15:13:42] debug: 	zh:controller:endpoint: ZCL command 0x94b216fffef3cf25/1 manuSpecificTuya.defaultRsp({"cmdId":2,"statusCode":0}, {"timeout":10000,"disableResponse":false,"disableRecovery":false,"disableDefaultResponse":true,"direction":0,"reservedBits":0,"transactionSequenceNumber":83,"writeUndiv":false})
[2026-09-13 15:13:42] debug: 	zh:ember: ~~~> [ZCL to=0x94b216fffef3cf25:3595 apsFrame={"profileId":260,"clusterId":61184,"sourceEndpoint":1,"destinationEndpoint":1,"options":4352,"groupId":0,"sequence":0} header={"frameControl":{"reservedBits":0,"frameType":0,"direction":0,"disableDefaultResponse":true,"manufacturerSpecific":false},"transactionSequenceNumber":83,"commandIdentifier":11}]
[2026-09-13 15:13:42] debug: 	zh:ember:ezsp: ===> [FRAME: ID=52:"SEND_UNICAST" Seq=237 Len=26]
[2026-09-13 15:13:42] debug: 	zh:ember:uart:ash: ---> [FRAME type=DATA frmTx=5 frmRx=6](ackRx=5)
[2026-09-13 15:13:42] debug: 	z2m: Received Zigbee message from 'Nivelagua', type 'commandDataReport', cluster 'manuSpecificTuya', data '{"dpValues":[{"data":{"data":[2],"type":"Buffer"},"datatype":4,"dp":1}],"seq":41216}' from endpoint 1 with groupID 0
[2026-09-13 15:13:42] info: 	z2m:mqtt: MQTT publish: topic 'zigbee2mqtt/Nivelagua', payload '{"installation_height":0.75,"linkquality":136,"liquid_depth":0.38,"liquid_depth_max":0.28,"liquid_level_percent":81,"liquid_state":"high","max_set":80,"min_set":25}'
[2026-09-13 15:13:42] debug: 	zh:ember:uart:ash: <--- [FRAME type=DATA]
[2026-09-13 15:13:42] debug: 	zh:ember:uart:ash: <--- [FRAME type=DATA ackNum=6](ackRx=5 frmTx=6)
[2026-09-13 15:13:42] debug: 	zh:ember:uart:ash: <--- [FRAME type=DATA ackNum=6 frmNum=6](frmRx=6) Added to rxQueue
[2026-09-13 15:13:42] debug: 	zh:ember:uart:ash: ---> [FRAME type=ACK frmRx=7](ackRx=6)
[2026-09-13 15:13:42] debug: 	zh:ember:ezsp: <=== [FRAME: ID=52:"SEND_UNICAST" Seq=237 Len=7]
[2026-09-13 15:13:42] debug: 	zh:ember:ezsp: ~~~> [SENT type=DIRECT apsSequence=14 messageTag=76 status=OK]
[2026-09-13 15:13:43] debug: 	zh:ember:uart:ash: <--- [FRAME type=DATA]
[2026-09-13 15:13:43] debug: 	zh:ember:uart:ash: <--- [FRAME type=DATA ackNum=6](ackRx=6 frmTx=6)
[2026-09-13 15:13:43] debug: 	zh:ember:uart:ash: <--- [FRAME type=DATA ackNum=6 frmNum=7](frmRx=7) Added to rxQueue
[2026-09-13 15:13:43] debug: 	zh:ember:uart:ash: ---> [FRAME type=ACK frmRx=0](ackRx=6)
[2026-09-13 15:13:43] debug: 	zh:ember:ezsp: <=== [CBFRAME: ID=63:"MESSAGE_SENT_HANDLER" Seq=237 Len=22]
[2026-09-13 15:13:43] debug: 	zh:ember:ezsp: ezspMessageSentHandler: status=OK type=DIRECT indexOrDestination=3595 apsFrame={"profileId":260,"clusterId":61184,"sourceEndpoint":1,"destinationEndpoint":1,"options":4352,"groupId":0,"sequence":14} messageTag=76
[2026-09-13 15:13:43] debug: 	zh:ember:uart:ash: <--- [FRAME type=DATA]
[2026-09-13 15:13:43] debug: 	zh:ember:uart:ash: <--- [FRAME type=DATA ackNum=6](ackRx=6 frmTx=6)
[2026-09-13 15:13:43] debug: 	zh:ember:uart:ash: <--- [FRAME type=DATA ackNum=6 frmNum=0](frmRx=0) Added to rxQueue
[2026-09-13 15:13:43] debug: 	zh:ember:uart:ash: ---> [FRAME type=ACK frmRx=1](ackRx=6)
[2026-09-13 15:13:43] debug: 	zh:ember:ezsp: <=== [CBFRAME: ID=69:"INCOMING_MESSAGE_HANDLER" Seq=237 Len=38]
[2026-09-13 15:13:43] debug: 	zh:ember:ezsp: ezspIncomingMessageHandler: type=UNICAST apsFrame={"profileId":260,"clusterId":61184,"sourceEndpoint":1,"destinationEndpoint":1,"options":256,"groupId":0,"sequence":88} packetInfo:{"senderShortId":3595,"senderLongId":"0xffffffffffffffff","bindingIndex":255,"addressIndex":255,"lastHopLqi":136,"lastHopRssi":-66,"lastHopTimestamp":0} messageContents=09540200a20202000400000026
[2026-09-13 15:13:43] debug: 	zh:controller: Received payload: clusterID=61184, address=3595, groupID=0, endpoint=1, destinationEndpoint=1, wasBroadcast=false, linkQuality=136, frame={"header":{"frameControl":{"frameType":1,"manufacturerSpecific":false,"direction":1,"disableDefaultResponse":false,"reservedBits":0},"transactionSequenceNumber":84,"commandIdentifier":2},"payload":{"seq":41472,"dpValues":[{"dp":2,"datatype":2,"data":{"type":"Buffer","data":[0,0,0,38]}}]},"command":{"name":"dataReport","ID":2,"parameters":[{"name":"seq","type":33,"max":65535},{"name":"dpValues","type":1011}]}}
[2026-09-13 15:13:43] debug: 	zh:controller:endpoint: ZCL command 0x94b216fffef3cf25/1 manuSpecificTuya.defaultRsp({"cmdId":2,"statusCode":0}, {"timeout":10000,"disableResponse":false,"disableRecovery":false,"disableDefaultResponse":true,"direction":0,"reservedBits":0,"transactionSequenceNumber":84,"writeUndiv":false})
[2026-09-13 15:13:43] debug: 	zh:ember: ~~~> [ZCL to=0x94b216fffef3cf25:3595 apsFrame={"profileId":260,"clusterId":61184,"sourceEndpoint":1,"destinationEndpoint":1,"options":4352,"groupId":0,"sequence":0} header={"frameControl":{"reservedBits":0,"frameType":0,"direction":0,"disableDefaultResponse":true,"manufacturerSpecific":false},"transactionSequenceNumber":84,"commandIdentifier":11}]
[2026-09-13 15:13:43] debug: 	zh:ember:ezsp: ===> [FRAME: ID=52:"SEND_UNICAST" Seq=238 Len=26]
[2026-09-13 15:13:43] debug: 	zh:ember:uart:ash: ---> [FRAME type=DATA frmTx=6 frmRx=1](ackRx=6)
[2026-09-13 15:13:43] debug: 	z2m: Received Zigbee message from 'Nivelagua', type 'commandDataReport', cluster 'manuSpecificTuya', data '{"dpValues":[{"data":{"data":[0,0,0,38],"type":"Buffer"},"datatype":2,"dp":2}],"seq":41472}' from endpoint 1 with groupID 0
[2026-09-13 15:13:43] info: 	z2m:mqtt: MQTT publish: topic 'zigbee2mqtt/Nivelagua', payload '{"installation_height":0.75,"linkquality":136,"liquid_depth":0.38,"liquid_depth_max":0.28,"liquid_level_percent":81,"liquid_state":"high","max_set":80,"min_set":25}'
[2026-09-13 15:13:43] debug: 	zh:ember:uart:ash: <--- [FRAME type=DATA]
[2026-09-13 15:13:43] debug: 	zh:ember:uart:ash: <--- [FRAME type=DATA ackNum=7](ackRx=6 frmTx=7)
[2026-09-13 15:13:43] debug: 	zh:ember:uart:ash: <--- [FRAME type=DATA ackNum=7 frmNum=1](frmRx=1) Added to rxQueue
[2026-09-13 15:13:43] debug: 	zh:ember:uart:ash: ---> [FRAME type=ACK frmRx=2](ackRx=7)
[2026-09-13 15:13:43] debug: 	zh:ember:ezsp: <=== [FRAME: ID=52:"SEND_UNICAST" Seq=238 Len=7]
[2026-09-13 15:13:43] debug: 	zh:ember:ezsp: ~~~> [SENT type=DIRECT apsSequence=15 messageTag=77 status=OK]
[2026-09-13 15:13:43] debug: 	zh:ember:uart:ash: <--- [FRAME type=DATA]
[2026-09-13 15:13:43] debug: 	zh:ember:uart:ash: <--- [FRAME type=DATA ackNum=7](ackRx=7 frmTx=7)
[2026-09-13 15:13:43] debug: 	zh:ember:uart:ash: <--- [FRAME type=DATA ackNum=7 frmNum=2](frmRx=2) Added to rxQueue
[2026-09-13 15:13:43] debug: 	zh:ember:uart:ash: ---> [FRAME type=ACK frmRx=3](ackRx=7)
[2026-09-13 15:13:43] debug: 	zh:ember:ezsp: <=== [CBFRAME: ID=63:"MESSAGE_SENT_HANDLER" Seq=238 Len=22]
[2026-09-13 15:13:43] debug: 	zh:ember:ezsp: ezspMessageSentHandler: status=OK type=DIRECT indexOrDestination=3595 apsFrame={"profileId":260,"clusterId":61184,"sourceEndpoint":1,"destinationEndpoint":1,"options":4352,"groupId":0,"sequence":15} messageTag=77
[2026-09-13 15:13:43] debug: 	zh:ember:uart:ash: <--- [FRAME type=DATA]
[2026-09-13 15:13:43] debug: 	zh:ember:uart:ash: <--- [FRAME type=DATA ackNum=7](ackRx=7 frmTx=7)
[2026-09-13 15:13:43] debug: 	zh:ember:uart:ash: <--- [FRAME type=DATA ackNum=7 frmNum=3](frmRx=3) Added to rxQueue
[2026-09-13 15:13:43] debug: 	zh:ember:uart:ash: ---> [FRAME type=ACK frmRx=4](ackRx=7)
[2026-09-13 15:13:43] debug: 	zh:ember:ezsp: <=== [CBFRAME: ID=69:"INCOMING_MESSAGE_HANDLER" Seq=238 Len=38]
[2026-09-13 15:13:43] debug: 	zh:ember:ezsp: ezspIncomingMessageHandler: type=UNICAST apsFrame={"profileId":260,"clusterId":61184,"sourceEndpoint":1,"destinationEndpoint":1,"options":256,"groupId":0,"sequence":89} packetInfo:{"senderShortId":3595,"senderLongId":"0xffffffffffffffff","bindingIndex":255,"addressIndex":255,"lastHopLqi":136,"lastHopRssi":-66,"lastHopTimestamp":0} messageContents=09550200a31602000400000051
[2026-09-13 15:13:43] debug: 	zh:controller: Received payload: clusterID=61184, address=3595, groupID=0, endpoint=1, destinationEndpoint=1, wasBroadcast=false, linkQuality=136, frame={"header":{"frameControl":{"frameType":1,"manufacturerSpecific":false,"direction":1,"disableDefaultResponse":false,"reservedBits":0},"transactionSequenceNumber":85,"commandIdentifier":2},"payload":{"seq":41728,"dpValues":[{"dp":22,"datatype":2,"data":{"type":"Buffer","data":[0,0,0,81]}}]},"command":{"name":"dataReport","ID":2,"parameters":[{"name":"seq","type":33,"max":65535},{"name":"dpValues","type":1011}]}}
[2026-09-13 15:13:43] debug: 	zh:controller:endpoint: ZCL command 0x94b216fffef3cf25/1 manuSpecificTuya.defaultRsp({"cmdId":2,"statusCode":0}, {"timeout":10000,"disableResponse":false,"disableRecovery":false,"disableDefaultResponse":true,"direction":0,"reservedBits":0,"transactionSequenceNumber":85,"writeUndiv":false})
[2026-09-13 15:13:43] debug: 	zh:ember: ~~~> [ZCL to=0x94b216fffef3cf25:3595 apsFrame={"profileId":260,"clusterId":61184,"sourceEndpoint":1,"destinationEndpoint":1,"options":4352,"groupId":0,"sequence":0} header={"frameControl":{"reservedBits":0,"frameType":0,"direction":0,"disableDefaultResponse":true,"manufacturerSpecific":false},"transactionSequenceNumber":85,"commandIdentifier":11}]
[2026-09-13 15:13:43] debug: 	zh:ember:ezsp: ===> [FRAME: ID=52:"SEND_UNICAST" Seq=239 Len=26]
[2026-09-13 15:13:43] debug: 	zh:ember:uart:ash: ---> [FRAME type=DATA frmTx=7 frmRx=4](ackRx=7)
[2026-09-13 15:13:43] debug: 	z2m: Received Zigbee message from 'Nivelagua', type 'commandDataReport', cluster 'manuSpecificTuya', data '{"dpValues":[{"data":{"data":[0,0,0,81],"type":"Buffer"},"datatype":2,"dp":22}],"seq":41728}' from endpoint 1 with groupID 0
[2026-09-13 15:13:43] info: 	z2m:mqtt: MQTT publish: topic 'zigbee2mqtt/Nivelagua', payload '{"installation_height":0.75,"linkquality":136,"liquid_depth":0.38,"liquid_depth_max":0.28,"liquid_level_percent":81,"liquid_state":"high","max_set":80,"min_set":25}'
[2026-09-13 15:13:43] debug: 	zh:ember:uart:ash: <--- [FRAME type=DATA]
[2026-09-13 15:13:43] debug: 	zh:ember:uart:ash: <--- [FRAME type=DATA ackNum=0](ackRx=7 frmTx=0)
[2026-09-13 15:13:43] debug: 	zh:ember:uart:ash: <--- [FRAME type=DATA ackNum=0 frmNum=4](frmRx=4) Added to rxQueue
[2026-09-13 15:13:43] debug: 	zh:ember:uart:ash: ---> [FRAME type=ACK frmRx=5](ackRx=0)
[2026-09-13 15:13:43] debug: 	zh:ember:ezsp: <=== [FRAME: ID=52:"SEND_UNICAST" Seq=239 Len=7]
[2026-09-13 15:13:43] debug: 	zh:ember:ezsp: ~~~> [SENT type=DIRECT apsSequence=16 messageTag=78 status=OK]
[2026-09-13 15:13:43] debug: 	zh:ember:uart:ash: <--- [FRAME type=DATA]
[2026-09-13 15:13:43] debug: 	zh:ember:uart:ash: <--- [FRAME type=DATA ackNum=0](ackRx=0 frmTx=0)
[2026-09-13 15:13:43] debug: 	zh:ember:uart:ash: <--- [FRAME type=DATA ackNum=0 frmNum=5](frmRx=5) Added to rxQueue
[2026-09-13 15:13:43] debug: 	zh:ember:uart:ash: ---> [FRAME type=ACK frmRx=6](ackRx=0)
[2026-09-13 15:13:43] debug: 	zh:ember:ezsp: <=== [CBFRAME: ID=63:"MESSAGE_SENT_HANDLER" Seq=239 Len=22]
[2026-09-13 15:13:43] debug: 	zh:ember:ezsp: ezspMessageSentHandler: status=OK type=DIRECT indexOrDestination=3595 apsFrame={"profileId":260,"clusterId":61184,"sourceEndpoint":1,"destinationEndpoint":1,"options":4352,"groupId":0,"sequence":16} messageTag=78
[2026-09-13 15:13:43] debug: 	zh:ember:uart:ash: <--- [FRAME type=DATA]
[2026-09-13 15:13:43] debug: 	zh:ember:uart:ash: <--- [FRAME type=DATA ackNum=0](ackRx=0 frmTx=0)
[2026-09-13 15:13:43] debug: 	zh:ember:uart:ash: <--- [FRAME type=DATA ackNum=0 frmNum=6](frmRx=6) Added to rxQueue
[2026-09-13 15:13:43] debug: 	zh:ember:uart:ash: ---> [FRAME type=ACK frmRx=7](ackRx=0)
[2026-09-13 15:13:43] debug: 	zh:ember:ezsp: <=== [CBFRAME: ID=69:"INCOMING_MESSAGE_HANDLER" Seq=239 Len=35]
[2026-09-13 15:13:43] debug: 	zh:ember:ezsp: ezspIncomingMessageHandler: type=UNICAST apsFrame={"profileId":260,"clusterId":61184,"sourceEndpoint":1,"destinationEndpoint":1,"options":256,"groupId":0,"sequence":90} packetInfo:{"senderShortId":3595,"senderLongId":"0xffffffffffffffff","bindingIndex":255,"addressIndex":255,"lastHopLqi":136,"lastHopRssi":-66,"lastHopTimestamp":0} messageContents=09560200a40104000102
[2026-09-13 15:13:43] debug: 	zh:controller: Received payload: clusterID=61184, address=3595, groupID=0, endpoint=1, destinationEndpoint=1, wasBroadcast=false, linkQuality=136, frame={"header":{"frameControl":{"frameType":1,"manufacturerSpecific":false,"direction":1,"disableDefaultResponse":false,"reservedBits":0},"transactionSequenceNumber":86,"commandIdentifier":2},"payload":{"seq":41984,"dpValues":[{"dp":1,"datatype":4,"data":{"type":"Buffer","data":[2]}}]},"command":{"name":"dataReport","ID":2,"parameters":[{"name":"seq","type":33,"max":65535},{"name":"dpValues","type":1011}]}}
[2026-09-13 15:13:43] debug: 	zh:controller:endpoint: ZCL command 0x94b216fffef3cf25/1 manuSpecificTuya.defaultRsp({"cmdId":2,"statusCode":0}, {"timeout":10000,"disableResponse":false,"disableRecovery":false,"disableDefaultResponse":true,"direction":0,"reservedBits":0,"transactionSequenceNumber":86,"writeUndiv":false})
[2026-09-13 15:13:43] debug: 	zh:ember: ~~~> [ZCL to=0x94b216fffef3cf25:3595 apsFrame={"profileId":260,"clusterId":61184,"sourceEndpoint":1,"destinationEndpoint":1,"options":4352,"groupId":0,"sequence":0} header={"frameControl":{"reservedBits":0,"frameType":0,"direction":0,"disableDefaultResponse":true,"manufacturerSpecific":false},"transactionSequenceNumber":86,"commandIdentifier":11}]
[2026-09-13 15:13:43] debug: 	zh:ember:ezsp: ===> [FRAME: ID=52:"SEND_UNICAST" Seq=240 Len=26]
[2026-09-13 15:13:43] debug: 	zh:ember:uart:ash: ---> [FRAME type=DATA frmTx=0 frmRx=7](ackRx=0)
[2026-09-13 15:13:43] debug: 	z2m: Received Zigbee message from 'Nivelagua', type 'commandDataReport', cluster 'manuSpecificTuya', data '{"dpValues":[{"data":{"data":[2],"type":"Buffer"},"datatype":4,"dp":1}],"seq":41984}' from endpoint 1 with groupID 0
[2026-09-13 15:13:43] info: 	z2m:mqtt: MQTT publish: topic 'zigbee2mqtt/Nivelagua', payload '{"installation_height":0.75,"linkquality":136,"liquid_depth":0.38,"liquid_depth_max":0.28,"liquid_level_percent":81,"liquid_state":"high","max_set":80,"min_set":25}'
[2026-09-13 15:13:43] debug: 	zh:ember:uart:ash: <--- [FRAME type=DATA]
[2026-09-13 15:13:43] debug: 	zh:ember:uart:ash: <--- [FRAME type=DATA ackNum=1](ackRx=0 frmTx=1)
[2026-09-13 15:13:43] debug: 	zh:ember:uart:ash: <--- [FRAME type=DATA ackNum=1 frmNum=7](frmRx=7) Added to rxQueue
[2026-09-13 15:13:43] debug: 	zh:ember:uart:ash: ---> [FRAME type=ACK frmRx=0](ackRx=1)
[2026-09-13 15:13:43] debug: 	zh:ember:ezsp: <=== [FRAME: ID=52:"SEND_UNICAST" Seq=240 Len=7]
[2026-09-13 15:13:43] debug: 	zh:ember:ezsp: ~~~> [SENT type=DIRECT apsSequence=17 messageTag=79 status=OK]
[2026-09-13 15:13:43] debug: 	zh:ember:uart:ash: <--- [FRAME type=DATA]
[2026-09-13 15:13:43] debug: 	zh:ember:uart:ash: <--- [FRAME type=DATA ackNum=1](ackRx=1 frmTx=1)
[2026-09-13 15:13:43] debug: 	zh:ember:uart:ash: <--- [FRAME type=DATA ackNum=1 frmNum=0](frmRx=0) Added to rxQueue
[2026-09-13 15:13:43] debug: 	zh:ember:uart:ash: ---> [FRAME type=ACK frmRx=1](ackRx=1)
[2026-09-13 15:13:43] debug: 	zh:ember:ezsp: <=== [CBFRAME: ID=63:"MESSAGE_SENT_HANDLER" Seq=240 Len=22]
[2026-09-13 15:13:43] debug: 	zh:ember:ezsp: ezspMessageSentHandler: status=OK type=DIRECT indexOrDestination=3595 apsFrame={"profileId":260,"clusterId":61184,"sourceEndpoint":1,"destinationEndpoint":1,"options":4352,"groupId":0,"sequence":17} messageTag=79
[2026-09-13 15:13:43] debug: 	zh:ember:uart:ash: <--- [FRAME type=DATA]
[2026-09-13 15:13:43] debug: 	zh:ember:uart:ash: <--- [FRAME type=DATA ackNum=1](ackRx=1 frmTx=1)
[2026-09-13 15:13:43] debug: 	zh:ember:uart:ash: <--- [FRAME type=DATA ackNum=1 frmNum=1](frmRx=1) Added to rxQueue
[2026-09-13 15:13:43] debug: 	zh:ember:uart:ash: ---> [FRAME type=ACK frmRx=2](ackRx=1)
[2026-09-13 15:13:43] debug: 	zh:ember:ezsp: <=== [CBFRAME: ID=69:"INCOMING_MESSAGE_HANDLER" Seq=240 Len=38]
[2026-09-13 15:13:43] debug: 	zh:ember:ezsp: ezspIncomingMessageHandler: type=UNICAST apsFrame={"profileId":260,"clusterId":61184,"sourceEndpoint":1,"destinationEndpoint":1,"options":256,"groupId":0,"sequence":91} packetInfo:{"senderShortId":3595,"senderLongId":"0xffffffffffffffff","bindingIndex":255,"addressIndex":255,"lastHopLqi":136,"lastHopRssi":-66,"lastHopTimestamp":0} messageContents=09570200a50202000400000026
[2026-09-13 15:13:43] debug: 	zh:controller: Received payload: clusterID=61184, address=3595, groupID=0, endpoint=1, destinationEndpoint=1, wasBroadcast=false, linkQuality=136, frame={"header":{"frameControl":{"frameType":1,"manufacturerSpecific":false,"direction":1,"disableDefaultResponse":false,"reservedBits":0},"transactionSequenceNumber":87,"commandIdentifier":2},"payload":{"seq":42240,"dpValues":[{"dp":2,"datatype":2,"data":{"type":"Buffer","data":[0,0,0,38]}}]},"command":{"name":"dataReport","ID":2,"parameters":[{"name":"seq","type":33,"max":65535},{"name":"dpValues","type":1011}]}}
[2026-09-13 15:13:43] debug: 	zh:controller:endpoint: ZCL command 0x94b216fffef3cf25/1 manuSpecificTuya.defaultRsp({"cmdId":2,"statusCode":0}, {"timeout":10000,"disableResponse":false,"disableRecovery":false,"disableDefaultResponse":true,"direction":0,"reservedBits":0,"transactionSequenceNumber":87,"writeUndiv":false})
[2026-09-13 15:13:43] debug: 	zh:ember: ~~~> [ZCL to=0x94b216fffef3cf25:3595 apsFrame={"profileId":260,"clusterId":61184,"sourceEndpoint":1,"destinationEndpoint":1,"options":4352,"groupId":0,"sequence":0} header={"frameControl":{"reservedBits":0,"frameType":0,"direction":0,"disableDefaultResponse":true,"manufacturerSpecific":false},"transactionSequenceNumber":87,"commandIdentifier":11}]
[2026-09-13 15:13:43] debug: 	zh:ember:ezsp: ===> [FRAME: ID=52:"SEND_UNICAST" Seq=241 Len=26]
[2026-09-13 15:13:43] debug: 	zh:ember:uart:ash: ---> [FRAME type=DATA frmTx=1 frmRx=2](ackRx=1)
[2026-09-13 15:13:43] debug: 	z2m: Received Zigbee message from 'Nivelagua', type 'commandDataReport', cluster 'manuSpecificTuya', data '{"dpValues":[{"data":{"data":[0,0,0,38],"type":"Buffer"},"datatype":2,"dp":2}],"seq":42240}' from endpoint 1 with groupID 0
[2026-09-13 15:13:43] info: 	z2m:mqtt: MQTT publish: topic 'zigbee2mqtt/Nivelagua', payload '{"installation_height":0.75,"linkquality":136,"liquid_depth":0.38,"liquid_depth_max":0.28,"liquid_level_percent":81,"liquid_state":"high","max_set":80,"min_set":25}'
[2026-09-13 15:13:43] debug: 	zh:ember:uart:ash: <--- [FRAME type=DATA]
[2026-09-13 15:13:43] debug: 	zh:ember:uart:ash: <--- [FRAME type=DATA ackNum=2](ackRx=1 frmTx=2)
[2026-09-13 15:13:43] debug: 	zh:ember:uart:ash: <--- [FRAME type=DATA ackNum=2 frmNum=2](frmRx=2) Added to rxQueue
[2026-09-13 15:13:43] debug: 	zh:ember:uart:ash: ---> [FRAME type=ACK frmRx=3](ackRx=2)
[2026-09-13 15:13:43] debug: 	zh:ember:ezsp: <=== [FRAME: ID=52:"SEND_UNICAST" Seq=241 Len=7]
[2026-09-13 15:13:43] debug: 	zh:ember:ezsp: ~~~> [SENT type=DIRECT apsSequence=18 messageTag=80 status=OK]
[2026-09-13 15:13:43] debug: 	zh:ember:uart:ash: <--- [FRAME type=DATA]
[2026-09-13 15:13:43] debug: 	zh:ember:uart:ash: <--- [FRAME type=DATA ackNum=2](ackRx=2 frmTx=2)
[2026-09-13 15:13:43] debug: 	zh:ember:uart:ash: <--- [FRAME type=DATA ackNum=2 frmNum=3](frmRx=3) Added to rxQueue
[2026-09-13 15:13:43] debug: 	zh:ember:uart:ash: ---> [FRAME type=ACK frmRx=4](ackRx=2)
[2026-09-13 15:13:43] debug: 	zh:ember:ezsp: <=== [CBFRAME: ID=63:"MESSAGE_SENT_HANDLER" Seq=241 Len=22]
[2026-09-13 15:13:43] debug: 	zh:ember:ezsp: ezspMessageSentHandler: status=OK type=DIRECT indexOrDestination=3595 apsFrame={"profileId":260,"clusterId":61184,"sourceEndpoint":1,"destinationEndpoint":1,"options":4352,"groupId":0,"sequence":18} messageTag=80
[2026-09-13 15:13:43] debug: 	zh:ember:uart:ash: <--- [FRAME type=DATA]
[2026-09-13 15:13:43] debug: 	zh:ember:uart:ash: <--- [FRAME type=DATA ackNum=2](ackRx=2 frmTx=2)
[2026-09-13 15:13:43] debug: 	zh:ember:uart:ash: <--- [FRAME type=DATA ackNum=2 frmNum=4](frmRx=4) Added to rxQueue
[2026-09-13 15:13:43] debug: 	zh:ember:uart:ash: ---> [FRAME type=ACK frmRx=5](ackRx=2)
[2026-09-13 15:13:43] debug: 	zh:ember:ezsp: <=== [CBFRAME: ID=69:"INCOMING_MESSAGE_HANDLER" Seq=241 Len=38]
[2026-09-13 15:13:43] debug: 	zh:ember:ezsp: ezspIncomingMessageHandler: type=UNICAST apsFrame={"profileId":260,"clusterId":61184,"sourceEndpoint":1,"destinationEndpoint":1,"options":256,"groupId":0,"sequence":92} packetInfo:{"senderShortId":3595,"senderLongId":"0xffffffffffffffff","bindingIndex":255,"addressIndex":255,"lastHopLqi":136,"lastHopRssi":-66,"lastHopTimestamp":0} messageContents=09580200a61602000400000051
[2026-09-13 15:13:43] debug: 	zh:controller: Received payload: clusterID=61184, address=3595, groupID=0, endpoint=1, destinationEndpoint=1, wasBroadcast=false, linkQuality=136, frame={"header":{"frameControl":{"frameType":1,"manufacturerSpecific":false,"direction":1,"disableDefaultResponse":false,"reservedBits":0},"transactionSequenceNumber":88,"commandIdentifier":2},"payload":{"seq":42496,"dpValues":[{"dp":22,"datatype":2,"data":{"type":"Buffer","data":[0,0,0,81]}}]},"command":{"name":"dataReport","ID":2,"parameters":[{"name":"seq","type":33,"max":65535},{"name":"dpValues","type":1011}]}}
[2026-09-13 15:13:43] debug: 	zh:controller:endpoint: ZCL command 0x94b216fffef3cf25/1 manuSpecificTuya.defaultRsp({"cmdId":2,"statusCode":0}, {"timeout":10000,"disableResponse":false,"disableRecovery":false,"disableDefaultResponse":true,"direction":0,"reservedBits":0,"transactionSequenceNumber":88,"writeUndiv":false})
[2026-09-13 15:13:43] debug: 	zh:ember: ~~~> [ZCL to=0x94b216fffef3cf25:3595 apsFrame={"profileId":260,"clusterId":61184,"sourceEndpoint":1,"destinationEndpoint":1,"options":4352,"groupId":0,"sequence":0} header={"frameControl":{"reservedBits":0,"frameType":0,"direction":0,"disableDefaultResponse":true,"manufacturerSpecific":false},"transactionSequenceNumber":88,"commandIdentifier":11}]
[2026-09-13 15:13:43] debug: 	zh:ember:ezsp: ===> [FRAME: ID=52:"SEND_UNICAST" Seq=242 Len=26]
[2026-09-13 15:13:43] debug: 	zh:ember:uart:ash: ---> [FRAME type=DATA frmTx=2 frmRx=5](ackRx=2)
[2026-09-13 15:13:43] debug: 	z2m: Received Zigbee message from 'Nivelagua', type 'commandDataReport', cluster 'manuSpecificTuya', data '{"dpValues":[{"data":{"data":[0,0,0,81],"type":"Buffer"},"datatype":2,"dp":22}],"seq":42496}' from endpoint 1 with groupID 0
[2026-09-13 15:13:43] info: 	z2m:mqtt: MQTT publish: topic 'zigbee2mqtt/Nivelagua', payload '{"installation_height":0.75,"linkquality":136,"liquid_depth":0.38,"liquid_depth_max":0.28,"liquid_level_percent":81,"liquid_state":"high","max_set":80,"min_set":25}'
[2026-09-13 15:13:43] debug: 	zh:ember:uart:ash: <--- [FRAME type=DATA]
[2026-09-13 15:13:43] debug: 	zh:ember:uart:ash: <--- [FRAME type=DATA ackNum=3](ackRx=2 frmTx=3)
[2026-09-13 15:13:43] debug: 	zh:ember:uart:ash: <--- [FRAME type=DATA ackNum=3 frmNum=5](frmRx=5) Added to rxQueue
[2026-09-13 15:13:43] debug: 	zh:ember:uart:ash: ---> [FRAME type=ACK frmRx=6](ackRx=3)
[2026-09-13 15:13:43] debug: 	zh:ember:ezsp: <=== [FRAME: ID=52:"SEND_UNICAST" Seq=242 Len=7]
[2026-09-13 15:13:43] debug: 	zh:ember:ezsp: ~~~> [SENT type=DIRECT apsSequence=19 messageTag=81 status=OK]
[2026-09-13 15:13:43] debug: 	zh:ember:uart:ash: <--- [FRAME type=DATA]
[2026-09-13 15:13:43] debug: 	zh:ember:uart:ash: <--- [FRAME type=DATA ackNum=3](ackRx=3 frmTx=3)
[2026-09-13 15:13:43] debug: 	zh:ember:uart:ash: <--- [FRAME type=DATA ackNum=3 frmNum=6](frmRx=6) Added to rxQueue
[2026-09-13 15:13:43] debug: 	zh:ember:uart:ash: ---> [FRAME type=ACK frmRx=7](ackRx=3)
[2026-09-13 15:13:43] debug: 	zh:ember:ezsp: <=== [CBFRAME: ID=63:"MESSAGE_SENT_HANDLER" Seq=242 Len=22]
[2026-09-13 15:13:43] debug: 	zh:ember:ezsp: ezspMessageSentHandler: status=OK type=DIRECT indexOrDestination=3595 apsFrame={"profileId":260,"clusterId":61184,"sourceEndpoint":1,"destinationEndpoint":1,"options":4352,"groupId":0,"sequence":19} messageTag=81
[2026-09-13 15:13:43] debug: 	zh:ember:uart:ash: <--- [FRAME type=DATA]
[2026-09-13 15:13:43] debug: 	zh:ember:uart:ash: <--- [FRAME type=DATA ackNum=3](ackRx=3 frmTx=3)
[2026-09-13 15:13:43] debug: 	zh:ember:uart:ash: <--- [FRAME type=DATA ackNum=3 frmNum=7](frmRx=7) Added to rxQueue
[2026-09-13 15:13:43] debug: 	zh:ember:uart:ash: ---> [FRAME type=ACK frmRx=0](ackRx=3)
[2026-09-13 15:13:43] debug: 	zh:ember:ezsp: <=== [CBFRAME: ID=69:"INCOMING_MESSAGE_HANDLER" Seq=242 Len=35]
[2026-09-13 15:13:43] debug: 	zh:ember:ezsp: ezspIncomingMessageHandler: type=UNICAST apsFrame={"profileId":260,"clusterId":61184,"sourceEndpoint":1,"destinationEndpoint":1,"options":256,"groupId":0,"sequence":93} packetInfo:{"senderShortId":3595,"senderLongId":"0xffffffffffffffff","bindingIndex":255,"addressIndex":255,"lastHopLqi":136,"lastHopRssi":-66,"lastHopTimestamp":0} messageContents=09590200a70104000102
[2026-09-13 15:13:43] debug: 	zh:controller: Received payload: clusterID=61184, address=3595, groupID=0, endpoint=1, destinationEndpoint=1, wasBroadcast=false, linkQuality=136, frame={"header":{"frameControl":{"frameType":1,"manufacturerSpecific":false,"direction":1,"disableDefaultResponse":false,"reservedBits":0},"transactionSequenceNumber":89,"commandIdentifier":2},"payload":{"seq":42752,"dpValues":[{"dp":1,"datatype":4,"data":{"type":"Buffer","data":[2]}}]},"command":{"name":"dataReport","ID":2,"parameters":[{"name":"seq","type":33,"max":65535},{"name":"dpValues","type":1011}]}}
[2026-09-13 15:13:43] debug: 	zh:controller:endpoint: ZCL command 0x94b216fffef3cf25/1 manuSpecificTuya.defaultRsp({"cmdId":2,"statusCode":0}, {"timeout":10000,"disableResponse":false,"disableRecovery":false,"disableDefaultResponse":true,"direction":0,"reservedBits":0,"transactionSequenceNumber":89,"writeUndiv":false})
[2026-09-13 15:13:43] debug: 	zh:ember: ~~~> [ZCL to=0x94b216fffef3cf25:3595 apsFrame={"profileId":260,"clusterId":61184,"sourceEndpoint":1,"destinationEndpoint":1,"options":4352,"groupId":0,"sequence":0} header={"frameControl":{"reservedBits":0,"frameType":0,"direction":0,"disableDefaultResponse":true,"manufacturerSpecific":false},"transactionSequenceNumber":89,"commandIdentifier":11}]
[2026-09-13 15:13:43] debug: 	zh:ember:ezsp: ===> [FRAME: ID=52:"SEND_UNICAST" Seq=243 Len=26]
[2026-09-13 15:13:43] debug: 	zh:ember:uart:ash: ---> [FRAME type=DATA frmTx=3 frmRx=0](ackRx=3)
[2026-09-13 15:13:43] debug: 	z2m: Received Zigbee message from 'Nivelagua', type 'commandDataReport', cluster 'manuSpecificTuya', data '{"dpValues":[{"data":{"data":[2],"type":"Buffer"},"datatype":4,"dp":1}],"seq":42752}' from endpoint 1 with groupID 0
[2026-09-13 15:13:43] info: 	z2m:mqtt: MQTT publish: topic 'zigbee2mqtt/Nivelagua', payload '{"installation_height":0.75,"linkquality":136,"liquid_depth":0.38,"liquid_depth_max":0.28,"liquid_level_percent":81,"liquid_state":"high","max_set":80,"min_set":25}'
[2026-09-13 15:13:43] debug: 	zh:ember:uart:ash: <--- [FRAME type=DATA]
[2026-09-13 15:13:43] debug: 	zh:ember:uart:ash: <--- [FRAME type=DATA ackNum=4](ackRx=3 frmTx=4)
[2026-09-13 15:13:43] debug: 	zh:ember:uart:ash: <--- [FRAME type=DATA ackNum=4 frmNum=0](frmRx=0) Added to rxQueue
[2026-09-13 15:13:43] debug: 	zh:ember:uart:ash: ---> [FRAME type=ACK frmRx=1](ackRx=4)
[2026-09-13 15:13:43] debug: 	zh:ember:ezsp: <=== [FRAME: ID=52:"SEND_UNICAST" Seq=243 Len=7]
[2026-09-13 15:13:43] debug: 	zh:ember:ezsp: ~~~> [SENT type=DIRECT apsSequence=20 messageTag=82 status=OK]
[2026-09-13 15:13:43] debug: 	zh:ember:uart:ash: <--- [FRAME type=DATA]
[2026-09-13 15:13:43] debug: 	zh:ember:uart:ash: <--- [FRAME type=DATA ackNum=4](ackRx=4 frmTx=4)
[2026-09-13 15:13:43] debug: 	zh:ember:uart:ash: <--- [FRAME type=DATA ackNum=4 frmNum=1](frmRx=1) Added to rxQueue
[2026-09-13 15:13:43] debug: 	zh:ember:uart:ash: ---> [FRAME type=ACK frmRx=2](ackRx=4)
[2026-09-13 15:13:43] debug: 	zh:ember:ezsp: <=== [CBFRAME: ID=63:"MESSAGE_SENT_HANDLER" Seq=243 Len=22]
[2026-09-13 15:13:43] debug: 	zh:ember:ezsp: ezspMessageSentHandler: status=OK type=DIRECT indexOrDestination=3595 apsFrame={"profileId":260,"clusterId":61184,"sourceEndpoint":1,"destinationEndpoint":1,"options":4352,"groupId":0,"sequence":20} messageTag=82
[2026-09-13 15:13:43] debug: 	zh:ember:uart:ash: <--- [FRAME type=DATA]
[2026-09-13 15:13:43] debug: 	zh:ember:uart:ash: <--- [FRAME type=DATA ackNum=4](ackRx=4 frmTx=4)
[2026-09-13 15:13:43] debug: 	zh:ember:uart:ash: <--- [FRAME type=DATA ackNum=4 frmNum=2](frmRx=2) Added to rxQueue
[2026-09-13 15:13:43] debug: 	zh:ember:uart:ash: ---> [FRAME type=ACK frmRx=3](ackRx=4)
[2026-09-13 15:13:43] debug: 	zh:ember:ezsp: <=== [CBFRAME: ID=69:"INCOMING_MESSAGE_HANDLER" Seq=243 Len=38]
[2026-09-13 15:13:43] debug: 	zh:ember:ezsp: ezspIncomingMessageHandler: type=UNICAST apsFrame={"profileId":260,"clusterId":61184,"sourceEndpoint":1,"destinationEndpoint":1,"options":256,"groupId":0,"sequence":94} packetInfo:{"senderShortId":3595,"senderLongId":"0xffffffffffffffff","bindingIndex":255,"addressIndex":255,"lastHopLqi":136,"lastHopRssi":-66,"lastHopTimestamp":0} messageContents=095a0200a80202000400000026
[2026-09-13 15:13:43] debug: 	zh:controller: Received payload: clusterID=61184, address=3595, groupID=0, endpoint=1, destinationEndpoint=1, wasBroadcast=false, linkQuality=136, frame={"header":{"frameControl":{"frameType":1,"manufacturerSpecific":false,"direction":1,"disableDefaultResponse":false,"reservedBits":0},"transactionSequenceNumber":90,"commandIdentifier":2},"payload":{"seq":43008,"dpValues":[{"dp":2,"datatype":2,"data":{"type":"Buffer","data":[0,0,0,38]}}]},"command":{"name":"dataReport","ID":2,"parameters":[{"name":"seq","type":33,"max":65535},{"name":"dpValues","type":1011}]}}
[2026-09-13 15:13:43] debug: 	zh:controller:endpoint: ZCL command 0x94b216fffef3cf25/1 manuSpecificTuya.defaultRsp({"cmdId":2,"statusCode":0}, {"timeout":10000,"disableResponse":false,"disableRecovery":false,"disableDefaultResponse":true,"direction":0,"reservedBits":0,"transactionSequenceNumber":90,"writeUndiv":false})
[2026-09-13 15:13:43] debug: 	zh:ember: ~~~> [ZCL to=0x94b216fffef3cf25:3595 apsFrame={"profileId":260,"clusterId":61184,"sourceEndpoint":1,"destinationEndpoint":1,"options":4352,"groupId":0,"sequence":0} header={"frameControl":{"reservedBits":0,"frameType":0,"direction":0,"disableDefaultResponse":true,"manufacturerSpecific":false},"transactionSequenceNumber":90,"commandIdentifier":11}]
[2026-09-13 15:13:43] debug: 	zh:ember:ezsp: ===> [FRAME: ID=52:"SEND_UNICAST" Seq=244 Len=26]
[2026-09-13 15:13:43] debug: 	zh:ember:uart:ash: ---> [FRAME type=DATA frmTx=4 frmRx=3](ackRx=4)
[2026-09-13 15:13:43] debug: 	z2m: Received Zigbee message from 'Nivelagua', type 'commandDataReport', cluster 'manuSpecificTuya', data '{"dpValues":[{"data":{"data":[0,0,0,38],"type":"Buffer"},"datatype":2,"dp":2}],"seq":43008}' from endpoint 1 with groupID 0
[2026-09-13 15:13:43] info: 	z2m:mqtt: MQTT publish: topic 'zigbee2mqtt/Nivelagua', payload '{"installation_height":0.75,"linkquality":136,"liquid_depth":0.38,"liquid_depth_max":0.28,"liquid_level_percent":81,"liquid_state":"high","max_set":80,"min_set":25}'
[2026-09-13 15:13:43] debug: 	zh:ember:uart:ash: <--- [FRAME type=DATA]
[2026-09-13 15:13:43] debug: 	zh:ember:uart:ash: <--- [FRAME type=DATA ackNum=5](ackRx=4 frmTx=5)
[2026-09-13 15:13:43] debug: 	zh:ember:uart:ash: <--- [FRAME type=DATA ackNum=5 frmNum=3](frmRx=3) Added to rxQueue
[2026-09-13 15:13:43] debug: 	zh:ember:uart:ash: ---> [FRAME type=ACK frmRx=4](ackRx=5)
[2026-09-13 15:13:43] debug: 	zh:ember:ezsp: <=== [FRAME: ID=52:"SEND_UNICAST" Seq=244 Len=7]
[2026-09-13 15:13:43] debug: 	zh:ember:ezsp: ~~~> [SENT type=DIRECT apsSequence=21 messageTag=83 status=OK]
[2026-09-13 15:13:43] debug: 	zh:ember:uart:ash: <--- [FRAME type=DATA]
[2026-09-13 15:13:43] debug: 	zh:ember:uart:ash: <--- [FRAME type=DATA ackNum=5](ackRx=5 frmTx=5)
[2026-09-13 15:13:43] debug: 	zh:ember:uart:ash: <--- [FRAME type=DATA ackNum=5 frmNum=4](frmRx=4) Added to rxQueue
[2026-09-13 15:13:43] debug: 	zh:ember:uart:ash: ---> [FRAME type=ACK frmRx=5](ackRx=5)
[2026-09-13 15:13:43] debug: 	zh:ember:ezsp: <=== [CBFRAME: ID=63:"MESSAGE_SENT_HANDLER" Seq=244 Len=22]
[2026-09-13 15:13:43] debug: 	zh:ember:ezsp: ezspMessageSentHandler: status=OK type=DIRECT indexOrDestination=3595 apsFrame={"profileId":260,"clusterId":61184,"sourceEndpoint":1,"destinationEndpoint":1,"options":4352,"groupId":0,"sequence":21} messageTag=83
[2026-09-13 15:13:43] debug: 	zh:ember:uart:ash: <--- [FRAME type=DATA]
[2026-09-13 15:13:43] debug: 	zh:ember:uart:ash: <--- [FRAME type=DATA ackNum=5](ackRx=5 frmTx=5)
[2026-09-13 15:13:43] debug: 	zh:ember:uart:ash: <--- [FRAME type=DATA ackNum=5 frmNum=5](frmRx=5) Added to rxQueue
[2026-09-13 15:13:43] debug: 	zh:ember:uart:ash: ---> [FRAME type=ACK frmRx=6](ackRx=5)
[2026-09-13 15:13:43] debug: 	zh:ember:ezsp: <=== [CBFRAME: ID=69:"INCOMING_MESSAGE_HANDLER" Seq=244 Len=38]
[2026-09-13 15:13:43] debug: 	zh:ember:ezsp: ezspIncomingMessageHandler: type=UNICAST apsFrame={"profileId":260,"clusterId":61184,"sourceEndpoint":1,"destinationEndpoint":1,"options":256,"groupId":0,"sequence":95} packetInfo:{"senderShortId":3595,"senderLongId":"0xffffffffffffffff","bindingIndex":255,"addressIndex":255,"lastHopLqi":136,"lastHopRssi":-66,"lastHopTimestamp":0} messageContents=095b0200a91602000400000051
[2026-09-13 15:13:43] debug: 	zh:controller: Received payload: clusterID=61184, address=3595, groupID=0, endpoint=1, destinationEndpoint=1, wasBroadcast=false, linkQuality=136, frame={"header":{"frameControl":{"frameType":1,"manufacturerSpecific":false,"direction":1,"disableDefaultResponse":false,"reservedBits":0},"transactionSequenceNumber":91,"commandIdentifier":2},"payload":{"seq":43264,"dpValues":[{"dp":22,"datatype":2,"data":{"type":"Buffer","data":[0,0,0,81]}}]},"command":{"name":"dataReport","ID":2,"parameters":[{"name":"seq","type":33,"max":65535},{"name":"dpValues","type":1011}]}}
[2026-09-13 15:13:43] debug: 	zh:controller:endpoint: ZCL command 0x94b216fffef3cf25/1 manuSpecificTuya.defaultRsp({"cmdId":2,"statusCode":0}, {"timeout":10000,"disableResponse":false,"disableRecovery":false,"disableDefaultResponse":true,"direction":0,"reservedBits":0,"transactionSequenceNumber":91,"writeUndiv":false})
[2026-09-13 15:13:43] debug: 	zh:ember: ~~~> [ZCL to=0x94b216fffef3cf25:3595 apsFrame={"profileId":260,"clusterId":61184,"sourceEndpoint":1,"destinationEndpoint":1,"options":4352,"groupId":0,"sequence":0} header={"frameControl":{"reservedBits":0,"frameType":0,"direction":0,"disableDefaultResponse":true,"manufacturerSpecific":false},"transactionSequenceNumber":91,"commandIdentifier":11}]
[2026-09-13 15:13:43] debug: 	zh:ember:ezsp: ===> [FRAME: ID=52:"SEND_UNICAST" Seq=245 Len=26]
[2026-09-13 15:13:43] debug: 	zh:ember:uart:ash: ---> [FRAME type=DATA frmTx=5 frmRx=6](ackRx=5)
[2026-09-13 15:13:43] debug: 	z2m: Received Zigbee message from 'Nivelagua', type 'commandDataReport', cluster 'manuSpecificTuya', data '{"dpValues":[{"data":{"data":[0,0,0,81],"type":"Buffer"},"datatype":2,"dp":22}],"seq":43264}' from endpoint 1 with groupID 0
[2026-09-13 15:13:43] info: 	z2m:mqtt: MQTT publish: topic 'zigbee2mqtt/Nivelagua', payload '{"installation_height":0.75,"linkquality":136,"liquid_depth":0.38,"liquid_depth_max":0.28,"liquid_level_percent":81,"liquid_state":"high","max_set":80,"min_set":25}'
[2026-09-13 15:13:43] debug: 	zh:ember:uart:ash: <--- [FRAME type=DATA]
[2026-09-13 15:13:43] debug: 	zh:ember:uart:ash: <--- [FRAME type=DATA ackNum=6](ackRx=5 frmTx=6)
[2026-09-13 15:13:43] debug: 	zh:ember:uart:ash: <--- [FRAME type=DATA ackNum=6 frmNum=6](frmRx=6) Added to rxQueue
[2026-09-13 15:13:43] debug: 	zh:ember:uart:ash: ---> [FRAME type=ACK frmRx=7](ackRx=6)
[2026-09-13 15:13:43] debug: 	zh:ember:ezsp: <=== [FRAME: ID=52:"SEND_UNICAST" Seq=245 Len=7]
[2026-09-13 15:13:43] debug: 	zh:ember:ezsp: ~~~> [SENT type=DIRECT apsSequence=22 messageTag=84 status=OK]
[2026-09-13 15:13:43] debug: 	zh:ember:uart:ash: <--- [FRAME type=DATA]
[2026-09-13 15:13:43] debug: 	zh:ember:uart:ash: <--- [FRAME type=DATA ackNum=6](ackRx=6 frmTx=6)
[2026-09-13 15:13:43] debug: 	zh:ember:uart:ash: <--- [FRAME type=DATA ackNum=6 frmNum=7](frmRx=7) Added to rxQueue
[2026-09-13 15:13:43] debug: 	zh:ember:uart:ash: ---> [FRAME type=ACK frmRx=0](ackRx=6)
[2026-09-13 15:13:43] debug: 	zh:ember:ezsp: <=== [CBFRAME: ID=63:"MESSAGE_SENT_HANDLER" Seq=245 Len=22]
[2026-09-13 15:13:43] debug: 	zh:ember:ezsp: ezspMessageSentHandler: status=OK type=DIRECT indexOrDestination=3595 apsFrame={"profileId":260,"clusterId":61184,"sourceEndpoint":1,"destinationEndpoint":1,"options":4352,"groupId":0,"sequence":22} messageTag=84
[2026-09-13 15:13:44] debug: 	zh:ember:uart:ash: <--- [FRAME type=DATA]
[2026-09-13 15:13:44] debug: 	zh:ember:uart:ash: <--- [FRAME type=DATA ackNum=6](ackRx=6 frmTx=6)
[2026-09-13 15:13:44] debug: 	zh:ember:uart:ash: <--- [FRAME type=DATA ackNum=6 frmNum=0](frmRx=0) Added to rxQueue
[2026-09-13 15:13:44] debug: 	zh:ember:uart:ash: ---> [FRAME type=ACK frmRx=1](ackRx=6)
[2026-09-13 15:13:44] debug: 	zh:ember:ezsp: <=== [CBFRAME: ID=69:"INCOMING_MESSAGE_HANDLER" Seq=245 Len=35]
[2026-09-13 15:13:44] debug: 	zh:ember:ezsp: ezspIncomingMessageHandler: type=UNICAST apsFrame={"profileId":260,"clusterId":61184,"sourceEndpoint":1,"destinationEndpoint":1,"options":256,"groupId":0,"sequence":96} packetInfo:{"senderShortId":3595,"senderLongId":"0xffffffffffffffff","bindingIndex":255,"addressIndex":255,"lastHopLqi":136,"lastHopRssi":-66,"lastHopTimestamp":0} messageContents=095c0200aa0104000102
[2026-09-13 15:13:44] debug: 	zh:controller: Received payload: clusterID=61184, address=3595, groupID=0, endpoint=1, destinationEndpoint=1, wasBroadcast=false, linkQuality=136, frame={"header":{"frameControl":{"frameType":1,"manufacturerSpecific":false,"direction":1,"disableDefaultResponse":false,"reservedBits":0},"transactionSequenceNumber":92,"commandIdentifier":2},"payload":{"seq":43520,"dpValues":[{"dp":1,"datatype":4,"data":{"type":"Buffer","data":[2]}}]},"command":{"name":"dataReport","ID":2,"parameters":[{"name":"seq","type":33,"max":65535},{"name":"dpValues","type":1011}]}}
[2026-09-13 15:13:44] debug: 	zh:controller:endpoint: ZCL command 0x94b216fffef3cf25/1 manuSpecificTuya.defaultRsp({"cmdId":2,"statusCode":0}, {"timeout":10000,"disableResponse":false,"disableRecovery":false,"disableDefaultResponse":true,"direction":0,"reservedBits":0,"transactionSequenceNumber":92,"writeUndiv":false})
[2026-09-13 15:13:44] debug: 	zh:ember: ~~~> [ZCL to=0x94b216fffef3cf25:3595 apsFrame={"profileId":260,"clusterId":61184,"sourceEndpoint":1,"destinationEndpoint":1,"options":4352,"groupId":0,"sequence":0} header={"frameControl":{"reservedBits":0,"frameType":0,"direction":0,"disableDefaultResponse":true,"manufacturerSpecific":false},"transactionSequenceNumber":92,"commandIdentifier":11}]
[2026-09-13 15:13:44] debug: 	zh:ember:ezsp: ===> [FRAME: ID=52:"SEND_UNICAST" Seq=246 Len=26]
[2026-09-13 15:13:44] debug: 	zh:ember:uart:ash: ---> [FRAME type=DATA frmTx=6 frmRx=1](ackRx=6)
[2026-09-13 15:13:44] debug: 	z2m: Received Zigbee message from 'Nivelagua', type 'commandDataReport', cluster 'manuSpecificTuya', data '{"dpValues":[{"data":{"data":[2],"type":"Buffer"},"datatype":4,"dp":1}],"seq":43520}' from endpoint 1 with groupID 0
[2026-09-13 15:13:44] info: 	z2m:mqtt: MQTT publish: topic 'zigbee2mqtt/Nivelagua', payload '{"installation_height":0.75,"linkquality":136,"liquid_depth":0.38,"liquid_depth_max":0.28,"liquid_level_percent":81,"liquid_state":"high","max_set":80,"min_set":25}'
[2026-09-13 15:13:44] debug: 	zh:ember:uart:ash: <--- [FRAME type=DATA]
[2026-09-13 15:13:44] debug: 	zh:ember:uart:ash: <--- [FRAME type=DATA ackNum=7](ackRx=6 frmTx=7)
[2026-09-13 15:13:44] debug: 	zh:ember:uart:ash: <--- [FRAME type=DATA ackNum=7 frmNum=1](frmRx=1) Added to rxQueue
[2026-09-13 15:13:44] debug: 	zh:ember:uart:ash: ---> [FRAME type=ACK frmRx=2](ackRx=7)
[2026-09-13 15:13:44] debug: 	zh:ember:ezsp: <=== [FRAME: ID=52:"SEND_UNICAST" Seq=246 Len=7]
[2026-09-13 15:13:44] debug: 	zh:ember:ezsp: ~~~> [SENT type=DIRECT apsSequence=23 messageTag=85 status=OK]
[2026-09-13 15:13:44] debug: 	zh:ember:uart:ash: <--- [FRAME type=DATA]
[2026-09-13 15:13:44] debug: 	zh:ember:uart:ash: <--- [FRAME type=DATA ackNum=7](ackRx=7 frmTx=7)
[2026-09-13 15:13:44] debug: 	zh:ember:uart:ash: <--- [FRAME type=DATA ackNum=7 frmNum=2](frmRx=2) Added to rxQueue
[2026-09-13 15:13:44] debug: 	zh:ember:uart:ash: ---> [FRAME type=ACK frmRx=3](ackRx=7)
[2026-09-13 15:13:44] debug: 	zh:ember:ezsp: <=== [CBFRAME: ID=63:"MESSAGE_SENT_HANDLER" Seq=246 Len=22]
[2026-09-13 15:13:44] debug: 	zh:ember:ezsp: ezspMessageSentHandler: status=OK type=DIRECT indexOrDestination=3595 apsFrame={"profileId":260,"clusterId":61184,"sourceEndpoint":1,"destinationEndpoint":1,"options":4352,"groupId":0,"sequence":23} messageTag=85
[2026-09-13 15:13:44] debug: 	zh:ember:uart:ash: <--- [FRAME type=DATA]
[2026-09-13 15:13:44] debug: 	zh:ember:uart:ash: <--- [FRAME type=DATA ackNum=7](ackRx=7 frmTx=7)
[2026-09-13 15:13:44] debug: 	zh:ember:uart:ash: <--- [FRAME type=DATA ackNum=7 frmNum=3](frmRx=3) Added to rxQueue
[2026-09-13 15:13:44] debug: 	zh:ember:uart:ash: ---> [FRAME type=ACK frmRx=4](ackRx=7)
[2026-09-13 15:13:44] debug: 	zh:ember:ezsp: <=== [CBFRAME: ID=69:"INCOMING_MESSAGE_HANDLER" Seq=246 Len=38]
[2026-09-13 15:13:44] debug: 	zh:ember:ezsp: ezspIncomingMessageHandler: type=UNICAST apsFrame={"profileId":260,"clusterId":61184,"sourceEndpoint":1,"destinationEndpoint":1,"options":256,"groupId":0,"sequence":97} packetInfo:{"senderShortId":3595,"senderLongId":"0xffffffffffffffff","bindingIndex":255,"addressIndex":255,"lastHopLqi":136,"lastHopRssi":-66,"lastHopTimestamp":0} messageContents=095d0200ab0202000400000026
[2026-09-13 15:13:44] debug: 	zh:controller: Received payload: clusterID=61184, address=3595, groupID=0, endpoint=1, destinationEndpoint=1, wasBroadcast=false, linkQuality=136, frame={"header":{"frameControl":{"frameType":1,"manufacturerSpecific":false,"direction":1,"disableDefaultResponse":false,"reservedBits":0},"transactionSequenceNumber":93,"commandIdentifier":2},"payload":{"seq":43776,"dpValues":[{"dp":2,"datatype":2,"data":{"type":"Buffer","data":[0,0,0,38]}}]},"command":{"name":"dataReport","ID":2,"parameters":[{"name":"seq","type":33,"max":65535},{"name":"dpValues","type":1011}]}}
[2026-09-13 15:13:44] debug: 	zh:controller:endpoint: ZCL command 0x94b216fffef3cf25/1 manuSpecificTuya.defaultRsp({"cmdId":2,"statusCode":0}, {"timeout":10000,"disableResponse":false,"disableRecovery":false,"disableDefaultResponse":true,"direction":0,"reservedBits":0,"transactionSequenceNumber":93,"writeUndiv":false})
[2026-09-13 15:13:44] debug: 	zh:ember: ~~~> [ZCL to=0x94b216fffef3cf25:3595 apsFrame={"profileId":260,"clusterId":61184,"sourceEndpoint":1,"destinationEndpoint":1,"options":4352,"groupId":0,"sequence":0} header={"frameControl":{"reservedBits":0,"frameType":0,"direction":0,"disableDefaultResponse":true,"manufacturerSpecific":false},"transactionSequenceNumber":93,"commandIdentifier":11}]
[2026-09-13 15:13:44] debug: 	zh:ember:ezsp: ===> [FRAME: ID=52:"SEND_UNICAST" Seq=247 Len=26]
[2026-09-13 15:13:44] debug: 	zh:ember:uart:ash: ---> [FRAME type=DATA frmTx=7 frmRx=4](ackRx=7)
[2026-09-13 15:13:44] debug: 	z2m: Received Zigbee message from 'Nivelagua', type 'commandDataReport', cluster 'manuSpecificTuya', data '{"dpValues":[{"data":{"data":[0,0,0,38],"type":"Buffer"},"datatype":2,"dp":2}],"seq":43776}' from endpoint 1 with groupID 0
[2026-09-13 15:13:44] info: 	z2m:mqtt: MQTT publish: topic 'zigbee2mqtt/Nivelagua', payload '{"installation_height":0.75,"linkquality":136,"liquid_depth":0.38,"liquid_depth_max":0.28,"liquid_level_percent":81,"liquid_state":"high","max_set":80,"min_set":25}'
[2026-09-13 15:13:44] debug: 	zh:ember:uart:ash: <--- [FRAME type=DATA]
[2026-09-13 15:13:44] debug: 	zh:ember:uart:ash: <--- [FRAME type=DATA ackNum=0](ackRx=7 frmTx=0)
[2026-09-13 15:13:44] debug: 	zh:ember:uart:ash: <--- [FRAME type=DATA ackNum=0 frmNum=4](frmRx=4) Added to rxQueue
[2026-09-13 15:13:44] debug: 	zh:ember:uart:ash: ---> [FRAME type=ACK frmRx=5](ackRx=0)
[2026-09-13 15:13:44] debug: 	zh:ember:ezsp: <=== [FRAME: ID=52:"SEND_UNICAST" Seq=247 Len=7]
[2026-09-13 15:13:44] debug: 	zh:ember:ezsp: ~~~> [SENT type=DIRECT apsSequence=24 messageTag=86 status=OK]
[2026-09-13 15:13:44] debug: 	zh:ember:uart:ash: <--- [FRAME type=DATA]
[2026-09-13 15:13:44] debug: 	zh:ember:uart:ash: <--- [FRAME type=DATA ackNum=0](ackRx=0 frmTx=0)
[2026-09-13 15:13:44] debug: 	zh:ember:uart:ash: <--- [FRAME type=DATA ackNum=0 frmNum=5](frmRx=5) Added to rxQueue
[2026-09-13 15:13:44] debug: 	zh:ember:uart:ash: ---> [FRAME type=ACK frmRx=6](ackRx=0)
[2026-09-13 15:13:44] debug: 	zh:ember:ezsp: <=== [CBFRAME: ID=63:"MESSAGE_SENT_HANDLER" Seq=247 Len=22]
[2026-09-13 15:13:44] debug: 	zh:ember:ezsp: ezspMessageSentHandler: status=OK type=DIRECT indexOrDestination=3595 apsFrame={"profileId":260,"clusterId":61184,"sourceEndpoint":1,"destinationEndpoint":1,"options":4352,"groupId":0,"sequence":24} messageTag=86
[2026-09-13 15:13:44] debug: 	zh:ember:uart:ash: <--- [FRAME type=DATA]
[2026-09-13 15:13:44] debug: 	zh:ember:uart:ash: <--- [FRAME type=DATA ackNum=0](ackRx=0 frmTx=0)
[2026-09-13 15:13:44] debug: 	zh:ember:uart:ash: <--- [FRAME type=DATA ackNum=0 frmNum=6](frmRx=6) Added to rxQueue
[2026-09-13 15:13:44] debug: 	zh:ember:uart:ash: ---> [FRAME type=ACK frmRx=7](ackRx=0)
[2026-09-13 15:13:44] debug: 	zh:ember:ezsp: <=== [CBFRAME: ID=69:"INCOMING_MESSAGE_HANDLER" Seq=247 Len=38]
[2026-09-13 15:13:44] debug: 	zh:ember:ezsp: ezspIncomingMessageHandler: type=UNICAST apsFrame={"profileId":260,"clusterId":61184,"sourceEndpoint":1,"destinationEndpoint":1,"options":256,"groupId":0,"sequence":98} packetInfo:{"senderShortId":3595,"senderLongId":"0xffffffffffffffff","bindingIndex":255,"addressIndex":255,"lastHopLqi":136,"lastHopRssi":-66,"lastHopTimestamp":0} messageContents=095e0200ac1602000400000051
[2026-09-13 15:13:44] debug: 	zh:controller: Received payload: clusterID=61184, address=3595, groupID=0, endpoint=1, destinationEndpoint=1, wasBroadcast=false, linkQuality=136, frame={"header":{"frameControl":{"frameType":1,"manufacturerSpecific":false,"direction":1,"disableDefaultResponse":false,"reservedBits":0},"transactionSequenceNumber":94,"commandIdentifier":2},"payload":{"seq":44032,"dpValues":[{"dp":22,"datatype":2,"data":{"type":"Buffer","data":[0,0,0,81]}}]},"command":{"name":"dataReport","ID":2,"parameters":[{"name":"seq","type":33,"max":65535},{"name":"dpValues","type":1011}]}}
[2026-09-13 15:13:44] debug: 	zh:controller:endpoint: ZCL command 0x94b216fffef3cf25/1 manuSpecificTuya.defaultRsp({"cmdId":2,"statusCode":0}, {"timeout":10000,"disableResponse":false,"disableRecovery":false,"disableDefaultResponse":true,"direction":0,"reservedBits":0,"transactionSequenceNumber":94,"writeUndiv":false})
[2026-09-13 15:13:44] debug: 	zh:ember: ~~~> [ZCL to=0x94b216fffef3cf25:3595 apsFrame={"profileId":260,"clusterId":61184,"sourceEndpoint":1,"destinationEndpoint":1,"options":4352,"groupId":0,"sequence":0} header={"frameControl":{"reservedBits":0,"frameType":0,"direction":0,"disableDefaultResponse":true,"manufacturerSpecific":false},"transactionSequenceNumber":94,"commandIdentifier":11}]
[2026-09-13 15:13:44] debug: 	zh:ember:ezsp: ===> [FRAME: ID=52:"SEND_UNICAST" Seq=248 Len=26]
[2026-09-13 15:13:44] debug: 	zh:ember:uart:ash: ---> [FRAME type=DATA frmTx=0 frmRx=7](ackRx=0)
[2026-09-13 15:13:44] debug: 	z2m: Received Zigbee message from 'Nivelagua', type 'commandDataReport', cluster 'manuSpecificTuya', data '{"dpValues":[{"data":{"data":[0,0,0,81],"type":"Buffer"},"datatype":2,"dp":22}],"seq":44032}' from endpoint 1 with groupID 0
[2026-09-13 15:13:44] info: 	z2m:mqtt: MQTT publish: topic 'zigbee2mqtt/Nivelagua', payload '{"installation_height":0.75,"linkquality":136,"liquid_depth":0.38,"liquid_depth_max":0.28,"liquid_level_percent":81,"liquid_state":"high","max_set":80,"min_set":25}'
[2026-09-13 15:13:44] debug: 	zh:ember:uart:ash: <--- [FRAME type=DATA]
[2026-09-13 15:13:44] debug: 	zh:ember:uart:ash: <--- [FRAME type=DATA ackNum=1](ackRx=0 frmTx=1)
[2026-09-13 15:13:44] debug: 	zh:ember:uart:ash: <--- [FRAME type=DATA ackNum=1 frmNum=7](frmRx=7) Added to rxQueue
[2026-09-13 15:13:44] debug: 	zh:ember:uart:ash: ---> [FRAME type=ACK frmRx=0](ackRx=1)
[2026-09-13 15:13:44] debug: 	zh:ember:ezsp: <=== [FRAME: ID=52:"SEND_UNICAST" Seq=248 Len=7]
[2026-09-13 15:13:44] debug: 	zh:ember:ezsp: ~~~> [SENT type=DIRECT apsSequence=25 messageTag=87 status=OK]
[2026-09-13 15:13:44] debug: 	zh:ember:uart:ash: <--- [FRAME type=DATA]
[2026-09-13 15:13:44] debug: 	zh:ember:uart:ash: <--- [FRAME type=DATA ackNum=1](ackRx=1 frmTx=1)
[2026-09-13 15:13:44] debug: 	zh:ember:uart:ash: <--- [FRAME type=DATA ackNum=1 frmNum=0](frmRx=0) Added to rxQueue
[2026-09-13 15:13:44] debug: 	zh:ember:uart:ash: ---> [FRAME type=ACK frmRx=1](ackRx=1)
[2026-09-13 15:13:44] debug: 	zh:ember:ezsp: <=== [CBFRAME: ID=63:"MESSAGE_SENT_HANDLER" Seq=248 Len=22]
[2026-09-13 15:13:44] debug: 	zh:ember:ezsp: ezspMessageSentHandler: status=OK type=DIRECT indexOrDestination=3595 apsFrame={"profileId":260,"clusterId":61184,"sourceEndpoint":1,"destinationEndpoint":1,"options":4352,"groupId":0,"sequence":25} messageTag=87
[2026-09-13 15:13:45] debug: 	zh:ember:uart:ash: <--- [FRAME type=DATA]
[2026-09-13 15:13:45] debug: 	zh:ember:uart:ash: <--- [FRAME type=DATA ackNum=1](ackRx=1 frmTx=1)
[2026-09-13 15:13:45] debug: 	zh:ember:uart:ash: <--- [FRAME type=DATA ackNum=1 frmNum=1](frmRx=1) Added to rxQueue
[2026-09-13 15:13:45] debug: 	zh:ember:uart:ash: ---> [FRAME type=ACK frmRx=2](ackRx=1)
[2026-09-13 15:13:45] debug: 	zh:ember:ezsp: <=== [CBFRAME: ID=69:"INCOMING_MESSAGE_HANDLER" Seq=248 Len=35]
[2026-09-13 15:13:45] debug: 	zh:ember:ezsp: ezspIncomingMessageHandler: type=UNICAST apsFrame={"profileId":260,"clusterId":61184,"sourceEndpoint":1,"destinationEndpoint":1,"options":256,"groupId":0,"sequence":99} packetInfo:{"senderShortId":3595,"senderLongId":"0xffffffffffffffff","bindingIndex":255,"addressIndex":255,"lastHopLqi":136,"lastHopRssi":-66,"lastHopTimestamp":0} messageContents=095f0200ad0104000102
[2026-09-13 15:13:45] debug: 	zh:controller: Received payload: clusterID=61184, address=3595, groupID=0, endpoint=1, destinationEndpoint=1, wasBroadcast=false, linkQuality=136, frame={"header":{"frameControl":{"frameType":1,"manufacturerSpecific":false,"direction":1,"disableDefaultResponse":false,"reservedBits":0},"transactionSequenceNumber":95,"commandIdentifier":2},"payload":{"seq":44288,"dpValues":[{"dp":1,"datatype":4,"data":{"type":"Buffer","data":[2]}}]},"command":{"name":"dataReport","ID":2,"parameters":[{"name":"seq","type":33,"max":65535},{"name":"dpValues","type":1011}]}}
[2026-09-13 15:13:45] debug: 	zh:controller:endpoint: ZCL command 0x94b216fffef3cf25/1 manuSpecificTuya.defaultRsp({"cmdId":2,"statusCode":0}, {"timeout":10000,"disableResponse":false,"disableRecovery":false,"disableDefaultResponse":true,"direction":0,"reservedBits":0,"transactionSequenceNumber":95,"writeUndiv":false})
[2026-09-13 15:13:45] debug: 	zh:ember: ~~~> [ZCL to=0x94b216fffef3cf25:3595 apsFrame={"profileId":260,"clusterId":61184,"sourceEndpoint":1,"destinationEndpoint":1,"options":4352,"groupId":0,"sequence":0} header={"frameControl":{"reservedBits":0,"frameType":0,"direction":0,"disableDefaultResponse":true,"manufacturerSpecific":false},"transactionSequenceNumber":95,"commandIdentifier":11}]
[2026-09-13 15:13:45] debug: 	zh:ember:ezsp: ===> [FRAME: ID=52:"SEND_UNICAST" Seq=249 Len=26]
[2026-09-13 15:13:45] debug: 	zh:ember:uart:ash: ---> [FRAME type=DATA frmTx=1 frmRx=2](ackRx=1)
[2026-09-13 15:13:45] debug: 	z2m: Received Zigbee message from 'Nivelagua', type 'commandDataReport', cluster 'manuSpecificTuya', data '{"dpValues":[{"data":{"data":[2],"type":"Buffer"},"datatype":4,"dp":1}],"seq":44288}' from endpoint 1 with groupID 0
[2026-09-13 15:13:45] info: 	z2m:mqtt: MQTT publish: topic 'zigbee2mqtt/Nivelagua', payload '{"installation_height":0.75,"linkquality":136,"liquid_depth":0.38,"liquid_depth_max":0.28,"liquid_level_percent":81,"liquid_state":"high","max_set":80,"min_set":25}'
[2026-09-13 15:13:45] debug: 	zh:ember:uart:ash: <--- [FRAME type=DATA]
[2026-09-13 15:13:45] debug: 	zh:ember:uart:ash: <--- [FRAME type=DATA ackNum=2](ackRx=1 frmTx=2)
[2026-09-13 15:13:45] debug: 	zh:ember:uart:ash: <--- [FRAME type=DATA ackNum=2 frmNum=2](frmRx=2) Added to rxQueue
[2026-09-13 15:13:45] debug: 	zh:ember:uart:ash: ---> [FRAME type=ACK frmRx=3](ackRx=2)
[2026-09-13 15:13:45] debug: 	zh:ember:ezsp: <=== [FRAME: ID=52:"SEND_UNICAST" Seq=249 Len=7]
[2026-09-13 15:13:45] debug: 	zh:ember:ezsp: ~~~> [SENT type=DIRECT apsSequence=26 messageTag=88 status=OK]
[2026-09-13 15:13:45] debug: 	zh:ember:uart:ash: <--- [FRAME type=DATA]
[2026-09-13 15:13:45] debug: 	zh:ember:uart:ash: <--- [FRAME type=DATA ackNum=2](ackRx=2 frmTx=2)
[2026-09-13 15:13:45] debug: 	zh:ember:uart:ash: <--- [FRAME type=DATA ackNum=2 frmNum=3](frmRx=3) Added to rxQueue
[2026-09-13 15:13:45] debug: 	zh:ember:uart:ash: ---> [FRAME type=ACK frmRx=4](ackRx=2)
[2026-09-13 15:13:45] debug: 	zh:ember:ezsp: <=== [CBFRAME: ID=63:"MESSAGE_SENT_HANDLER" Seq=249 Len=22]
[2026-09-13 15:13:45] debug: 	zh:ember:ezsp: ezspMessageSentHandler: status=OK type=DIRECT indexOrDestination=3595 apsFrame={"profileId":260,"clusterId":61184,"sourceEndpoint":1,"destinationEndpoint":1,"options":4352,"groupId":0,"sequence":26} messageTag=88
[2026-09-13 15:13:45] debug: 	zh:ember:uart:ash: <--- [FRAME type=DATA]
[2026-09-13 15:13:45] debug: 	zh:ember:uart:ash: <--- [FRAME type=DATA ackNum=2](ackRx=2 frmTx=2)
[2026-09-13 15:13:45] debug: 	zh:ember:uart:ash: <--- [FRAME type=DATA ackNum=2 frmNum=4](frmRx=4) Added to rxQueue
[2026-09-13 15:13:45] debug: 	zh:ember:uart:ash: ---> [FRAME type=ACK frmRx=5](ackRx=2)
[2026-09-13 15:13:45] debug: 	zh:ember:ezsp: <=== [CBFRAME: ID=69:"INCOMING_MESSAGE_HANDLER" Seq=249 Len=38]
[2026-09-13 15:13:45] debug: 	zh:ember:ezsp: ezspIncomingMessageHandler: type=UNICAST apsFrame={"profileId":260,"clusterId":61184,"sourceEndpoint":1,"destinationEndpoint":1,"options":256,"groupId":0,"sequence":100} packetInfo:{"senderShortId":3595,"senderLongId":"0xffffffffffffffff","bindingIndex":255,"addressIndex":255,"lastHopLqi":136,"lastHopRssi":-66,"lastHopTimestamp":0} messageContents=09600200ae0202000400000026
[2026-09-13 15:13:45] debug: 	zh:controller: Received payload: clusterID=61184, address=3595, groupID=0, endpoint=1, destinationEndpoint=1, wasBroadcast=false, linkQuality=136, frame={"header":{"frameControl":{"frameType":1,"manufacturerSpecific":false,"direction":1,"disableDefaultResponse":false,"reservedBits":0},"transactionSequenceNumber":96,"commandIdentifier":2},"payload":{"seq":44544,"dpValues":[{"dp":2,"datatype":2,"data":{"type":"Buffer","data":[0,0,0,38]}}]},"command":{"name":"dataReport","ID":2,"parameters":[{"name":"seq","type":33,"max":65535},{"name":"dpValues","type":1011}]}}
[2026-09-13 15:13:45] debug: 	zh:controller:endpoint: ZCL command 0x94b216fffef3cf25/1 manuSpecificTuya.defaultRsp({"cmdId":2,"statusCode":0}, {"timeout":10000,"disableResponse":false,"disableRecovery":false,"disableDefaultResponse":true,"direction":0,"reservedBits":0,"transactionSequenceNumber":96,"writeUndiv":false})
[2026-09-13 15:13:45] debug: 	zh:ember: ~~~> [ZCL to=0x94b216fffef3cf25:3595 apsFrame={"profileId":260,"clusterId":61184,"sourceEndpoint":1,"destinationEndpoint":1,"options":4352,"groupId":0,"sequence":0} header={"frameControl":{"reservedBits":0,"frameType":0,"direction":0,"disableDefaultResponse":true,"manufacturerSpecific":false},"transactionSequenceNumber":96,"commandIdentifier":11}]
[2026-09-13 15:13:45] debug: 	zh:ember:ezsp: ===> [FRAME: ID=52:"SEND_UNICAST" Seq=250 Len=26]
[2026-09-13 15:13:45] debug: 	zh:ember:uart:ash: ---> [FRAME type=DATA frmTx=2 frmRx=5](ackRx=2)
[2026-09-13 15:13:45] debug: 	z2m: Received Zigbee message from 'Nivelagua', type 'commandDataReport', cluster 'manuSpecificTuya', data '{"dpValues":[{"data":{"data":[0,0,0,38],"type":"Buffer"},"datatype":2,"dp":2}],"seq":44544}' from endpoint 1 with groupID 0
[2026-09-13 15:13:45] info: 	z2m:mqtt: MQTT publish: topic 'zigbee2mqtt/Nivelagua', payload '{"installation_height":0.75,"linkquality":136,"liquid_depth":0.38,"liquid_depth_max":0.28,"liquid_level_percent":81,"liquid_state":"high","max_set":80,"min_set":25}'
[2026-09-13 15:13:45] debug: 	zh:ember:uart:ash: <--- [FRAME type=DATA]
[2026-09-13 15:13:45] debug: 	zh:ember:uart:ash: <--- [FRAME type=DATA ackNum=3](ackRx=2 frmTx=3)
[2026-09-13 15:13:45] debug: 	zh:ember:uart:ash: <--- [FRAME type=DATA ackNum=3 frmNum=5](frmRx=5) Added to rxQueue
[2026-09-13 15:13:45] debug: 	zh:ember:uart:ash: ---> [FRAME type=ACK frmRx=6](ackRx=3)
[2026-09-13 15:13:45] debug: 	zh:ember:ezsp: <=== [FRAME: ID=52:"SEND_UNICAST" Seq=250 Len=7]
[2026-09-13 15:13:45] debug: 	zh:ember:ezsp: ~~~> [SENT type=DIRECT apsSequence=27 messageTag=89 status=OK]
[2026-09-13 15:13:45] debug: 	zh:ember:uart:ash: <--- [FRAME type=DATA]
[2026-09-13 15:13:45] debug: 	zh:ember:uart:ash: <--- [FRAME type=DATA ackNum=3](ackRx=3 frmTx=3)
[2026-09-13 15:13:45] debug: 	zh:ember:uart:ash: <--- [FRAME type=DATA ackNum=3 frmNum=6](frmRx=6) Added to rxQueue
[2026-09-13 15:13:45] debug: 	zh:ember:uart:ash: ---> [FRAME type=ACK frmRx=7](ackRx=3)
[2026-09-13 15:13:45] debug: 	zh:ember:ezsp: <=== [CBFRAME: ID=63:"MESSAGE_SENT_HANDLER" Seq=250 Len=22]
[2026-09-13 15:13:45] debug: 	zh:ember:ezsp: ezspMessageSentHandler: status=OK type=DIRECT indexOrDestination=3595 apsFrame={"profileId":260,"clusterId":61184,"sourceEndpoint":1,"destinationEndpoint":1,"options":4352,"groupId":0,"sequence":27} messageTag=89
[2026-09-13 15:13:45] debug: 	zh:ember:uart:ash: <--- [FRAME type=DATA]
[2026-09-13 15:13:45] debug: 	zh:ember:uart:ash: <--- [FRAME type=DATA ackNum=3](ackRx=3 frmTx=3)
[2026-09-13 15:13:45] debug: 	zh:ember:uart:ash: <--- [FRAME type=DATA ackNum=3 frmNum=7](frmRx=7) Added to rxQueue
[2026-09-13 15:13:45] debug: 	zh:ember:uart:ash: ---> [FRAME type=ACK frmRx=0](ackRx=3)
[2026-09-13 15:13:45] debug: 	zh:ember:ezsp: <=== [CBFRAME: ID=69:"INCOMING_MESSAGE_HANDLER" Seq=250 Len=38]
[2026-09-13 15:13:45] debug: 	zh:ember:ezsp: ezspIncomingMessageHandler: type=UNICAST apsFrame={"profileId":260,"clusterId":61184,"sourceEndpoint":1,"destinationEndpoint":1,"options":256,"groupId":0,"sequence":101} packetInfo:{"senderShortId":3595,"senderLongId":"0xffffffffffffffff","bindingIndex":255,"addressIndex":255,"lastHopLqi":136,"lastHopRssi":-66,"lastHopTimestamp":0} messageContents=09610200af1602000400000051
[2026-09-13 15:13:45] debug: 	zh:controller: Received payload: clusterID=61184, address=3595, groupID=0, endpoint=1, destinationEndpoint=1, wasBroadcast=false, linkQuality=136, frame={"header":{"frameControl":{"frameType":1,"manufacturerSpecific":false,"direction":1,"disableDefaultResponse":false,"reservedBits":0},"transactionSequenceNumber":97,"commandIdentifier":2},"payload":{"seq":44800,"dpValues":[{"dp":22,"datatype":2,"data":{"type":"Buffer","data":[0,0,0,81]}}]},"command":{"name":"dataReport","ID":2,"parameters":[{"name":"seq","type":33,"max":65535},{"name":"dpValues","type":1011}]}}
[2026-09-13 15:13:45] debug: 	zh:controller:endpoint: ZCL command 0x94b216fffef3cf25/1 manuSpecificTuya.defaultRsp({"cmdId":2,"statusCode":0}, {"timeout":10000,"disableResponse":false,"disableRecovery":false,"disableDefaultResponse":true,"direction":0,"reservedBits":0,"transactionSequenceNumber":97,"writeUndiv":false})
[2026-09-13 15:13:45] debug: 	zh:ember: ~~~> [ZCL to=0x94b216fffef3cf25:3595 apsFrame={"profileId":260,"clusterId":61184,"sourceEndpoint":1,"destinationEndpoint":1,"options":4352,"groupId":0,"sequence":0} header={"frameControl":{"reservedBits":0,"frameType":0,"direction":0,"disableDefaultResponse":true,"manufacturerSpecific":false},"transactionSequenceNumber":97,"commandIdentifier":11}]
[2026-09-13 15:13:45] debug: 	zh:ember:ezsp: ===> [FRAME: ID=52:"SEND_UNICAST" Seq=251 Len=26]
[2026-09-13 15:13:45] debug: 	zh:ember:uart:ash: ---> [FRAME type=DATA frmTx=3 frmRx=0](ackRx=3)
[2026-09-13 15:13:45] debug: 	z2m: Received Zigbee message from 'Nivelagua', type 'commandDataReport', cluster 'manuSpecificTuya', data '{"dpValues":[{"data":{"data":[0,0,0,81],"type":"Buffer"},"datatype":2,"dp":22}],"seq":44800}' from endpoint 1 with groupID 0
[2026-09-13 15:13:45] info: 	z2m:mqtt: MQTT publish: topic 'zigbee2mqtt/Nivelagua', payload '{"installation_height":0.75,"linkquality":136,"liquid_depth":0.38,"liquid_depth_max":0.28,"liquid_level_percent":81,"liquid_state":"high","max_set":80,"min_set":25}'
[2026-09-13 15:13:45] debug: 	zh:ember:uart:ash: <--- [FRAME type=DATA]
[2026-09-13 15:13:45] debug: 	zh:ember:uart:ash: <--- [FRAME type=DATA ackNum=4](ackRx=3 frmTx=4)
[2026-09-13 15:13:45] debug: 	zh:ember:uart:ash: <--- [FRAME type=DATA ackNum=4 frmNum=0](frmRx=0) Added to rxQueue
[2026-09-13 15:13:45] debug: 	zh:ember:uart:ash: ---> [FRAME type=ACK frmRx=1](ackRx=4)
[2026-09-13 15:13:45] debug: 	zh:ember:ezsp: <=== [FRAME: ID=52:"SEND_UNICAST" Seq=251 Len=7]
[2026-09-13 15:13:45] debug: 	zh:ember:ezsp: ~~~> [SENT type=DIRECT apsSequence=28 messageTag=90 status=OK]
[2026-09-13 15:13:45] debug: 	zh:ember:uart:ash: <--- [FRAME type=DATA]
[2026-09-13 15:13:45] debug: 	zh:ember:uart:ash: <--- [FRAME type=DATA ackNum=4](ackRx=4 frmTx=4)
[2026-09-13 15:13:45] debug: 	zh:ember:uart:ash: <--- [FRAME type=DATA ackNum=4 frmNum=1](frmRx=1) Added to rxQueue
[2026-09-13 15:13:45] debug: 	zh:ember:uart:ash: ---> [FRAME type=ACK frmRx=2](ackRx=4)
[2026-09-13 15:13:45] debug: 	zh:ember:ezsp: <=== [CBFRAME: ID=63:"MESSAGE_SENT_HANDLER" Seq=251 Len=22]
[2026-09-13 15:13:45] debug: 	zh:ember:ezsp: ezspMessageSentHandler: status=OK type=DIRECT indexOrDestination=3595 apsFrame={"profileId":260,"clusterId":61184,"sourceEndpoint":1,"destinationEndpoint":1,"options":4352,"groupId":0,"sequence":28} messageTag=90
[2026-09-13 15:13:46] debug: 	zh:ember:uart:ash: <--- [FRAME type=DATA]
[2026-09-13 15:13:46] debug: 	zh:ember:uart:ash: <--- [FRAME type=DATA ackNum=4](ackRx=4 frmTx=4)
[2026-09-13 15:13:46] debug: 	zh:ember:uart:ash: <--- [FRAME type=DATA ackNum=4 frmNum=2](frmRx=2) Added to rxQueue
[2026-09-13 15:13:46] debug: 	zh:ember:uart:ash: ---> [FRAME type=ACK frmRx=3](ackRx=4)
[2026-09-13 15:13:46] debug: 	zh:ember:ezsp: <=== [CBFRAME: ID=69:"INCOMING_MESSAGE_HANDLER" Seq=251 Len=35]
[2026-09-13 15:13:46] debug: 	zh:ember:ezsp: ezspIncomingMessageHandler: type=UNICAST apsFrame={"profileId":260,"clusterId":61184,"sourceEndpoint":1,"destinationEndpoint":1,"options":256,"groupId":0,"sequence":102} packetInfo:{"senderShortId":3595,"senderLongId":"0xffffffffffffffff","bindingIndex":255,"addressIndex":255,"lastHopLqi":136,"lastHopRssi":-66,"lastHopTimestamp":0} messageContents=09620200b00104000102
[2026-09-13 15:13:46] debug: 	zh:controller: Received payload: clusterID=61184, address=3595, groupID=0, endpoint=1, destinationEndpoint=1, wasBroadcast=false, linkQuality=136, frame={"header":{"frameControl":{"frameType":1,"manufacturerSpecific":false,"direction":1,"disableDefaultResponse":false,"reservedBits":0},"transactionSequenceNumber":98,"commandIdentifier":2},"payload":{"seq":45056,"dpValues":[{"dp":1,"datatype":4,"data":{"type":"Buffer","data":[2]}}]},"command":{"name":"dataReport","ID":2,"parameters":[{"name":"seq","type":33,"max":65535},{"name":"dpValues","type":1011}]}}
[2026-09-13 15:13:46] debug: 	zh:controller:endpoint: ZCL command 0x94b216fffef3cf25/1 manuSpecificTuya.defaultRsp({"cmdId":2,"statusCode":0}, {"timeout":10000,"disableResponse":false,"disableRecovery":false,"disableDefaultResponse":true,"direction":0,"reservedBits":0,"transactionSequenceNumber":98,"writeUndiv":false})
[2026-09-13 15:13:46] debug: 	zh:ember: ~~~> [ZCL to=0x94b216fffef3cf25:3595 apsFrame={"profileId":260,"clusterId":61184,"sourceEndpoint":1,"destinationEndpoint":1,"options":4352,"groupId":0,"sequence":0} header={"frameControl":{"reservedBits":0,"frameType":0,"direction":0,"disableDefaultResponse":true,"manufacturerSpecific":false},"transactionSequenceNumber":98,"commandIdentifier":11}]
[2026-09-13 15:13:46] debug: 	zh:ember:ezsp: ===> [FRAME: ID=52:"SEND_UNICAST" Seq=252 Len=26]
[2026-09-13 15:13:46] debug: 	zh:ember:uart:ash: ---> [FRAME type=DATA frmTx=4 frmRx=3](ackRx=4)
[2026-09-13 15:13:46] debug: 	z2m: Received Zigbee message from 'Nivelagua', type 'commandDataReport', cluster 'manuSpecificTuya', data '{"dpValues":[{"data":{"data":[2],"type":"Buffer"},"datatype":4,"dp":1}],"seq":45056}' from endpoint 1 with groupID 0
[2026-09-13 15:13:46] info: 	z2m:mqtt: MQTT publish: topic 'zigbee2mqtt/Nivelagua', payload '{"installation_height":0.75,"linkquality":136,"liquid_depth":0.38,"liquid_depth_max":0.28,"liquid_level_percent":81,"liquid_state":"high","max_set":80,"min_set":25}'
[2026-09-13 15:13:46] debug: 	zh:ember:uart:ash: <--- [FRAME type=DATA]
[2026-09-13 15:13:46] debug: 	zh:ember:uart:ash: <--- [FRAME type=DATA ackNum=5](ackRx=4 frmTx=5)
[2026-09-13 15:13:46] debug: 	zh:ember:uart:ash: <--- [FRAME type=DATA ackNum=5 frmNum=3](frmRx=3) Added to rxQueue
[2026-09-13 15:13:46] debug: 	zh:ember:uart:ash: ---> [FRAME type=ACK frmRx=4](ackRx=5)
[2026-09-13 15:13:46] debug: 	zh:ember:ezsp: <=== [FRAME: ID=52:"SEND_UNICAST" Seq=252 Len=7]
[2026-09-13 15:13:46] debug: 	zh:ember:ezsp: ~~~> [SENT type=DIRECT apsSequence=29 messageTag=91 status=OK]
[2026-09-13 15:13:46] debug: 	zh:ember:uart:ash: <--- [FRAME type=DATA]
[2026-09-13 15:13:46] debug: 	zh:ember:uart:ash: <--- [FRAME type=DATA ackNum=5](ackRx=5 frmTx=5)
[2026-09-13 15:13:46] debug: 	zh:ember:uart:ash: <--- [FRAME type=DATA ackNum=5 frmNum=4](frmRx=4) Added to rxQueue
[2026-09-13 15:13:46] debug: 	zh:ember:uart:ash: ---> [FRAME type=ACK frmRx=5](ackRx=5)
[2026-09-13 15:13:46] debug: 	zh:ember:ezsp: <=== [CBFRAME: ID=63:"MESSAGE_SENT_HANDLER" Seq=252 Len=22]
[2026-09-13 15:13:46] debug: 	zh:ember:ezsp: ezspMessageSentHandler: status=OK type=DIRECT indexOrDestination=3595 apsFrame={"profileId":260,"clusterId":61184,"sourceEndpoint":1,"destinationEndpoint":1,"options":4352,"groupId":0,"sequence":29} messageTag=91
[2026-09-13 15:13:46] debug: 	zh:ember:uart:ash: <--- [FRAME type=DATA]
[2026-09-13 15:13:46] debug: 	zh:ember:uart:ash: <--- [FRAME type=DATA ackNum=5](ackRx=5 frmTx=5)
[2026-09-13 15:13:46] debug: 	zh:ember:uart:ash: <--- [FRAME type=DATA ackNum=5 frmNum=5](frmRx=5) Added to rxQueue
[2026-09-13 15:13:46] debug: 	zh:ember:uart:ash: ---> [FRAME type=ACK frmRx=6](ackRx=5)
[2026-09-13 15:13:46] debug: 	zh:ember:ezsp: <=== [CBFRAME: ID=69:"INCOMING_MESSAGE_HANDLER" Seq=252 Len=38]
[2026-09-13 15:13:46] debug: 	zh:ember:ezsp: ezspIncomingMessageHandler: type=UNICAST apsFrame={"profileId":260,"clusterId":61184,"sourceEndpoint":1,"destinationEndpoint":1,"options":256,"groupId":0,"sequence":103} packetInfo:{"senderShortId":3595,"senderLongId":"0xffffffffffffffff","bindingIndex":255,"addressIndex":255,"lastHopLqi":136,"lastHopRssi":-66,"lastHopTimestamp":0} messageContents=09630200b10202000400000026
[2026-09-13 15:13:46] debug: 	zh:controller: Received payload: clusterID=61184, address=3595, groupID=0, endpoint=1, destinationEndpoint=1, wasBroadcast=false, linkQuality=136, frame={"header":{"frameControl":{"frameType":1,"manufacturerSpecific":false,"direction":1,"disableDefaultResponse":false,"reservedBits":0},"transactionSequenceNumber":99,"commandIdentifier":2},"payload":{"seq":45312,"dpValues":[{"dp":2,"datatype":2,"data":{"type":"Buffer","data":[0,0,0,38]}}]},"command":{"name":"dataReport","ID":2,"parameters":[{"name":"seq","type":33,"max":65535},{"name":"dpValues","type":1011}]}}
[2026-09-13 15:13:46] debug: 	zh:controller:endpoint: ZCL command 0x94b216fffef3cf25/1 manuSpecificTuya.defaultRsp({"cmdId":2,"statusCode":0}, {"timeout":10000,"disableResponse":false,"disableRecovery":false,"disableDefaultResponse":true,"direction":0,"reservedBits":0,"transactionSequenceNumber":99,"writeUndiv":false})
[2026-09-13 15:13:46] debug: 	zh:ember: ~~~> [ZCL to=0x94b216fffef3cf25:3595 apsFrame={"profileId":260,"clusterId":61184,"sourceEndpoint":1,"destinationEndpoint":1,"options":4352,"groupId":0,"sequence":0} header={"frameControl":{"reservedBits":0,"frameType":0,"direction":0,"disableDefaultResponse":true,"manufacturerSpecific":false},"transactionSequenceNumber":99,"commandIdentifier":11}]
[2026-09-13 15:13:46] debug: 	zh:ember:ezsp: ===> [FRAME: ID=52:"SEND_UNICAST" Seq=253 Len=26]
[2026-09-13 15:13:46] debug: 	zh:ember:uart:ash: ---> [FRAME type=DATA frmTx=5 frmRx=6](ackRx=5)
[2026-09-13 15:13:46] debug: 	z2m: Received Zigbee message from 'Nivelagua', type 'commandDataReport', cluster 'manuSpecificTuya', data '{"dpValues":[{"data":{"data":[0,0,0,38],"type":"Buffer"},"datatype":2,"dp":2}],"seq":45312}' from endpoint 1 with groupID 0
[2026-09-13 15:13:46] info: 	z2m:mqtt: MQTT publish: topic 'zigbee2mqtt/Nivelagua', payload '{"installation_height":0.75,"linkquality":136,"liquid_depth":0.38,"liquid_depth_max":0.28,"liquid_level_percent":81,"liquid_state":"high","max_set":80,"min_set":25}'
[2026-09-13 15:13:46] debug: 	zh:ember:uart:ash: <--- [FRAME type=DATA]
[2026-09-13 15:13:46] debug: 	zh:ember:uart:ash: <--- [FRAME type=DATA ackNum=6](ackRx=5 frmTx=6)
[2026-09-13 15:13:46] debug: 	zh:ember:uart:ash: <--- [FRAME type=DATA ackNum=6 frmNum=6](frmRx=6) Added to rxQueue
[2026-09-13 15:13:46] debug: 	zh:ember:uart:ash: ---> [FRAME type=ACK frmRx=7](ackRx=6)
[2026-09-13 15:13:46] debug: 	zh:ember:ezsp: <=== [FRAME: ID=52:"SEND_UNICAST" Seq=253 Len=7]
[2026-09-13 15:13:46] debug: 	zh:ember:ezsp: ~~~> [SENT type=DIRECT apsSequence=30 messageTag=92 status=OK]
[2026-09-13 15:13:46] debug: 	zh:ember:uart:ash: <--- [FRAME type=DATA]
[2026-09-13 15:13:46] debug: 	zh:ember:uart:ash: <--- [FRAME type=DATA ackNum=6](ackRx=6 frmTx=6)
[2026-09-13 15:13:46] debug: 	zh:ember:uart:ash: <--- [FRAME type=DATA ackNum=6 frmNum=7](frmRx=7) Added to rxQueue
[2026-09-13 15:13:46] debug: 	zh:ember:uart:ash: ---> [FRAME type=ACK frmRx=0](ackRx=6)
[2026-09-13 15:13:46] debug: 	zh:ember:ezsp: <=== [CBFRAME: ID=63:"MESSAGE_SENT_HANDLER" Seq=253 Len=22]
[2026-09-13 15:13:46] debug: 	zh:ember:ezsp: ezspMessageSentHandler: status=OK type=DIRECT indexOrDestination=3595 apsFrame={"profileId":260,"clusterId":61184,"sourceEndpoint":1,"destinationEndpoint":1,"options":4352,"groupId":0,"sequence":30} messageTag=92
[2026-09-13 15:13:46] debug: 	zh:ember:uart:ash: <--- [FRAME type=DATA]
[2026-09-13 15:13:46] debug: 	zh:ember:uart:ash: <--- [FRAME type=DATA ackNum=6](ackRx=6 frmTx=6)
[2026-09-13 15:13:46] debug: 	zh:ember:uart:ash: <--- [FRAME type=DATA ackNum=6 frmNum=0](frmRx=0) Added to rxQueue
[2026-09-13 15:13:46] debug: 	zh:ember:uart:ash: ---> [FRAME type=ACK frmRx=1](ackRx=6)
[2026-09-13 15:13:46] debug: 	zh:ember:ezsp: <=== [CBFRAME: ID=69:"INCOMING_MESSAGE_HANDLER" Seq=253 Len=38]
[2026-09-13 15:13:46] debug: 	zh:ember:ezsp: ezspIncomingMessageHandler: type=UNICAST apsFrame={"profileId":260,"clusterId":61184,"sourceEndpoint":1,"destinationEndpoint":1,"options":256,"groupId":0,"sequence":104} packetInfo:{"senderShortId":3595,"senderLongId":"0xffffffffffffffff","bindingIndex":255,"addressIndex":255,"lastHopLqi":136,"lastHopRssi":-66,"lastHopTimestamp":0} messageContents=09640200b21602000400000051
[2026-09-13 15:13:46] debug: 	zh:controller: Received payload: clusterID=61184, address=3595, groupID=0, endpoint=1, destinationEndpoint=1, wasBroadcast=false, linkQuality=136, frame={"header":{"frameControl":{"frameType":1,"manufacturerSpecific":false,"direction":1,"disableDefaultResponse":false,"reservedBits":0},"transactionSequenceNumber":100,"commandIdentifier":2},"payload":{"seq":45568,"dpValues":[{"dp":22,"datatype":2,"data":{"type":"Buffer","data":[0,0,0,81]}}]},"command":{"name":"dataReport","ID":2,"parameters":[{"name":"seq","type":33,"max":65535},{"name":"dpValues","type":1011}]}}
[2026-09-13 15:13:46] debug: 	zh:controller:endpoint: ZCL command 0x94b216fffef3cf25/1 manuSpecificTuya.defaultRsp({"cmdId":2,"statusCode":0}, {"timeout":10000,"disableResponse":false,"disableRecovery":false,"disableDefaultResponse":true,"direction":0,"reservedBits":0,"transactionSequenceNumber":100,"writeUndiv":false})
[2026-09-13 15:13:46] debug: 	zh:ember: ~~~> [ZCL to=0x94b216fffef3cf25:3595 apsFrame={"profileId":260,"clusterId":61184,"sourceEndpoint":1,"destinationEndpoint":1,"options":4352,"groupId":0,"sequence":0} header={"frameControl":{"reservedBits":0,"frameType":0,"direction":0,"disableDefaultResponse":true,"manufacturerSpecific":false},"transactionSequenceNumber":100,"commandIdentifier":11}]
[2026-09-13 15:13:46] debug: 	zh:ember:ezsp: ===> [FRAME: ID=52:"SEND_UNICAST" Seq=254 Len=26]
[2026-09-13 15:13:46] debug: 	zh:ember:uart:ash: ---> [FRAME type=DATA frmTx=6 frmRx=1](ackRx=6)
[2026-09-13 15:13:46] debug: 	z2m: Received Zigbee message from 'Nivelagua', type 'commandDataReport', cluster 'manuSpecificTuya', data '{"dpValues":[{"data":{"data":[0,0,0,81],"type":"Buffer"},"datatype":2,"dp":22}],"seq":45568}' from endpoint 1 with groupID 0
[2026-09-13 15:13:46] info: 	z2m:mqtt: MQTT publish: topic 'zigbee2mqtt/Nivelagua', payload '{"installation_height":0.75,"linkquality":136,"liquid_depth":0.38,"liquid_depth_max":0.28,"liquid_level_percent":81,"liquid_state":"high","max_set":80,"min_set":25}'
[2026-09-13 15:13:46] debug: 	zh:ember:uart:ash: <--- [FRAME type=DATA]
[2026-09-13 15:13:46] debug: 	zh:ember:uart:ash: <--- [FRAME type=DATA ackNum=7](ackRx=6 frmTx=7)
[2026-09-13 15:13:46] debug: 	zh:ember:uart:ash: <--- [FRAME type=DATA ackNum=7 frmNum=1](frmRx=1) Added to rxQueue
[2026-09-13 15:13:46] debug: 	zh:ember:uart:ash: ---> [FRAME type=ACK frmRx=2](ackRx=7)
[2026-09-13 15:13:46] debug: 	zh:ember:ezsp: <=== [FRAME: ID=52:"SEND_UNICAST" Seq=254 Len=7]
[2026-09-13 15:13:46] debug: 	zh:ember:ezsp: ~~~> [SENT type=DIRECT apsSequence=31 messageTag=93 status=OK]
[2026-09-13 15:13:46] debug: 	zh:ember:uart:ash: <--- [FRAME type=DATA]
[2026-09-13 15:13:46] debug: 	zh:ember:uart:ash: <--- [FRAME type=DATA ackNum=7](ackRx=7 frmTx=7)
[2026-09-13 15:13:46] debug: 	zh:ember:uart:ash: <--- [FRAME type=DATA ackNum=7 frmNum=2](frmRx=2) Added to rxQueue
[2026-09-13 15:13:46] debug: 	zh:ember:uart:ash: ---> [FRAME type=ACK frmRx=3](ackRx=7)
[2026-09-13 15:13:46] debug: 	zh:ember:ezsp: <=== [CBFRAME: ID=63:"MESSAGE_SENT_HANDLER" Seq=254 Len=22]
[2026-09-13 15:13:46] debug: 	zh:ember:ezsp: ezspMessageSentHandler: status=OK type=DIRECT indexOrDestination=3595 apsFrame={"profileId":260,"clusterId":61184,"sourceEndpoint":1,"destinationEndpoint":1,"options":4352,"groupId":0,"sequence":31} messageTag=93
[2026-09-13 15:13:47] debug: 	zh:ember:uart:ash: <--- [FRAME type=DATA]
[2026-09-13 15:13:47] debug: 	zh:ember:uart:ash: <--- [FRAME type=DATA ackNum=7](ackRx=7 frmTx=7)
[2026-09-13 15:13:47] debug: 	zh:ember:uart:ash: <--- [FRAME type=DATA ackNum=7 frmNum=3](frmRx=3) Added to rxQueue
[2026-09-13 15:13:47] debug: 	zh:ember:uart:ash: ---> [FRAME type=ACK frmRx=4](ackRx=7)
[2026-09-13 15:13:47] debug: 	zh:ember:ezsp: <=== [CBFRAME: ID=69:"INCOMING_MESSAGE_HANDLER" Seq=254 Len=35]
[2026-09-13 15:13:47] debug: 	zh:ember:ezsp: ezspIncomingMessageHandler: type=UNICAST apsFrame={"profileId":260,"clusterId":61184,"sourceEndpoint":1,"destinationEndpoint":1,"options":256,"groupId":0,"sequence":105} packetInfo:{"senderShortId":3595,"senderLongId":"0xffffffffffffffff","bindingIndex":255,"addressIndex":255,"lastHopLqi":136,"lastHopRssi":-66,"lastHopTimestamp":0} messageContents=09650200b30104000102
[2026-09-13 15:13:47] debug: 	zh:controller: Received payload: clusterID=61184, address=3595, groupID=0, endpoint=1, destinationEndpoint=1, wasBroadcast=false, linkQuality=136, frame={"header":{"frameControl":{"frameType":1,"manufacturerSpecific":false,"direction":1,"disableDefaultResponse":false,"reservedBits":0},"transactionSequenceNumber":101,"commandIdentifier":2},"payload":{"seq":45824,"dpValues":[{"dp":1,"datatype":4,"data":{"type":"Buffer","data":[2]}}]},"command":{"name":"dataReport","ID":2,"parameters":[{"name":"seq","type":33,"max":65535},{"name":"dpValues","type":1011}]}}
[2026-09-13 15:13:47] debug: 	zh:controller:endpoint: ZCL command 0x94b216fffef3cf25/1 manuSpecificTuya.defaultRsp({"cmdId":2,"statusCode":0}, {"timeout":10000,"disableResponse":false,"disableRecovery":false,"disableDefaultResponse":true,"direction":0,"reservedBits":0,"transactionSequenceNumber":101,"writeUndiv":false})
[2026-09-13 15:13:47] debug: 	zh:ember: ~~~> [ZCL to=0x94b216fffef3cf25:3595 apsFrame={"profileId":260,"clusterId":61184,"sourceEndpoint":1,"destinationEndpoint":1,"options":4352,"groupId":0,"sequence":0} header={"frameControl":{"reservedBits":0,"frameType":0,"direction":0,"disableDefaultResponse":true,"manufacturerSpecific":false},"transactionSequenceNumber":101,"commandIdentifier":11}]
[2026-09-13 15:13:47] debug: 	zh:ember:ezsp: ===> [FRAME: ID=52:"SEND_UNICAST" Seq=255 Len=26]
[2026-09-13 15:13:47] debug: 	zh:ember:uart:ash: ---> [FRAME type=DATA frmTx=7 frmRx=4](ackRx=7)
[2026-09-13 15:13:47] debug: 	z2m: Received Zigbee message from 'Nivelagua', type 'commandDataReport', cluster 'manuSpecificTuya', data '{"dpValues":[{"data":{"data":[2],"type":"Buffer"},"datatype":4,"dp":1}],"seq":45824}' from endpoint 1 with groupID 0
[2026-09-13 15:13:47] info: 	z2m:mqtt: MQTT publish: topic 'zigbee2mqtt/Nivelagua', payload '{"installation_height":0.75,"linkquality":136,"liquid_depth":0.38,"liquid_depth_max":0.28,"liquid_level_percent":81,"liquid_state":"high","max_set":80,"min_set":25}'
[2026-09-13 15:13:47] debug: 	zh:ember:uart:ash: <--- [FRAME type=DATA]
[2026-09-13 15:13:47] debug: 	zh:ember:uart:ash: <--- [FRAME type=DATA ackNum=0](ackRx=7 frmTx=0)
[2026-09-13 15:13:47] debug: 	zh:ember:uart:ash: <--- [FRAME type=DATA ackNum=0 frmNum=4](frmRx=4) Added to rxQueue
[2026-09-13 15:13:47] debug: 	zh:ember:uart:ash: ---> [FRAME type=ACK frmRx=5](ackRx=0)
[2026-09-13 15:13:47] debug: 	zh:ember:ezsp: <=== [FRAME: ID=52:"SEND_UNICAST" Seq=255 Len=7]
[2026-09-13 15:13:47] debug: 	zh:ember:ezsp: ~~~> [SENT type=DIRECT apsSequence=32 messageTag=94 status=OK]
[2026-09-13 15:13:47] debug: 	zh:ember:uart:ash: <--- [FRAME type=DATA]
[2026-09-13 15:13:47] debug: 	zh:ember:uart:ash: <--- [FRAME type=DATA ackNum=0](ackRx=0 frmTx=0)
[2026-09-13 15:13:47] debug: 	zh:ember:uart:ash: <--- [FRAME type=DATA ackNum=0 frmNum=5](frmRx=5) Added to rxQueue
[2026-09-13 15:13:47] debug: 	zh:ember:uart:ash: ---> [FRAME type=ACK frmRx=6](ackRx=0)
[2026-09-13 15:13:47] debug: 	zh:ember:ezsp: <=== [CBFRAME: ID=63:"MESSAGE_SENT_HANDLER" Seq=255 Len=22]
[2026-09-13 15:13:47] debug: 	zh:ember:ezsp: ezspMessageSentHandler: status=OK type=DIRECT indexOrDestination=3595 apsFrame={"profileId":260,"clusterId":61184,"sourceEndpoint":1,"destinationEndpoint":1,"options":4352,"groupId":0,"sequence":32} messageTag=94
[2026-09-13 15:13:47] debug: 	zh:ember:uart:ash: <--- [FRAME type=DATA]
[2026-09-13 15:13:47] debug: 	zh:ember:uart:ash: <--- [FRAME type=DATA ackNum=0](ackRx=0 frmTx=0)
[2026-09-13 15:13:47] debug: 	zh:ember:uart:ash: <--- [FRAME type=DATA ackNum=0 frmNum=6](frmRx=6) Added to rxQueue
[2026-09-13 15:13:47] debug: 	zh:ember:uart:ash: ---> [FRAME type=ACK frmRx=7](ackRx=0)
[2026-09-13 15:13:47] debug: 	zh:ember:ezsp: <=== [CBFRAME: ID=69:"INCOMING_MESSAGE_HANDLER" Seq=255 Len=38]
[2026-09-13 15:13:47] debug: 	zh:ember:ezsp: ezspIncomingMessageHandler: type=UNICAST apsFrame={"profileId":260,"clusterId":61184,"sourceEndpoint":1,"destinationEndpoint":1,"options":256,"groupId":0,"sequence":106} packetInfo:{"senderShortId":3595,"senderLongId":"0xffffffffffffffff","bindingIndex":255,"addressIndex":255,"lastHopLqi":136,"lastHopRssi":-66,"lastHopTimestamp":0} messageContents=09660200b40202000400000026
[2026-09-13 15:13:47] debug: 	zh:controller: Received payload: clusterID=61184, address=3595, groupID=0, endpoint=1, destinationEndpoint=1, wasBroadcast=false, linkQuality=136, frame={"header":{"frameControl":{"frameType":1,"manufacturerSpecific":false,"direction":1,"disableDefaultResponse":false,"reservedBits":0},"transactionSequenceNumber":102,"commandIdentifier":2},"payload":{"seq":46080,"dpValues":[{"dp":2,"datatype":2,"data":{"type":"Buffer","data":[0,0,0,38]}}]},"command":{"name":"dataReport","ID":2,"parameters":[{"name":"seq","type":33,"max":65535},{"name":"dpValues","type":1011}]}}
[2026-09-13 15:13:47] debug: 	zh:controller:endpoint: ZCL command 0x94b216fffef3cf25/1 manuSpecificTuya.defaultRsp({"cmdId":2,"statusCode":0}, {"timeout":10000,"disableResponse":false,"disableRecovery":false,"disableDefaultResponse":true,"direction":0,"reservedBits":0,"transactionSequenceNumber":102,"writeUndiv":false})
[2026-09-13 15:13:47] debug: 	zh:ember: ~~~> [ZCL to=0x94b216fffef3cf25:3595 apsFrame={"profileId":260,"clusterId":61184,"sourceEndpoint":1,"destinationEndpoint":1,"options":4352,"groupId":0,"sequence":0} header={"frameControl":{"reservedBits":0,"frameType":0,"direction":0,"disableDefaultResponse":true,"manufacturerSpecific":false},"transactionSequenceNumber":102,"commandIdentifier":11}]
[2026-09-13 15:13:47] debug: 	zh:ember:ezsp: ===> [FRAME: ID=52:"SEND_UNICAST" Seq=0 Len=26]
[2026-09-13 15:13:47] debug: 	zh:ember:uart:ash: ---> [FRAME type=DATA frmTx=0 frmRx=7](ackRx=0)
[2026-09-13 15:13:47] debug: 	z2m: Received Zigbee message from 'Nivelagua', type 'commandDataReport', cluster 'manuSpecificTuya', data '{"dpValues":[{"data":{"data":[0,0,0,38],"type":"Buffer"},"datatype":2,"dp":2}],"seq":46080}' from endpoint 1 with groupID 0
[2026-09-13 15:13:47] info: 	z2m:mqtt: MQTT publish: topic 'zigbee2mqtt/Nivelagua', payload '{"installation_height":0.75,"linkquality":136,"liquid_depth":0.38,"liquid_depth_max":0.28,"liquid_level_percent":81,"liquid_state":"high","max_set":80,"min_set":25}'
[2026-09-13 15:13:47] debug: 	zh:ember:uart:ash: <--- [FRAME type=DATA]
[2026-09-13 15:13:47] debug: 	zh:ember:uart:ash: <--- [FRAME type=DATA ackNum=1](ackRx=0 frmTx=1)
[2026-09-13 15:13:47] debug: 	zh:ember:uart:ash: <--- [FRAME type=DATA ackNum=1 frmNum=7](frmRx=7) Added to rxQueue
[2026-09-13 15:13:47] debug: 	zh:ember:uart:ash: ---> [FRAME type=ACK frmRx=0](ackRx=1)
[2026-09-13 15:13:47] debug: 	zh:ember:ezsp: <=== [FRAME: ID=52:"SEND_UNICAST" Seq=0 Len=7]
[2026-09-13 15:13:47] debug: 	zh:ember:ezsp: ~~~> [SENT type=DIRECT apsSequence=33 messageTag=95 status=OK]
[2026-09-13 15:13:47] debug: 	zh:ember:uart:ash: <--- [FRAME type=DATA]
[2026-09-13 15:13:47] debug: 	zh:ember:uart:ash: <--- [FRAME type=DATA ackNum=1](ackRx=1 frmTx=1)
[2026-09-13 15:13:47] debug: 	zh:ember:uart:ash: <--- [FRAME type=DATA ackNum=1 frmNum=0](frmRx=0) Added to rxQueue
[2026-09-13 15:13:47] debug: 	zh:ember:uart:ash: ---> [FRAME type=ACK frmRx=1](ackRx=1)
[2026-09-13 15:13:47] debug: 	zh:ember:ezsp: <=== [CBFRAME: ID=63:"MESSAGE_SENT_HANDLER" Seq=0 Len=22]
[2026-09-13 15:13:47] debug: 	zh:ember:ezsp: ezspMessageSentHandler: status=OK type=DIRECT indexOrDestination=3595 apsFrame={"profileId":260,"clusterId":61184,"sourceEndpoint":1,"destinationEndpoint":1,"options":4352,"groupId":0,"sequence":33} messageTag=95
[2026-09-13 15:13:47] debug: 	zh:ember:uart:ash: <--- [FRAME type=DATA]
[2026-09-13 15:13:47] debug: 	zh:ember:uart:ash: <--- [FRAME type=DATA ackNum=1](ackRx=1 frmTx=1)
[2026-09-13 15:13:47] debug: 	zh:ember:uart:ash: <--- [FRAME type=DATA ackNum=1 frmNum=1](frmRx=1) Added to rxQueue
[2026-09-13 15:13:47] debug: 	zh:ember:uart:ash: ---> [FRAME type=ACK frmRx=2](ackRx=1)
[2026-09-13 15:13:47] debug: 	zh:ember:ezsp: <=== [CBFRAME: ID=69:"INCOMING_MESSAGE_HANDLER" Seq=0 Len=38]
[2026-09-13 15:13:47] debug: 	zh:ember:ezsp: ezspIncomingMessageHandler: type=UNICAST apsFrame={"profileId":260,"clusterId":61184,"sourceEndpoint":1,"destinationEndpoint":1,"options":256,"groupId":0,"sequence":107} packetInfo:{"senderShortId":3595,"senderLongId":"0xffffffffffffffff","bindingIndex":255,"addressIndex":255,"lastHopLqi":136,"lastHopRssi":-66,"lastHopTimestamp":0} messageContents=09670200b51602000400000051
[2026-09-13 15:13:47] debug: 	zh:controller: Received payload: clusterID=61184, address=3595, groupID=0, endpoint=1, destinationEndpoint=1, wasBroadcast=false, linkQuality=136, frame={"header":{"frameControl":{"frameType":1,"manufacturerSpecific":false,"direction":1,"disableDefaultResponse":false,"reservedBits":0},"transactionSequenceNumber":103,"commandIdentifier":2},"payload":{"seq":46336,"dpValues":[{"dp":22,"datatype":2,"data":{"type":"Buffer","data":[0,0,0,81]}}]},"command":{"name":"dataReport","ID":2,"parameters":[{"name":"seq","type":33,"max":65535},{"name":"dpValues","type":1011}]}}
[2026-09-13 15:13:47] debug: 	zh:controller:endpoint: ZCL command 0x94b216fffef3cf25/1 manuSpecificTuya.defaultRsp({"cmdId":2,"statusCode":0}, {"timeout":10000,"disableResponse":false,"disableRecovery":false,"disableDefaultResponse":true,"direction":0,"reservedBits":0,"transactionSequenceNumber":103,"writeUndiv":false})
[2026-09-13 15:13:47] debug: 	zh:ember: ~~~> [ZCL to=0x94b216fffef3cf25:3595 apsFrame={"profileId":260,"clusterId":61184,"sourceEndpoint":1,"destinationEndpoint":1,"options":4352,"groupId":0,"sequence":0} header={"frameControl":{"reservedBits":0,"frameType":0,"direction":0,"disableDefaultResponse":true,"manufacturerSpecific":false},"transactionSequenceNumber":103,"commandIdentifier":11}]
[2026-09-13 15:13:47] debug: 	zh:ember:ezsp: ===> [FRAME: ID=52:"SEND_UNICAST" Seq=1 Len=26]
[2026-09-13 15:13:47] debug: 	zh:ember:uart:ash: ---> [FRAME type=DATA frmTx=1 frmRx=2](ackRx=1)
[2026-09-13 15:13:47] debug: 	z2m: Received Zigbee message from 'Nivelagua', type 'commandDataReport', cluster 'manuSpecificTuya', data '{"dpValues":[{"data":{"data":[0,0,0,81],"type":"Buffer"},"datatype":2,"dp":22}],"seq":46336}' from endpoint 1 with groupID 0
[2026-09-13 15:13:47] info: 	z2m:mqtt: MQTT publish: topic 'zigbee2mqtt/Nivelagua', payload '{"installation_height":0.75,"linkquality":136,"liquid_depth":0.38,"liquid_depth_max":0.28,"liquid_level_percent":81,"liquid_state":"high","max_set":80,"min_set":25}'
[2026-09-13 15:13:47] debug: 	zh:ember:uart:ash: <--- [FRAME type=DATA]
[2026-09-13 15:13:47] debug: 	zh:ember:uart:ash: <--- [FRAME type=DATA ackNum=2](ackRx=1 frmTx=2)
[2026-09-13 15:13:47] debug: 	zh:ember:uart:ash: <--- [FRAME type=DATA ackNum=2 frmNum=2](frmRx=2) Added to rxQueue
[2026-09-13 15:13:47] debug: 	zh:ember:uart:ash: ---> [FRAME type=ACK frmRx=3](ackRx=2)
[2026-09-13 15:13:47] debug: 	zh:ember:ezsp: <=== [FRAME: ID=52:"SEND_UNICAST" Seq=1 Len=7]
[2026-09-13 15:13:47] debug: 	zh:ember:ezsp: ~~~> [SENT type=DIRECT apsSequence=34 messageTag=96 status=OK]
[2026-09-13 15:13:47] debug: 	zh:ember:uart:ash: <--- [FRAME type=DATA]
[2026-09-13 15:13:47] debug: 	zh:ember:uart:ash: <--- [FRAME type=DATA ackNum=2](ackRx=2 frmTx=2)
[2026-09-13 15:13:47] debug: 	zh:ember:uart:ash: <--- [FRAME type=DATA ackNum=2 frmNum=3](frmRx=3) Added to rxQueue
[2026-09-13 15:13:47] debug: 	zh:ember:uart:ash: ---> [FRAME type=ACK frmRx=4](ackRx=2)
[2026-09-13 15:13:47] debug: 	zh:ember:ezsp: <=== [CBFRAME: ID=63:"MESSAGE_SENT_HANDLER" Seq=1 Len=22]
[2026-09-13 15:13:47] debug: 	zh:ember:ezsp: ezspMessageSentHandler: status=OK type=DIRECT indexOrDestination=3595 apsFrame={"profileId":260,"clusterId":61184,"sourceEndpoint":1,"destinationEndpoint":1,"options":4352,"groupId":0,"sequence":34} messageTag=96
[2026-09-13 15:13:48] debug: 	zh:ember:uart:ash: <--- [FRAME type=DATA]
[2026-09-13 15:13:48] debug: 	zh:ember:uart:ash: <--- [FRAME type=DATA ackNum=2](ackRx=2 frmTx=2)
[2026-09-13 15:13:48] debug: 	zh:ember:uart:ash: <--- [FRAME type=DATA ackNum=2 frmNum=4](frmRx=4) Added to rxQueue
[2026-09-13 15:13:48] debug: 	zh:ember:uart:ash: ---> [FRAME type=ACK frmRx=5](ackRx=2)
[2026-09-13 15:13:48] debug: 	zh:ember:ezsp: <=== [CBFRAME: ID=69:"INCOMING_MESSAGE_HANDLER" Seq=1 Len=35]
[2026-09-13 15:13:48] debug: 	zh:ember:ezsp: ezspIncomingMessageHandler: type=UNICAST apsFrame={"profileId":260,"clusterId":61184,"sourceEndpoint":1,"destinationEndpoint":1,"options":256,"groupId":0,"sequence":108} packetInfo:{"senderShortId":3595,"senderLongId":"0xffffffffffffffff","bindingIndex":255,"addressIndex":255,"lastHopLqi":136,"lastHopRssi":-66,"lastHopTimestamp":0} messageContents=09680200b60104000102
[2026-09-13 15:13:48] debug: 	zh:controller: Received payload: clusterID=61184, address=3595, groupID=0, endpoint=1, destinationEndpoint=1, wasBroadcast=false, linkQuality=136, frame={"header":{"frameControl":{"frameType":1,"manufacturerSpecific":false,"direction":1,"disableDefaultResponse":false,"reservedBits":0},"transactionSequenceNumber":104,"commandIdentifier":2},"payload":{"seq":46592,"dpValues":[{"dp":1,"datatype":4,"data":{"type":"Buffer","data":[2]}}]},"command":{"name":"dataReport","ID":2,"parameters":[{"name":"seq","type":33,"max":65535},{"name":"dpValues","type":1011}]}}
[2026-09-13 15:13:48] debug: 	zh:controller:endpoint: ZCL command 0x94b216fffef3cf25/1 manuSpecificTuya.defaultRsp({"cmdId":2,"statusCode":0}, {"timeout":10000,"disableResponse":false,"disableRecovery":false,"disableDefaultResponse":true,"direction":0,"reservedBits":0,"transactionSequenceNumber":104,"writeUndiv":false})
[2026-09-13 15:13:48] debug: 	zh:ember: ~~~> [ZCL to=0x94b216fffef3cf25:3595 apsFrame={"profileId":260,"clusterId":61184,"sourceEndpoint":1,"destinationEndpoint":1,"options":4352,"groupId":0,"sequence":0} header={"frameControl":{"reservedBits":0,"frameType":0,"direction":0,"disableDefaultResponse":true,"manufacturerSpecific":false},"transactionSequenceNumber":104,"commandIdentifier":11}]
[2026-09-13 15:13:48] debug: 	zh:ember:ezsp: ===> [FRAME: ID=52:"SEND_UNICAST" Seq=2 Len=26]
[2026-09-13 15:13:48] debug: 	zh:ember:uart:ash: ---> [FRAME type=DATA frmTx=2 frmRx=5](ackRx=2)
[2026-09-13 15:13:48] debug: 	z2m: Received Zigbee message from 'Nivelagua', type 'commandDataReport', cluster 'manuSpecificTuya', data '{"dpValues":[{"data":{"data":[2],"type":"Buffer"},"datatype":4,"dp":1}],"seq":46592}' from endpoint 1 with groupID 0
[2026-09-13 15:13:48] info: 	z2m:mqtt: MQTT publish: topic 'zigbee2mqtt/Nivelagua', payload '{"installation_height":0.75,"linkquality":136,"liquid_depth":0.38,"liquid_depth_max":0.28,"liquid_level_percent":81,"liquid_state":"high","max_set":80,"min_set":25}'
[2026-09-13 15:13:48] debug: 	zh:ember:uart:ash: <--- [FRAME type=DATA]
[2026-09-13 15:13:48] debug: 	zh:ember:uart:ash: <--- [FRAME type=DATA ackNum=3](ackRx=2 frmTx=3)
[2026-09-13 15:13:48] debug: 	zh:ember:uart:ash: <--- [FRAME type=DATA ackNum=3 frmNum=5](frmRx=5) Added to rxQueue
[2026-09-13 15:13:48] debug: 	zh:ember:uart:ash: ---> [FRAME type=ACK frmRx=6](ackRx=3)
[2026-09-13 15:13:48] debug: 	zh:ember:ezsp: <=== [FRAME: ID=52:"SEND_UNICAST" Seq=2 Len=7]
[2026-09-13 15:13:48] debug: 	zh:ember:ezsp: ~~~> [SENT type=DIRECT apsSequence=35 messageTag=97 status=OK]
[2026-09-13 15:13:48] debug: 	zh:ember:uart:ash: <--- [FRAME type=DATA]
[2026-09-13 15:13:48] debug: 	zh:ember:uart:ash: <--- [FRAME type=DATA ackNum=3](ackRx=3 frmTx=3)
[2026-09-13 15:13:48] debug: 	zh:ember:uart:ash: <--- [FRAME type=DATA ackNum=3 frmNum=6](frmRx=6) Added to rxQueue
[2026-09-13 15:13:48] debug: 	zh:ember:uart:ash: ---> [FRAME type=ACK frmRx=7](ackRx=3)
[2026-09-13 15:13:48] debug: 	zh:ember:ezsp: <=== [CBFRAME: ID=63:"MESSAGE_SENT_HANDLER" Seq=2 Len=22]
[2026-09-13 15:13:48] debug: 	zh:ember:ezsp: ezspMessageSentHandler: status=OK type=DIRECT indexOrDestination=3595 apsFrame={"profileId":260,"clusterId":61184,"sourceEndpoint":1,"destinationEndpoint":1,"options":4352,"groupId":0,"sequence":35} messageTag=97
[2026-09-13 15:13:48] debug: 	zh:ember:uart:ash: <--- [FRAME type=DATA]
[2026-09-13 15:13:48] debug: 	zh:ember:uart:ash: <--- [FRAME type=DATA ackNum=3](ackRx=3 frmTx=3)
[2026-09-13 15:13:48] debug: 	zh:ember:uart:ash: <--- [FRAME type=DATA ackNum=3 frmNum=7](frmRx=7) Added to rxQueue
[2026-09-13 15:13:48] debug: 	zh:ember:uart:ash: ---> [FRAME type=ACK frmRx=0](ackRx=3)
[2026-09-13 15:13:48] debug: 	zh:ember:ezsp: <=== [CBFRAME: ID=69:"INCOMING_MESSAGE_HANDLER" Seq=2 Len=38]
[2026-09-13 15:13:48] debug: 	zh:ember:ezsp: ezspIncomingMessageHandler: type=UNICAST apsFrame={"profileId":260,"clusterId":61184,"sourceEndpoint":1,"destinationEndpoint":1,"options":256,"groupId":0,"sequence":109} packetInfo:{"senderShortId":3595,"senderLongId":"0xffffffffffffffff","bindingIndex":255,"addressIndex":255,"lastHopLqi":136,"lastHopRssi":-66,"lastHopTimestamp":0} messageContents=09690200b70202000400000026
[2026-09-13 15:13:48] debug: 	zh:controller: Received payload: clusterID=61184, address=3595, groupID=0, endpoint=1, destinationEndpoint=1, wasBroadcast=false, linkQuality=136, frame={"header":{"frameControl":{"frameType":1,"manufacturerSpecific":false,"direction":1,"disableDefaultResponse":false,"reservedBits":0},"transactionSequenceNumber":105,"commandIdentifier":2},"payload":{"seq":46848,"dpValues":[{"dp":2,"datatype":2,"data":{"type":"Buffer","data":[0,0,0,38]}}]},"command":{"name":"dataReport","ID":2,"parameters":[{"name":"seq","type":33,"max":65535},{"name":"dpValues","type":1011}]}}
[2026-09-13 15:13:48] debug: 	zh:controller:endpoint: ZCL command 0x94b216fffef3cf25/1 manuSpecificTuya.defaultRsp({"cmdId":2,"statusCode":0}, {"timeout":10000,"disableResponse":false,"disableRecovery":false,"disableDefaultResponse":true,"direction":0,"reservedBits":0,"transactionSequenceNumber":105,"writeUndiv":false})
[2026-09-13 15:13:48] debug: 	zh:ember: ~~~> [ZCL to=0x94b216fffef3cf25:3595 apsFrame={"profileId":260,"clusterId":61184,"sourceEndpoint":1,"destinationEndpoint":1,"options":4352,"groupId":0,"sequence":0} header={"frameControl":{"reservedBits":0,"frameType":0,"direction":0,"disableDefaultResponse":true,"manufacturerSpecific":false},"transactionSequenceNumber":105,"commandIdentifier":11}]
[2026-09-13 15:13:48] debug: 	zh:ember:ezsp: ===> [FRAME: ID=52:"SEND_UNICAST" Seq=3 Len=26]
[2026-09-13 15:13:48] debug: 	zh:ember:uart:ash: ---> [FRAME type=DATA frmTx=3 frmRx=0](ackRx=3)
[2026-09-13 15:13:48] debug: 	z2m: Received Zigbee message from 'Nivelagua', type 'commandDataReport', cluster 'manuSpecificTuya', data '{"dpValues":[{"data":{"data":[0,0,0,38],"type":"Buffer"},"datatype":2,"dp":2}],"seq":46848}' from endpoint 1 with groupID 0
[2026-09-13 15:13:48] info: 	z2m:mqtt: MQTT publish: topic 'zigbee2mqtt/Nivelagua', payload '{"installation_height":0.75,"linkquality":136,"liquid_depth":0.38,"liquid_depth_max":0.28,"liquid_level_percent":81,"liquid_state":"high","max_set":80,"min_set":25}'
[2026-09-13 15:13:48] debug: 	zh:ember:uart:ash: <--- [FRAME type=DATA]
[2026-09-13 15:13:48] debug: 	zh:ember:uart:ash: <--- [FRAME type=DATA ackNum=4](ackRx=3 frmTx=4)
[2026-09-13 15:13:48] debug: 	zh:ember:uart:ash: <--- [FRAME type=DATA ackNum=4 frmNum=0](frmRx=0) Added to rxQueue
[2026-09-13 15:13:48] debug: 	zh:ember:uart:ash: ---> [FRAME type=ACK frmRx=1](ackRx=4)
[2026-09-13 15:13:48] debug: 	zh:ember:ezsp: <=== [FRAME: ID=52:"SEND_UNICAST" Seq=3 Len=7]
[2026-09-13 15:13:48] debug: 	zh:ember:ezsp: ~~~> [SENT type=DIRECT apsSequence=36 messageTag=98 status=OK]
[2026-09-13 15:13:48] debug: 	zh:ember:uart:ash: <--- [FRAME type=DATA]
[2026-09-13 15:13:48] debug: 	zh:ember:uart:ash: <--- [FRAME type=DATA ackNum=4](ackRx=4 frmTx=4)
[2026-09-13 15:13:48] debug: 	zh:ember:uart:ash: <--- [FRAME type=DATA ackNum=4 frmNum=1](frmRx=1) Added to rxQueue
[2026-09-13 15:13:48] debug: 	zh:ember:uart:ash: ---> [FRAME type=ACK frmRx=2](ackRx=4)
[2026-09-13 15:13:48] debug: 	zh:ember:ezsp: <=== [CBFRAME: ID=63:"MESSAGE_SENT_HANDLER" Seq=3 Len=22]
[2026-09-13 15:13:48] debug: 	zh:ember:ezsp: ezspMessageSentHandler: status=OK type=DIRECT indexOrDestination=3595 apsFrame={"profileId":260,"clusterId":61184,"sourceEndpoint":1,"destinationEndpoint":1,"options":4352,"groupId":0,"sequence":36} messageTag=98
[2026-09-13 15:13:48] debug: 	zh:ember:uart:ash: <--- [FRAME type=DATA]
[2026-09-13 15:13:48] debug: 	zh:ember:uart:ash: <--- [FRAME type=DATA ackNum=4](ackRx=4 frmTx=4)
[2026-09-13 15:13:48] debug: 	zh:ember:uart:ash: <--- [FRAME type=DATA ackNum=4 frmNum=2](frmRx=2) Added to rxQueue
[2026-09-13 15:13:48] debug: 	zh:ember:uart:ash: ---> [FRAME type=ACK frmRx=3](ackRx=4)
[2026-09-13 15:13:48] debug: 	zh:ember:ezsp: <=== [CBFRAME: ID=69:"INCOMING_MESSAGE_HANDLER" Seq=3 Len=38]
[2026-09-13 15:13:48] debug: 	zh:ember:ezsp: ezspIncomingMessageHandler: type=UNICAST apsFrame={"profileId":260,"clusterId":61184,"sourceEndpoint":1,"destinationEndpoint":1,"options":256,"groupId":0,"sequence":110} packetInfo:{"senderShortId":3595,"senderLongId":"0xffffffffffffffff","bindingIndex":255,"addressIndex":255,"lastHopLqi":136,"lastHopRssi":-66,"lastHopTimestamp":0} messageContents=096a0200b81602000400000051
[2026-09-13 15:13:48] debug: 	zh:controller: Received payload: clusterID=61184, address=3595, groupID=0, endpoint=1, destinationEndpoint=1, wasBroadcast=false, linkQuality=136, frame={"header":{"frameControl":{"frameType":1,"manufacturerSpecific":false,"direction":1,"disableDefaultResponse":false,"reservedBits":0},"transactionSequenceNumber":106,"commandIdentifier":2},"payload":{"seq":47104,"dpValues":[{"dp":22,"datatype":2,"data":{"type":"Buffer","data":[0,0,0,81]}}]},"command":{"name":"dataReport","ID":2,"parameters":[{"name":"seq","type":33,"max":65535},{"name":"dpValues","type":1011}]}}
[2026-09-13 15:13:48] debug: 	zh:controller:endpoint: ZCL command 0x94b216fffef3cf25/1 manuSpecificTuya.defaultRsp({"cmdId":2,"statusCode":0}, {"timeout":10000,"disableResponse":false,"disableRecovery":false,"disableDefaultResponse":true,"direction":0,"reservedBits":0,"transactionSequenceNumber":106,"writeUndiv":false})
[2026-09-13 15:13:48] debug: 	zh:ember: ~~~> [ZCL to=0x94b216fffef3cf25:3595 apsFrame={"profileId":260,"clusterId":61184,"sourceEndpoint":1,"destinationEndpoint":1,"options":4352,"groupId":0,"sequence":0} header={"frameControl":{"reservedBits":0,"frameType":0,"direction":0,"disableDefaultResponse":true,"manufacturerSpecific":false},"transactionSequenceNumber":106,"commandIdentifier":11}]
[2026-09-13 15:13:48] debug: 	zh:ember:ezsp: ===> [FRAME: ID=52:"SEND_UNICAST" Seq=4 Len=26]
[2026-09-13 15:13:48] debug: 	zh:ember:uart:ash: ---> [FRAME type=DATA frmTx=4 frmRx=3](ackRx=4)
[2026-09-13 15:13:48] debug: 	z2m: Received Zigbee message from 'Nivelagua', type 'commandDataReport', cluster 'manuSpecificTuya', data '{"dpValues":[{"data":{"data":[0,0,0,81],"type":"Buffer"},"datatype":2,"dp":22}],"seq":47104}' from endpoint 1 with groupID 0
[2026-09-13 15:13:48] info: 	z2m:mqtt: MQTT publish: topic 'zigbee2mqtt/Nivelagua', payload '{"installation_height":0.75,"linkquality":136,"liquid_depth":0.38,"liquid_depth_max":0.28,"liquid_level_percent":81,"liquid_state":"high","max_set":80,"min_set":25}'
[2026-09-13 15:13:48] debug: 	zh:ember:uart:ash: <--- [FRAME type=DATA]
[2026-09-13 15:13:48] debug: 	zh:ember:uart:ash: <--- [FRAME type=DATA ackNum=5](ackRx=4 frmTx=5)
[2026-09-13 15:13:48] debug: 	zh:ember:uart:ash: <--- [FRAME type=DATA ackNum=5 frmNum=3](frmRx=3) Added to rxQueue
[2026-09-13 15:13:48] debug: 	zh:ember:uart:ash: ---> [FRAME type=ACK frmRx=4](ackRx=5)
[2026-09-13 15:13:48] debug: 	zh:ember:ezsp: <=== [FRAME: ID=52:"SEND_UNICAST" Seq=4 Len=7]
[2026-09-13 15:13:48] debug: 	zh:ember:ezsp: ~~~> [SENT type=DIRECT apsSequence=37 messageTag=99 status=OK]
[2026-09-13 15:13:48] debug: 	zh:ember:uart:ash: <--- [FRAME type=DATA]
[2026-09-13 15:13:48] debug: 	zh:ember:uart:ash: <--- [FRAME type=DATA ackNum=5](ackRx=5 frmTx=5)
[2026-09-13 15:13:48] debug: 	zh:ember:uart:ash: <--- [FRAME type=DATA ackNum=5 frmNum=4](frmRx=4) Added to rxQueue
[2026-09-13 15:13:48] debug: 	zh:ember:uart:ash: ---> [FRAME type=ACK frmRx=5](ackRx=5)
[2026-09-13 15:13:48] debug: 	zh:ember:ezsp: <=== [CBFRAME: ID=63:"MESSAGE_SENT_HANDLER" Seq=4 Len=22]
[2026-09-13 15:13:48] debug: 	zh:ember:ezsp: ezspMessageSentHandler: status=OK type=DIRECT indexOrDestination=3595 apsFrame={"profileId":260,"clusterId":61184,"sourceEndpoint":1,"destinationEndpoint":1,"options":4352,"groupId":0,"sequence":37} messageTag=99
[2026-09-13 15:13:49] debug: 	zh:ember:uart:ash: <--- [FRAME type=DATA]
[2026-09-13 15:13:49] debug: 	zh:ember:uart:ash: <--- [FRAME type=DATA ackNum=5](ackRx=5 frmTx=5)
[2026-09-13 15:13:49] debug: 	zh:ember:uart:ash: <--- [FRAME type=DATA ackNum=5 frmNum=5](frmRx=5) Added to rxQueue
[2026-09-13 15:13:49] debug: 	zh:ember:uart:ash: ---> [FRAME type=ACK frmRx=6](ackRx=5)
[2026-09-13 15:13:49] debug: 	zh:ember:ezsp: <=== [CBFRAME: ID=69:"INCOMING_MESSAGE_HANDLER" Seq=4 Len=35]
[2026-09-13 15:13:49] debug: 	zh:ember:ezsp: ezspIncomingMessageHandler: type=UNICAST apsFrame={"profileId":260,"clusterId":61184,"sourceEndpoint":1,"destinationEndpoint":1,"options":256,"groupId":0,"sequence":111} packetInfo:{"senderShortId":3595,"senderLongId":"0xffffffffffffffff","bindingIndex":255,"addressIndex":255,"lastHopLqi":136,"lastHopRssi":-66,"lastHopTimestamp":0} messageContents=096b0200b90104000102
[2026-09-13 15:13:49] debug: 	zh:controller: Received payload: clusterID=61184, address=3595, groupID=0, endpoint=1, destinationEndpoint=1, wasBroadcast=false, linkQuality=136, frame={"header":{"frameControl":{"frameType":1,"manufacturerSpecific":false,"direction":1,"disableDefaultResponse":false,"reservedBits":0},"transactionSequenceNumber":107,"commandIdentifier":2},"payload":{"seq":47360,"dpValues":[{"dp":1,"datatype":4,"data":{"type":"Buffer","data":[2]}}]},"command":{"name":"dataReport","ID":2,"parameters":[{"name":"seq","type":33,"max":65535},{"name":"dpValues","type":1011}]}}
[2026-09-13 15:13:49] debug: 	zh:controller:endpoint: ZCL command 0x94b216fffef3cf25/1 manuSpecificTuya.defaultRsp({"cmdId":2,"statusCode":0}, {"timeout":10000,"disableResponse":false,"disableRecovery":false,"disableDefaultResponse":true,"direction":0,"reservedBits":0,"transactionSequenceNumber":107,"writeUndiv":false})
[2026-09-13 15:13:49] debug: 	zh:ember: ~~~> [ZCL to=0x94b216fffef3cf25:3595 apsFrame={"profileId":260,"clusterId":61184,"sourceEndpoint":1,"destinationEndpoint":1,"options":4352,"groupId":0,"sequence":0} header={"frameControl":{"reservedBits":0,"frameType":0,"direction":0,"disableDefaultResponse":true,"manufacturerSpecific":false},"transactionSequenceNumber":107,"commandIdentifier":11}]
[2026-09-13 15:13:49] debug: 	zh:ember:ezsp: ===> [FRAME: ID=52:"SEND_UNICAST" Seq=5 Len=26]
[2026-09-13 15:13:49] debug: 	zh:ember:uart:ash: ---> [FRAME type=DATA frmTx=5 frmRx=6](ackRx=5)
[2026-09-13 15:13:49] debug: 	z2m: Received Zigbee message from 'Nivelagua', type 'commandDataReport', cluster 'manuSpecificTuya', data '{"dpValues":[{"data":{"data":[2],"type":"Buffer"},"datatype":4,"dp":1}],"seq":47360}' from endpoint 1 with groupID 0
[2026-09-13 15:13:49] info: 	z2m:mqtt: MQTT publish: topic 'zigbee2mqtt/Nivelagua', payload '{"installation_height":0.75,"linkquality":136,"liquid_depth":0.38,"liquid_depth_max":0.28,"liquid_level_percent":81,"liquid_state":"high","max_set":80,"min_set":25}'
[2026-09-13 15:13:49] debug: 	zh:ember:uart:ash: <--- [FRAME type=DATA]
[2026-09-13 15:13:49] debug: 	zh:ember:uart:ash: <--- [FRAME type=DATA ackNum=6](ackRx=5 frmTx=6)
[2026-09-13 15:13:49] debug: 	zh:ember:uart:ash: <--- [FRAME type=DATA ackNum=6 frmNum=6](frmRx=6) Added to rxQueue
[2026-09-13 15:13:49] debug: 	zh:ember:uart:ash: ---> [FRAME type=ACK frmRx=7](ackRx=6)
[2026-09-13 15:13:49] debug: 	zh:ember:ezsp: <=== [FRAME: ID=52:"SEND_UNICAST" Seq=5 Len=7]
[2026-09-13 15:13:49] debug: 	zh:ember:ezsp: ~~~> [SENT type=DIRECT apsSequence=38 messageTag=100 status=OK]
[2026-09-13 15:13:49] debug: 	zh:ember:uart:ash: <--- [FRAME type=DATA]
[2026-09-13 15:13:49] debug: 	zh:ember:uart:ash: <--- [FRAME type=DATA ackNum=6](ackRx=6 frmTx=6)
[2026-09-13 15:13:49] debug: 	zh:ember:uart:ash: <--- [FRAME type=DATA ackNum=6 frmNum=7](frmRx=7) Added to rxQueue
[2026-09-13 15:13:49] debug: 	zh:ember:uart:ash: ---> [FRAME type=ACK frmRx=0](ackRx=6)
[2026-09-13 15:13:49] debug: 	zh:ember:ezsp: <=== [CBFRAME: ID=63:"MESSAGE_SENT_HANDLER" Seq=5 Len=22]
[2026-09-13 15:13:49] debug: 	zh:ember:ezsp: ezspMessageSentHandler: status=OK type=DIRECT indexOrDestination=3595 apsFrame={"profileId":260,"clusterId":61184,"sourceEndpoint":1,"destinationEndpoint":1,"options":4352,"groupId":0,"sequence":38} messageTag=100
[2026-09-13 15:13:49] debug: 	zh:ember:uart:ash: <--- [FRAME type=DATA]
[2026-09-13 15:13:49] debug: 	zh:ember:uart:ash: <--- [FRAME type=DATA ackNum=6](ackRx=6 frmTx=6)
[2026-09-13 15:13:49] debug: 	zh:ember:uart:ash: <--- [FRAME type=DATA ackNum=6 frmNum=0](frmRx=0) Added to rxQueue
[2026-09-13 15:13:49] debug: 	zh:ember:uart:ash: ---> [FRAME type=ACK frmRx=1](ackRx=6)
[2026-09-13 15:13:49] debug: 	zh:ember:ezsp: <=== [CBFRAME: ID=69:"INCOMING_MESSAGE_HANDLER" Seq=5 Len=38]
[2026-09-13 15:13:49] debug: 	zh:ember:ezsp: ezspIncomingMessageHandler: type=UNICAST apsFrame={"profileId":260,"clusterId":61184,"sourceEndpoint":1,"destinationEndpoint":1,"options":256,"groupId":0,"sequence":112} packetInfo:{"senderShortId":3595,"senderLongId":"0xffffffffffffffff","bindingIndex":255,"addressIndex":255,"lastHopLqi":136,"lastHopRssi":-66,"lastHopTimestamp":0} messageContents=096c0200ba0202000400000026
[2026-09-13 15:13:49] debug: 	zh:controller: Received payload: clusterID=61184, address=3595, groupID=0, endpoint=1, destinationEndpoint=1, wasBroadcast=false, linkQuality=136, frame={"header":{"frameControl":{"frameType":1,"manufacturerSpecific":false,"direction":1,"disableDefaultResponse":false,"reservedBits":0},"transactionSequenceNumber":108,"commandIdentifier":2},"payload":{"seq":47616,"dpValues":[{"dp":2,"datatype":2,"data":{"type":"Buffer","data":[0,0,0,38]}}]},"command":{"name":"dataReport","ID":2,"parameters":[{"name":"seq","type":33,"max":65535},{"name":"dpValues","type":1011}]}}
[2026-09-13 15:13:49] debug: 	zh:controller:endpoint: ZCL command 0x94b216fffef3cf25/1 manuSpecificTuya.defaultRsp({"cmdId":2,"statusCode":0}, {"timeout":10000,"disableResponse":false,"disableRecovery":false,"disableDefaultResponse":true,"direction":0,"reservedBits":0,"transactionSequenceNumber":108,"writeUndiv":false})
[2026-09-13 15:13:49] debug: 	zh:ember: ~~~> [ZCL to=0x94b216fffef3cf25:3595 apsFrame={"profileId":260,"clusterId":61184,"sourceEndpoint":1,"destinationEndpoint":1,"options":4352,"groupId":0,"sequence":0} header={"frameControl":{"reservedBits":0,"frameType":0,"direction":0,"disableDefaultResponse":true,"manufacturerSpecific":false},"transactionSequenceNumber":108,"commandIdentifier":11}]
[2026-09-13 15:13:49] debug: 	zh:ember:ezsp: ===> [FRAME: ID=52:"SEND_UNICAST" Seq=6 Len=26]
[2026-09-13 15:13:49] debug: 	zh:ember:uart:ash: ---> [FRAME type=DATA frmTx=6 frmRx=1](ackRx=6)
[2026-09-13 15:13:49] debug: 	z2m: Received Zigbee message from 'Nivelagua', type 'commandDataReport', cluster 'manuSpecificTuya', data '{"dpValues":[{"data":{"data":[0,0,0,38],"type":"Buffer"},"datatype":2,"dp":2}],"seq":47616}' from endpoint 1 with groupID 0
[2026-09-13 15:13:49] info: 	z2m:mqtt: MQTT publish: topic 'zigbee2mqtt/Nivelagua', payload '{"installation_height":0.75,"linkquality":136,"liquid_depth":0.38,"liquid_depth_max":0.28,"liquid_level_percent":81,"liquid_state":"high","max_set":80,"min_set":25}'
[2026-09-13 15:13:49] debug: 	zh:ember:uart:ash: <--- [FRAME type=DATA]
[2026-09-13 15:13:49] debug: 	zh:ember:uart:ash: <--- [FRAME type=DATA ackNum=7](ackRx=6 frmTx=7)
[2026-09-13 15:13:49] debug: 	zh:ember:uart:ash: <--- [FRAME type=DATA ackNum=7 frmNum=1](frmRx=1) Added to rxQueue
[2026-09-13 15:13:49] debug: 	zh:ember:uart:ash: ---> [FRAME type=ACK frmRx=2](ackRx=7)
[2026-09-13 15:13:49] debug: 	zh:ember:ezsp: <=== [FRAME: ID=52:"SEND_UNICAST" Seq=6 Len=7]
[2026-09-13 15:13:49] debug: 	zh:ember:ezsp: ~~~> [SENT type=DIRECT apsSequence=39 messageTag=101 status=OK]
[2026-09-13 15:13:49] debug: 	zh:ember:uart:ash: <--- [FRAME type=DATA]
[2026-09-13 15:13:49] debug: 	zh:ember:uart:ash: <--- [FRAME type=DATA ackNum=7](ackRx=7 frmTx=7)
[2026-09-13 15:13:49] debug: 	zh:ember:uart:ash: <--- [FRAME type=DATA ackNum=7 frmNum=2](frmRx=2) Added to rxQueue
[2026-09-13 15:13:49] debug: 	zh:ember:uart:ash: ---> [FRAME type=ACK frmRx=3](ackRx=7)
[2026-09-13 15:13:49] debug: 	zh:ember:ezsp: <=== [CBFRAME: ID=63:"MESSAGE_SENT_HANDLER" Seq=6 Len=22]
[2026-09-13 15:13:49] debug: 	zh:ember:ezsp: ezspMessageSentHandler: status=OK type=DIRECT indexOrDestination=3595 apsFrame={"profileId":260,"clusterId":61184,"sourceEndpoint":1,"destinationEndpoint":1,"options":4352,"groupId":0,"sequence":39} messageTag=101
[2026-09-13 15:13:50] debug: 	zh:ember:uart:ash: <--- [FRAME type=DATA]
[2026-09-13 15:13:50] debug: 	zh:ember:uart:ash: <--- [FRAME type=DATA ackNum=7](ackRx=7 frmTx=7)
[2026-09-13 15:13:50] debug: 	zh:ember:uart:ash: <--- [FRAME type=DATA ackNum=7 frmNum=3](frmRx=3) Added to rxQueue
[2026-09-13 15:13:50] debug: 	zh:ember:uart:ash: ---> [FRAME type=ACK frmRx=4](ackRx=7)
[2026-09-13 15:13:50] debug: 	zh:ember:ezsp: <=== [CBFRAME: ID=69:"INCOMING_MESSAGE_HANDLER" Seq=6 Len=38]
[2026-09-13 15:13:50] debug: 	zh:ember:ezsp: ezspIncomingMessageHandler: type=UNICAST apsFrame={"profileId":260,"clusterId":61184,"sourceEndpoint":1,"destinationEndpoint":1,"options":256,"groupId":0,"sequence":113} packetInfo:{"senderShortId":3595,"senderLongId":"0xffffffffffffffff","bindingIndex":255,"addressIndex":255,"lastHopLqi":136,"lastHopRssi":-66,"lastHopTimestamp":0} messageContents=096d0200bb1602000400000051
[2026-09-13 15:13:50] debug: 	zh:controller: Received payload: clusterID=61184, address=3595, groupID=0, endpoint=1, destinationEndpoint=1, wasBroadcast=false, linkQuality=136, frame={"header":{"frameControl":{"frameType":1,"manufacturerSpecific":false,"direction":1,"disableDefaultResponse":false,"reservedBits":0},"transactionSequenceNumber":109,"commandIdentifier":2},"payload":{"seq":47872,"dpValues":[{"dp":22,"datatype":2,"data":{"type":"Buffer","data":[0,0,0,81]}}]},"command":{"name":"dataReport","ID":2,"parameters":[{"name":"seq","type":33,"max":65535},{"name":"dpValues","type":1011}]}}
[2026-09-13 15:13:50] debug: 	zh:controller:endpoint: ZCL command 0x94b216fffef3cf25/1 manuSpecificTuya.defaultRsp({"cmdId":2,"statusCode":0}, {"timeout":10000,"disableResponse":false,"disableRecovery":false,"disableDefaultResponse":true,"direction":0,"reservedBits":0,"transactionSequenceNumber":109,"writeUndiv":false})
[2026-09-13 15:13:50] debug: 	zh:ember: ~~~> [ZCL to=0x94b216fffef3cf25:3595 apsFrame={"profileId":260,"clusterId":61184,"sourceEndpoint":1,"destinationEndpoint":1,"options":4352,"groupId":0,"sequence":0} header={"frameControl":{"reservedBits":0,"frameType":0,"direction":0,"disableDefaultResponse":true,"manufacturerSpecific":false},"transactionSequenceNumber":109,"commandIdentifier":11}]
[2026-09-13 15:13:50] debug: 	zh:ember:ezsp: ===> [FRAME: ID=52:"SEND_UNICAST" Seq=7 Len=26]
[2026-09-13 15:13:50] debug: 	zh:ember:uart:ash: ---> [FRAME type=DATA frmTx=7 frmRx=4](ackRx=7)
[2026-09-13 15:13:50] debug: 	z2m: Received Zigbee message from 'Nivelagua', type 'commandDataReport', cluster 'manuSpecificTuya', data '{"dpValues":[{"data":{"data":[0,0,0,81],"type":"Buffer"},"datatype":2,"dp":22}],"seq":47872}' from endpoint 1 with groupID 0
[2026-09-13 15:13:50] info: 	z2m:mqtt: MQTT publish: topic 'zigbee2mqtt/Nivelagua', payload '{"installation_height":0.75,"linkquality":136,"liquid_depth":0.38,"liquid_depth_max":0.28,"liquid_level_percent":81,"liquid_state":"high","max_set":80,"min_set":25}'
[2026-09-13 15:13:50] debug: 	zh:ember:uart:ash: <--- [FRAME type=DATA]
[2026-09-13 15:13:50] debug: 	zh:ember:uart:ash: <--- [FRAME type=DATA ackNum=0](ackRx=7 frmTx=0)
[2026-09-13 15:13:50] debug: 	zh:ember:uart:ash: <--- [FRAME type=DATA ackNum=0 frmNum=4](frmRx=4) Added to rxQueue
[2026-09-13 15:13:50] debug: 	zh:ember:uart:ash: ---> [FRAME type=ACK frmRx=5](ackRx=0)
[2026-09-13 15:13:50] debug: 	zh:ember:ezsp: <=== [FRAME: ID=52:"SEND_UNICAST" Seq=7 Len=7]
[2026-09-13 15:13:50] debug: 	zh:ember:ezsp: ~~~> [SENT type=DIRECT apsSequence=40 messageTag=102 status=OK]
[2026-09-13 15:13:50] debug: 	zh:ember:uart:ash: <--- [FRAME type=DATA]
[2026-09-13 15:13:50] debug: 	zh:ember:uart:ash: <--- [FRAME type=DATA ackNum=0](ackRx=0 frmTx=0)
[2026-09-13 15:13:50] debug: 	zh:ember:uart:ash: <--- [FRAME type=DATA ackNum=0 frmNum=5](frmRx=5) Added to rxQueue
[2026-09-13 15:13:50] debug: 	zh:ember:uart:ash: ---> [FRAME type=ACK frmRx=6](ackRx=0)
[2026-09-13 15:13:50] debug: 	zh:ember:ezsp: <=== [CBFRAME: ID=63:"MESSAGE_SENT_HANDLER" Seq=7 Len=22]
[2026-09-13 15:13:50] debug: 	zh:ember:ezsp: ezspMessageSentHandler: status=OK type=DIRECT indexOrDestination=3595 apsFrame={"profileId":260,"clusterId":61184,"sourceEndpoint":1,"destinationEndpoint":1,"options":4352,"groupId":0,"sequence":40} messageTag=102
[2026-09-13 15:13:50] debug: 	zh:ember:uart:ash: <--- [FRAME type=DATA]
[2026-09-13 15:13:50] debug: 	zh:ember:uart:ash: <--- [FRAME type=DATA ackNum=0](ackRx=0 frmTx=0)
[2026-09-13 15:13:50] debug: 	zh:ember:uart:ash: <--- [FRAME type=DATA ackNum=0 frmNum=6](frmRx=6) Added to rxQueue
[2026-09-13 15:13:50] debug: 	zh:ember:uart:ash: ---> [FRAME type=ACK frmRx=7](ackRx=0)
[2026-09-13 15:13:50] debug: 	zh:ember:ezsp: <=== [CBFRAME: ID=69:"INCOMING_MESSAGE_HANDLER" Seq=7 Len=35]
[2026-09-13 15:13:50] debug: 	zh:ember:ezsp: ezspIncomingMessageHandler: type=UNICAST apsFrame={"profileId":260,"clusterId":61184,"sourceEndpoint":1,"destinationEndpoint":1,"options":256,"groupId":0,"sequence":114} packetInfo:{"senderShortId":3595,"senderLongId":"0xffffffffffffffff","bindingIndex":255,"addressIndex":255,"lastHopLqi":136,"lastHopRssi":-66,"lastHopTimestamp":0} messageContents=096e0200bc0104000102
[2026-09-13 15:13:50] debug: 	zh:controller: Received payload: clusterID=61184, address=3595, groupID=0, endpoint=1, destinationEndpoint=1, wasBroadcast=false, linkQuality=136, frame={"header":{"frameControl":{"frameType":1,"manufacturerSpecific":false,"direction":1,"disableDefaultResponse":false,"reservedBits":0},"transactionSequenceNumber":110,"commandIdentifier":2},"payload":{"seq":48128,"dpValues":[{"dp":1,"datatype":4,"data":{"type":"Buffer","data":[2]}}]},"command":{"name":"dataReport","ID":2,"parameters":[{"name":"seq","type":33,"max":65535},{"name":"dpValues","type":1011}]}}
[2026-09-13 15:13:50] debug: 	zh:controller:endpoint: ZCL command 0x94b216fffef3cf25/1 manuSpecificTuya.defaultRsp({"cmdId":2,"statusCode":0}, {"timeout":10000,"disableResponse":false,"disableRecovery":false,"disableDefaultResponse":true,"direction":0,"reservedBits":0,"transactionSequenceNumber":110,"writeUndiv":false})
[2026-09-13 15:13:50] debug: 	zh:ember: ~~~> [ZCL to=0x94b216fffef3cf25:3595 apsFrame={"profileId":260,"clusterId":61184,"sourceEndpoint":1,"destinationEndpoint":1,"options":4352,"groupId":0,"sequence":0} header={"frameControl":{"reservedBits":0,"frameType":0,"direction":0,"disableDefaultResponse":true,"manufacturerSpecific":false},"transactionSequenceNumber":110,"commandIdentifier":11}]
[2026-09-13 15:13:50] debug: 	zh:ember:ezsp: ===> [FRAME: ID=52:"SEND_UNICAST" Seq=8 Len=26]
[2026-09-13 15:13:50] debug: 	zh:ember:uart:ash: ---> [FRAME type=DATA frmTx=0 frmRx=7](ackRx=0)
[2026-09-13 15:13:50] debug: 	z2m: Received Zigbee message from 'Nivelagua', type 'commandDataReport', cluster 'manuSpecificTuya', data '{"dpValues":[{"data":{"data":[2],"type":"Buffer"},"datatype":4,"dp":1}],"seq":48128}' from endpoint 1 with groupID 0
[2026-09-13 15:13:50] info: 	z2m:mqtt: MQTT publish: topic 'zigbee2mqtt/Nivelagua', payload '{"installation_height":0.75,"linkquality":136,"liquid_depth":0.38,"liquid_depth_max":0.28,"liquid_level_percent":81,"liquid_state":"high","max_set":80,"min_set":25}'
[2026-09-13 15:13:50] debug: 	zh:ember:uart:ash: <--- [FRAME type=DATA]
[2026-09-13 15:13:50] debug: 	zh:ember:uart:ash: <--- [FRAME type=DATA ackNum=1](ackRx=0 frmTx=1)
[2026-09-13 15:13:50] debug: 	zh:ember:uart:ash: <--- [FRAME type=DATA ackNum=1 frmNum=7](frmRx=7) Added to rxQueue
[2026-09-13 15:13:50] debug: 	zh:ember:uart:ash: ---> [FRAME type=ACK frmRx=0](ackRx=1)
[2026-09-13 15:13:50] debug: 	zh:ember:ezsp: <=== [FRAME: ID=52:"SEND_UNICAST" Seq=8 Len=7]
[2026-09-13 15:13:50] debug: 	zh:ember:ezsp: ~~~> [SENT type=DIRECT apsSequence=41 messageTag=103 status=OK]
[2026-09-13 15:13:50] debug: 	zh:ember:uart:ash: <--- [FRAME type=DATA]
[2026-09-13 15:13:50] debug: 	zh:ember:uart:ash: <--- [FRAME type=DATA ackNum=1](ackRx=1 frmTx=1)
[2026-09-13 15:13:50] debug: 	zh:ember:uart:ash: <--- [FRAME type=DATA ackNum=1 frmNum=0](frmRx=0) Added to rxQueue
[2026-09-13 15:13:50] debug: 	zh:ember:uart:ash: ---> [FRAME type=ACK frmRx=1](ackRx=1)
[2026-09-13 15:13:50] debug: 	zh:ember:ezsp: <=== [CBFRAME: ID=63:"MESSAGE_SENT_HANDLER" Seq=8 Len=22]
[2026-09-13 15:13:50] debug: 	zh:ember:ezsp: ezspMessageSentHandler: status=OK type=DIRECT indexOrDestination=3595 apsFrame={"profileId":260,"clusterId":61184,"sourceEndpoint":1,"destinationEndpoint":1,"options":4352,"groupId":0,"sequence":41} messageTag=103
[2026-09-13 15:13:50] debug: 	zh:ember:uart:ash: <--- [FRAME type=DATA]
[2026-09-13 15:13:50] debug: 	zh:ember:uart:ash: <--- [FRAME type=DATA ackNum=1](ackRx=1 frmTx=1)
[2026-09-13 15:13:50] debug: 	zh:ember:uart:ash: <--- [FRAME type=DATA ackNum=1 frmNum=1](frmRx=1) Added to rxQueue
[2026-09-13 15:13:50] debug: 	zh:ember:uart:ash: ---> [FRAME type=ACK frmRx=2](ackRx=1)
[2026-09-13 15:13:50] debug: 	zh:ember:ezsp: <=== [CBFRAME: ID=69:"INCOMING_MESSAGE_HANDLER" Seq=8 Len=38]
[2026-09-13 15:13:50] debug: 	zh:ember:ezsp: ezspIncomingMessageHandler: type=UNICAST apsFrame={"profileId":260,"clusterId":61184,"sourceEndpoint":1,"destinationEndpoint":1,"options":256,"groupId":0,"sequence":115} packetInfo:{"senderShortId":3595,"senderLongId":"0xffffffffffffffff","bindingIndex":255,"addressIndex":255,"lastHopLqi":136,"lastHopRssi":-66,"lastHopTimestamp":0} messageContents=096f0200bd0202000400000026
[2026-09-13 15:13:50] debug: 	zh:controller: Received payload: clusterID=61184, address=3595, groupID=0, endpoint=1, destinationEndpoint=1, wasBroadcast=false, linkQuality=136, frame={"header":{"frameControl":{"frameType":1,"manufacturerSpecific":false,"direction":1,"disableDefaultResponse":false,"reservedBits":0},"transactionSequenceNumber":111,"commandIdentifier":2},"payload":{"seq":48384,"dpValues":[{"dp":2,"datatype":2,"data":{"type":"Buffer","data":[0,0,0,38]}}]},"command":{"name":"dataReport","ID":2,"parameters":[{"name":"seq","type":33,"max":65535},{"name":"dpValues","type":1011}]}}
[2026-09-13 15:13:50] debug: 	zh:controller:endpoint: ZCL command 0x94b216fffef3cf25/1 manuSpecificTuya.defaultRsp({"cmdId":2,"statusCode":0}, {"timeout":10000,"disableResponse":false,"disableRecovery":false,"disableDefaultResponse":true,"direction":0,"reservedBits":0,"transactionSequenceNumber":111,"writeUndiv":false})
[2026-09-13 15:13:50] debug: 	zh:ember: ~~~> [ZCL to=0x94b216fffef3cf25:3595 apsFrame={"profileId":260,"clusterId":61184,"sourceEndpoint":1,"destinationEndpoint":1,"options":4352,"groupId":0,"sequence":0} header={"frameControl":{"reservedBits":0,"frameType":0,"direction":0,"disableDefaultResponse":true,"manufacturerSpecific":false},"transactionSequenceNumber":111,"commandIdentifier":11}]
[2026-09-13 15:13:50] debug: 	zh:ember:ezsp: ===> [FRAME: ID=52:"SEND_UNICAST" Seq=9 Len=26]
[2026-09-13 15:13:50] debug: 	zh:ember:uart:ash: ---> [FRAME type=DATA frmTx=1 frmRx=2](ackRx=1)
[2026-09-13 15:13:50] debug: 	z2m: Received Zigbee message from 'Nivelagua', type 'commandDataReport', cluster 'manuSpecificTuya', data '{"dpValues":[{"data":{"data":[0,0,0,38],"type":"Buffer"},"datatype":2,"dp":2}],"seq":48384}' from endpoint 1 with groupID 0
[2026-09-13 15:13:50] info: 	z2m:mqtt: MQTT publish: topic 'zigbee2mqtt/Nivelagua', payload '{"installation_height":0.75,"linkquality":136,"liquid_depth":0.38,"liquid_depth_max":0.28,"liquid_level_percent":81,"liquid_state":"high","max_set":80,"min_set":25}'
[2026-09-13 15:13:50] debug: 	zh:ember:uart:ash: <--- [FRAME type=DATA]
[2026-09-13 15:13:50] debug: 	zh:ember:uart:ash: <--- [FRAME type=DATA ackNum=2](ackRx=1 frmTx=2)
[2026-09-13 15:13:50] debug: 	zh:ember:uart:ash: <--- [FRAME type=DATA ackNum=2 frmNum=2](frmRx=2) Added to rxQueue
[2026-09-13 15:13:50] debug: 	zh:ember:uart:ash: ---> [FRAME type=ACK frmRx=3](ackRx=2)
[2026-09-13 15:13:50] debug: 	zh:ember:ezsp: <=== [FRAME: ID=52:"SEND_UNICAST" Seq=9 Len=7]
[2026-09-13 15:13:50] debug: 	zh:ember:ezsp: ~~~> [SENT type=DIRECT apsSequence=42 messageTag=104 status=OK]
[2026-09-13 15:13:50] debug: 	zh:ember:uart:ash: <--- [FRAME type=DATA]
[2026-09-13 15:13:50] debug: 	zh:ember:uart:ash: <--- [FRAME type=DATA ackNum=2](ackRx=2 frmTx=2)
[2026-09-13 15:13:50] debug: 	zh:ember:uart:ash: <--- [FRAME type=DATA ackNum=2 frmNum=3](frmRx=3) Added to rxQueue
[2026-09-13 15:13:50] debug: 	zh:ember:uart:ash: ---> [FRAME type=ACK frmRx=4](ackRx=2)
[2026-09-13 15:13:50] debug: 	zh:ember:ezsp: <=== [CBFRAME: ID=63:"MESSAGE_SENT_HANDLER" Seq=9 Len=22]
[2026-09-13 15:13:50] debug: 	zh:ember:ezsp: ezspMessageSentHandler: status=OK type=DIRECT indexOrDestination=3595 apsFrame={"profileId":260,"clusterId":61184,"sourceEndpoint":1,"destinationEndpoint":1,"options":4352,"groupId":0,"sequence":42} messageTag=104
[2026-09-13 15:13:51] debug: 	zh:ember:uart:ash: <--- [FRAME type=DATA]
[2026-09-13 15:13:51] debug: 	zh:ember:uart:ash: <--- [FRAME type=DATA ackNum=2](ackRx=2 frmTx=2)
[2026-09-13 15:13:51] debug: 	zh:ember:uart:ash: <--- [FRAME type=DATA ackNum=2 frmNum=4](frmRx=4) Added to rxQueue
[2026-09-13 15:13:51] debug: 	zh:ember:uart:ash: ---> [FRAME type=ACK frmRx=5](ackRx=2)
[2026-09-13 15:13:51] debug: 	zh:ember:ezsp: <=== [CBFRAME: ID=69:"INCOMING_MESSAGE_HANDLER" Seq=9 Len=38]
[2026-09-13 15:13:51] debug: 	zh:ember:ezsp: ezspIncomingMessageHandler: type=UNICAST apsFrame={"profileId":260,"clusterId":61184,"sourceEndpoint":1,"destinationEndpoint":1,"options":256,"groupId":0,"sequence":116} packetInfo:{"senderShortId":3595,"senderLongId":"0xffffffffffffffff","bindingIndex":255,"addressIndex":255,"lastHopLqi":136,"lastHopRssi":-66,"lastHopTimestamp":0} messageContents=09700200be1602000400000051
[2026-09-13 15:13:51] debug: 	zh:controller: Received payload: clusterID=61184, address=3595, groupID=0, endpoint=1, destinationEndpoint=1, wasBroadcast=false, linkQuality=136, frame={"header":{"frameControl":{"frameType":1,"manufacturerSpecific":false,"direction":1,"disableDefaultResponse":false,"reservedBits":0},"transactionSequenceNumber":112,"commandIdentifier":2},"payload":{"seq":48640,"dpValues":[{"dp":22,"datatype":2,"data":{"type":"Buffer","data":[0,0,0,81]}}]},"command":{"name":"dataReport","ID":2,"parameters":[{"name":"seq","type":33,"max":65535},{"name":"dpValues","type":1011}]}}
[2026-09-13 15:13:51] debug: 	zh:controller:endpoint: ZCL command 0x94b216fffef3cf25/1 manuSpecificTuya.defaultRsp({"cmdId":2,"statusCode":0}, {"timeout":10000,"disableResponse":false,"disableRecovery":false,"disableDefaultResponse":true,"direction":0,"reservedBits":0,"transactionSequenceNumber":112,"writeUndiv":false})
[2026-09-13 15:13:51] debug: 	zh:ember: ~~~> [ZCL to=0x94b216fffef3cf25:3595 apsFrame={"profileId":260,"clusterId":61184,"sourceEndpoint":1,"destinationEndpoint":1,"options":4352,"groupId":0,"sequence":0} header={"frameControl":{"reservedBits":0,"frameType":0,"direction":0,"disableDefaultResponse":true,"manufacturerSpecific":false},"transactionSequenceNumber":112,"commandIdentifier":11}]
[2026-09-13 15:13:51] debug: 	zh:ember:ezsp: ===> [FRAME: ID=52:"SEND_UNICAST" Seq=10 Len=26]
[2026-09-13 15:13:51] debug: 	zh:ember:uart:ash: ---> [FRAME type=DATA frmTx=2 frmRx=5](ackRx=2)
[2026-09-13 15:13:51] debug: 	z2m: Received Zigbee message from 'Nivelagua', type 'commandDataReport', cluster 'manuSpecificTuya', data '{"dpValues":[{"data":{"data":[0,0,0,81],"type":"Buffer"},"datatype":2,"dp":22}],"seq":48640}' from endpoint 1 with groupID 0
[2026-09-13 15:13:51] info: 	z2m:mqtt: MQTT publish: topic 'zigbee2mqtt/Nivelagua', payload '{"installation_height":0.75,"linkquality":136,"liquid_depth":0.38,"liquid_depth_max":0.28,"liquid_level_percent":81,"liquid_state":"high","max_set":80,"min_set":25}'
[2026-09-13 15:13:51] debug: 	zh:ember:uart:ash: <--- [FRAME type=DATA]
[2026-09-13 15:13:51] debug: 	zh:ember:uart:ash: <--- [FRAME type=DATA ackNum=3](ackRx=2 frmTx=3)
[2026-09-13 15:13:51] debug: 	zh:ember:uart:ash: <--- [FRAME type=DATA ackNum=3 frmNum=5](frmRx=5) Added to rxQueue
[2026-09-13 15:13:51] debug: 	zh:ember:uart:ash: ---> [FRAME type=ACK frmRx=6](ackRx=3)
[2026-09-13 15:13:51] debug: 	zh:ember:ezsp: <=== [FRAME: ID=52:"SEND_UNICAST" Seq=10 Len=7]
[2026-09-13 15:13:51] debug: 	zh:ember:ezsp: ~~~> [SENT type=DIRECT apsSequence=43 messageTag=105 status=OK]
[2026-09-13 15:13:51] debug: 	zh:ember:uart:ash: <--- [FRAME type=DATA]
[2026-09-13 15:13:51] debug: 	zh:ember:uart:ash: <--- [FRAME type=DATA ackNum=3](ackRx=3 frmTx=3)
[2026-09-13 15:13:51] debug: 	zh:ember:uart:ash: <--- [FRAME type=DATA ackNum=3 frmNum=6](frmRx=6) Added to rxQueue
[2026-09-13 15:13:51] debug: 	zh:ember:uart:ash: ---> [FRAME type=ACK frmRx=7](ackRx=3)
[2026-09-13 15:13:51] debug: 	zh:ember:ezsp: <=== [CBFRAME: ID=63:"MESSAGE_SENT_HANDLER" Seq=10 Len=22]
[2026-09-13 15:13:51] debug: 	zh:ember:ezsp: ezspMessageSentHandler: status=OK type=DIRECT indexOrDestination=3595 apsFrame={"profileId":260,"clusterId":61184,"sourceEndpoint":1,"destinationEndpoint":1,"options":4352,"groupId":0,"sequence":43} messageTag=105
[2026-09-13 15:13:51] debug: 	zh:ember:uart:ash: <--- [FRAME type=DATA]
[2026-09-13 15:13:51] debug: 	zh:ember:uart:ash: <--- [FRAME type=DATA ackNum=3](ackRx=3 frmTx=3)
[2026-09-13 15:13:51] debug: 	zh:ember:uart:ash: <--- [FRAME type=DATA ackNum=3 frmNum=7](frmRx=7) Added to rxQueue
[2026-09-13 15:13:51] debug: 	zh:ember:uart:ash: ---> [FRAME type=ACK frmRx=0](ackRx=3)
[2026-09-13 15:13:51] debug: 	zh:ember:ezsp: <=== [CBFRAME: ID=69:"INCOMING_MESSAGE_HANDLER" Seq=10 Len=35]
[2026-09-13 15:13:51] debug: 	zh:ember:ezsp: ezspIncomingMessageHandler: type=UNICAST apsFrame={"profileId":260,"clusterId":61184,"sourceEndpoint":1,"destinationEndpoint":1,"options":256,"groupId":0,"sequence":117} packetInfo:{"senderShortId":3595,"senderLongId":"0xffffffffffffffff","bindingIndex":255,"addressIndex":255,"lastHopLqi":136,"lastHopRssi":-66,"lastHopTimestamp":0} messageContents=09710200bf0104000102
[2026-09-13 15:13:51] debug: 	zh:controller: Received payload: clusterID=61184, address=3595, groupID=0, endpoint=1, destinationEndpoint=1, wasBroadcast=false, linkQuality=136, frame={"header":{"frameControl":{"frameType":1,"manufacturerSpecific":false,"direction":1,"disableDefaultResponse":false,"reservedBits":0},"transactionSequenceNumber":113,"commandIdentifier":2},"payload":{"seq":48896,"dpValues":[{"dp":1,"datatype":4,"data":{"type":"Buffer","data":[2]}}]},"command":{"name":"dataReport","ID":2,"parameters":[{"name":"seq","type":33,"max":65535},{"name":"dpValues","type":1011}]}}
[2026-09-13 15:13:51] debug: 	zh:controller:endpoint: ZCL command 0x94b216fffef3cf25/1 manuSpecificTuya.defaultRsp({"cmdId":2,"statusCode":0}, {"timeout":10000,"disableResponse":false,"disableRecovery":false,"disableDefaultResponse":true,"direction":0,"reservedBits":0,"transactionSequenceNumber":113,"writeUndiv":false})
[2026-09-13 15:13:51] debug: 	zh:ember: ~~~> [ZCL to=0x94b216fffef3cf25:3595 apsFrame={"profileId":260,"clusterId":61184,"sourceEndpoint":1,"destinationEndpoint":1,"options":4352,"groupId":0,"sequence":0} header={"frameControl":{"reservedBits":0,"frameType":0,"direction":0,"disableDefaultResponse":true,"manufacturerSpecific":false},"transactionSequenceNumber":113,"commandIdentifier":11}]
[2026-09-13 15:13:51] debug: 	zh:ember:ezsp: ===> [FRAME: ID=52:"SEND_UNICAST" Seq=11 Len=26]
[2026-09-13 15:13:51] debug: 	zh:ember:uart:ash: ---> [FRAME type=DATA frmTx=3 frmRx=0](ackRx=3)
[2026-09-13 15:13:51] debug: 	z2m: Received Zigbee message from 'Nivelagua', type 'commandDataReport', cluster 'manuSpecificTuya', data '{"dpValues":[{"data":{"data":[2],"type":"Buffer"},"datatype":4,"dp":1}],"seq":48896}' from endpoint 1 with groupID 0
[2026-09-13 15:13:51] info: 	z2m:mqtt: MQTT publish: topic 'zigbee2mqtt/Nivelagua', payload '{"installation_height":0.75,"linkquality":136,"liquid_depth":0.38,"liquid_depth_max":0.28,"liquid_level_percent":81,"liquid_state":"high","max_set":80,"min_set":25}'
[2026-09-13 15:13:51] debug: 	zh:ember:uart:ash: <--- [FRAME type=DATA]
[2026-09-13 15:13:51] debug: 	zh:ember:uart:ash: <--- [FRAME type=DATA ackNum=4](ackRx=3 frmTx=4)
[2026-09-13 15:13:51] debug: 	zh:ember:uart:ash: <--- [FRAME type=DATA ackNum=4 frmNum=0](frmRx=0) Added to rxQueue
[2026-09-13 15:13:51] debug: 	zh:ember:uart:ash: ---> [FRAME type=ACK frmRx=1](ackRx=4)
[2026-09-13 15:13:51] debug: 	zh:ember:ezsp: <=== [FRAME: ID=52:"SEND_UNICAST" Seq=11 Len=7]
[2026-09-13 15:13:51] debug: 	zh:ember:ezsp: ~~~> [SENT type=DIRECT apsSequence=44 messageTag=106 status=OK]
[2026-09-13 15:13:51] debug: 	zh:ember:uart:ash: <--- [FRAME type=DATA]
[2026-09-13 15:13:51] debug: 	zh:ember:uart:ash: <--- [FRAME type=DATA ackNum=4](ackRx=4 frmTx=4)
[2026-09-13 15:13:51] debug: 	zh:ember:uart:ash: <--- [FRAME type=DATA ackNum=4 frmNum=1](frmRx=1) Added to rxQueue
[2026-09-13 15:13:51] debug: 	zh:ember:uart:ash: ---> [FRAME type=ACK frmRx=2](ackRx=4)
[2026-09-13 15:13:51] debug: 	zh:ember:ezsp: <=== [CBFRAME: ID=63:"MESSAGE_SENT_HANDLER" Seq=11 Len=22]
[2026-09-13 15:13:51] debug: 	zh:ember:ezsp: ezspMessageSentHandler: status=OK type=DIRECT indexOrDestination=3595 apsFrame={"profileId":260,"clusterId":61184,"sourceEndpoint":1,"destinationEndpoint":1,"options":4352,"groupId":0,"sequence":44} messageTag=106
[2026-09-13 15:13:52] debug: 	zh:ember:uart:ash: <--- [FRAME type=DATA]
[2026-09-13 15:13:52] debug: 	zh:ember:uart:ash: <--- [FRAME type=DATA ackNum=4](ackRx=4 frmTx=4)
[2026-09-13 15:13:52] debug: 	zh:ember:uart:ash: <--- [FRAME type=DATA ackNum=4 frmNum=2](frmRx=2) Added to rxQueue
[2026-09-13 15:13:52] debug: 	zh:ember:uart:ash: ---> [FRAME type=ACK frmRx=3](ackRx=4)
[2026-09-13 15:13:52] debug: 	zh:ember:ezsp: <=== [CBFRAME: ID=69:"INCOMING_MESSAGE_HANDLER" Seq=11 Len=38]
[2026-09-13 15:13:52] debug: 	zh:ember:ezsp: ezspIncomingMessageHandler: type=UNICAST apsFrame={"profileId":260,"clusterId":61184,"sourceEndpoint":1,"destinationEndpoint":1,"options":256,"groupId":0,"sequence":118} packetInfo:{"senderShortId":3595,"senderLongId":"0xffffffffffffffff","bindingIndex":255,"addressIndex":255,"lastHopLqi":136,"lastHopRssi":-66,"lastHopTimestamp":0} messageContents=09720200c00202000400000026
[2026-09-13 15:13:52] debug: 	zh:controller: Received payload: clusterID=61184, address=3595, groupID=0, endpoint=1, destinationEndpoint=1, wasBroadcast=false, linkQuality=136, frame={"header":{"frameControl":{"frameType":1,"manufacturerSpecific":false,"direction":1,"disableDefaultResponse":false,"reservedBits":0},"transactionSequenceNumber":114,"commandIdentifier":2},"payload":{"seq":49152,"dpValues":[{"dp":2,"datatype":2,"data":{"type":"Buffer","data":[0,0,0,38]}}]},"command":{"name":"dataReport","ID":2,"parameters":[{"name":"seq","type":33,"max":65535},{"name":"dpValues","type":1011}]}}
[2026-09-13 15:13:52] debug: 	zh:controller:endpoint: ZCL command 0x94b216fffef3cf25/1 manuSpecificTuya.defaultRsp({"cmdId":2,"statusCode":0}, {"timeout":10000,"disableResponse":false,"disableRecovery":false,"disableDefaultResponse":true,"direction":0,"reservedBits":0,"transactionSequenceNumber":114,"writeUndiv":false})
[2026-09-13 15:13:52] debug: 	zh:ember: ~~~> [ZCL to=0x94b216fffef3cf25:3595 apsFrame={"profileId":260,"clusterId":61184,"sourceEndpoint":1,"destinationEndpoint":1,"options":4352,"groupId":0,"sequence":0} header={"frameControl":{"reservedBits":0,"frameType":0,"direction":0,"disableDefaultResponse":true,"manufacturerSpecific":false},"transactionSequenceNumber":114,"commandIdentifier":11}]
[2026-09-13 15:13:52] debug: 	zh:ember:ezsp: ===> [FRAME: ID=52:"SEND_UNICAST" Seq=12 Len=26]
[2026-09-13 15:13:52] debug: 	zh:ember:uart:ash: ---> [FRAME type=DATA frmTx=4 frmRx=3](ackRx=4)
[2026-09-13 15:13:52] debug: 	z2m: Received Zigbee message from 'Nivelagua', type 'commandDataReport', cluster 'manuSpecificTuya', data '{"dpValues":[{"data":{"data":[0,0,0,38],"type":"Buffer"},"datatype":2,"dp":2}],"seq":49152}' from endpoint 1 with groupID 0
[2026-09-13 15:13:52] info: 	z2m:mqtt: MQTT publish: topic 'zigbee2mqtt/Nivelagua', payload '{"installation_height":0.75,"linkquality":136,"liquid_depth":0.38,"liquid_depth_max":0.28,"liquid_level_percent":81,"liquid_state":"high","max_set":80,"min_set":25}'
[2026-09-13 15:13:52] debug: 	zh:ember:uart:ash: <--- [FRAME type=DATA]
[2026-09-13 15:13:52] debug: 	zh:ember:uart:ash: <--- [FRAME type=DATA ackNum=5](ackRx=4 frmTx=5)
[2026-09-13 15:13:52] debug: 	zh:ember:uart:ash: <--- [FRAME type=DATA ackNum=5 frmNum=3](frmRx=3) Added to rxQueue
[2026-09-13 15:13:52] debug: 	zh:ember:uart:ash: ---> [FRAME type=ACK frmRx=4](ackRx=5)
[2026-09-13 15:13:52] debug: 	zh:ember:ezsp: <=== [FRAME: ID=52:"SEND_UNICAST" Seq=12 Len=7]
[2026-09-13 15:13:52] debug: 	zh:ember:ezsp: ~~~> [SENT type=DIRECT apsSequence=45 messageTag=107 status=OK]
[2026-09-13 15:13:52] debug: 	zh:ember:uart:ash: <--- [FRAME type=DATA]
[2026-09-13 15:13:52] debug: 	zh:ember:uart:ash: <--- [FRAME type=DATA ackNum=5](ackRx=5 frmTx=5)
[2026-09-13 15:13:52] debug: 	zh:ember:uart:ash: <--- [FRAME type=DATA ackNum=5 frmNum=4](frmRx=4) Added to rxQueue
[2026-09-13 15:13:52] debug: 	zh:ember:uart:ash: ---> [FRAME type=ACK frmRx=5](ackRx=5)
[2026-09-13 15:13:52] debug: 	zh:ember:ezsp: <=== [CBFRAME: ID=63:"MESSAGE_SENT_HANDLER" Seq=12 Len=22]
[2026-09-13 15:13:52] debug: 	zh:ember:ezsp: ezspMessageSentHandler: status=OK type=DIRECT indexOrDestination=3595 apsFrame={"profileId":260,"clusterId":61184,"sourceEndpoint":1,"destinationEndpoint":1,"options":4352,"groupId":0,"sequence":45} messageTag=107
[2026-09-13 15:13:52] debug: 	zh:ember:uart:ash: <--- [FRAME type=DATA]
[2026-09-13 15:13:52] debug: 	zh:ember:uart:ash: <--- [FRAME type=DATA ackNum=5](ackRx=5 frmTx=5)
[2026-09-13 15:13:52] debug: 	zh:ember:uart:ash: <--- [FRAME type=DATA ackNum=5 frmNum=5](frmRx=5) Added to rxQueue
[2026-09-13 15:13:52] debug: 	zh:ember:uart:ash: ---> [FRAME type=ACK frmRx=6](ackRx=5)
[2026-09-13 15:13:52] debug: 	zh:ember:ezsp: <=== [CBFRAME: ID=69:"INCOMING_MESSAGE_HANDLER" Seq=12 Len=38]
[2026-09-13 15:13:52] debug: 	zh:ember:ezsp: ezspIncomingMessageHandler: type=UNICAST apsFrame={"profileId":260,"clusterId":61184,"sourceEndpoint":1,"destinationEndpoint":1,"options":256,"groupId":0,"sequence":119} packetInfo:{"senderShortId":3595,"senderLongId":"0xffffffffffffffff","bindingIndex":255,"addressIndex":255,"lastHopLqi":136,"lastHopRssi":-66,"lastHopTimestamp":0} messageContents=09730200c11602000400000051
[2026-09-13 15:13:52] debug: 	zh:controller: Received payload: clusterID=61184, address=3595, groupID=0, endpoint=1, destinationEndpoint=1, wasBroadcast=false, linkQuality=136, frame={"header":{"frameControl":{"frameType":1,"manufacturerSpecific":false,"direction":1,"disableDefaultResponse":false,"reservedBits":0},"transactionSequenceNumber":115,"commandIdentifier":2},"payload":{"seq":49408,"dpValues":[{"dp":22,"datatype":2,"data":{"type":"Buffer","data":[0,0,0,81]}}]},"command":{"name":"dataReport","ID":2,"parameters":[{"name":"seq","type":33,"max":65535},{"name":"dpValues","type":1011}]}}
[2026-09-13 15:13:52] debug: 	zh:controller:endpoint: ZCL command 0x94b216fffef3cf25/1 manuSpecificTuya.defaultRsp({"cmdId":2,"statusCode":0}, {"timeout":10000,"disableResponse":false,"disableRecovery":false,"disableDefaultResponse":true,"direction":0,"reservedBits":0,"transactionSequenceNumber":115,"writeUndiv":false})
[2026-09-13 15:13:52] debug: 	zh:ember: ~~~> [ZCL to=0x94b216fffef3cf25:3595 apsFrame={"profileId":260,"clusterId":61184,"sourceEndpoint":1,"destinationEndpoint":1,"options":4352,"groupId":0,"sequence":0} header={"frameControl":{"reservedBits":0,"frameType":0,"direction":0,"disableDefaultResponse":true,"manufacturerSpecific":false},"transactionSequenceNumber":115,"commandIdentifier":11}]
[2026-09-13 15:13:52] debug: 	zh:ember:ezsp: ===> [FRAME: ID=52:"SEND_UNICAST" Seq=13 Len=26]
[2026-09-13 15:13:52] debug: 	zh:ember:uart:ash: ---> [FRAME type=DATA frmTx=5 frmRx=6](ackRx=5)
[2026-09-13 15:13:52] debug: 	z2m: Received Zigbee message from 'Nivelagua', type 'commandDataReport', cluster 'manuSpecificTuya', data '{"dpValues":[{"data":{"data":[0,0,0,81],"type":"Buffer"},"datatype":2,"dp":22}],"seq":49408}' from endpoint 1 with groupID 0
[2026-09-13 15:13:52] info: 	z2m:mqtt: MQTT publish: topic 'zigbee2mqtt/Nivelagua', payload '{"installation_height":0.75,"linkquality":136,"liquid_depth":0.38,"liquid_depth_max":0.28,"liquid_level_percent":81,"liquid_state":"high","max_set":80,"min_set":25}'
[2026-09-13 15:13:52] debug: 	zh:ember:uart:ash: <--- [FRAME type=DATA]
[2026-09-13 15:13:52] debug: 	zh:ember:uart:ash: <--- [FRAME type=DATA ackNum=6](ackRx=5 frmTx=6)
[2026-09-13 15:13:52] debug: 	zh:ember:uart:ash: <--- [FRAME type=DATA ackNum=6 frmNum=6](frmRx=6) Added to rxQueue
[2026-09-13 15:13:52] debug: 	zh:ember:uart:ash: ---> [FRAME type=ACK frmRx=7](ackRx=6)
[2026-09-13 15:13:52] debug: 	zh:ember:ezsp: <=== [FRAME: ID=52:"SEND_UNICAST" Seq=13 Len=7]
[2026-09-13 15:13:52] debug: 	zh:ember:ezsp: ~~~> [SENT type=DIRECT apsSequence=46 messageTag=108 status=OK]
[2026-09-13 15:13:52] debug: 	zh:ember:uart:ash: <--- [FRAME type=DATA]
[2026-09-13 15:13:52] debug: 	zh:ember:uart:ash: <--- [FRAME type=DATA ackNum=6](ackRx=6 frmTx=6)
[2026-09-13 15:13:52] debug: 	zh:ember:uart:ash: <--- [FRAME type=DATA ackNum=6 frmNum=7](frmRx=7) Added to rxQueue
[2026-09-13 15:13:52] debug: 	zh:ember:uart:ash: ---> [FRAME type=ACK frmRx=0](ackRx=6)
[2026-09-13 15:13:52] debug: 	zh:ember:ezsp: <=== [CBFRAME: ID=63:"MESSAGE_SENT_HANDLER" Seq=13 Len=22]
[2026-09-13 15:13:52] debug: 	zh:ember:ezsp: ezspMessageSentHandler: status=OK type=DIRECT indexOrDestination=3595 apsFrame={"profileId":260,"clusterId":61184,"sourceEndpoint":1,"destinationEndpoint":1,"options":4352,"groupId":0,"sequence":46} messageTag=108
[2026-09-13 15:13:52] debug: 	zh:ember:uart:ash: <--- [FRAME type=DATA]
[2026-09-13 15:13:52] debug: 	zh:ember:uart:ash: <--- [FRAME type=DATA ackNum=6](ackRx=6 frmTx=6)
[2026-09-13 15:13:52] debug: 	zh:ember:uart:ash: <--- [FRAME type=DATA ackNum=6 frmNum=0](frmRx=0) Added to rxQueue
[2026-09-13 15:13:52] debug: 	zh:ember:uart:ash: ---> [FRAME type=ACK frmRx=1](ackRx=6)
[2026-09-13 15:13:52] debug: 	zh:ember:ezsp: <=== [CBFRAME: ID=69:"INCOMING_MESSAGE_HANDLER" Seq=13 Len=35]
[2026-09-13 15:13:52] debug: 	zh:ember:ezsp: ezspIncomingMessageHandler: type=UNICAST apsFrame={"profileId":260,"clusterId":61184,"sourceEndpoint":1,"destinationEndpoint":1,"options":256,"groupId":0,"sequence":120} packetInfo:{"senderShortId":3595,"senderLongId":"0xffffffffffffffff","bindingIndex":255,"addressIndex":255,"lastHopLqi":136,"lastHopRssi":-66,"lastHopTimestamp":0} messageContents=09740200c20104000102
[2026-09-13 15:13:52] debug: 	zh:controller: Received payload: clusterID=61184, address=3595, groupID=0, endpoint=1, destinationEndpoint=1, wasBroadcast=false, linkQuality=136, frame={"header":{"frameControl":{"frameType":1,"manufacturerSpecific":false,"direction":1,"disableDefaultResponse":false,"reservedBits":0},"transactionSequenceNumber":116,"commandIdentifier":2},"payload":{"seq":49664,"dpValues":[{"dp":1,"datatype":4,"data":{"type":"Buffer","data":[2]}}]},"command":{"name":"dataReport","ID":2,"parameters":[{"name":"seq","type":33,"max":65535},{"name":"dpValues","type":1011}]}}
[2026-09-13 15:13:52] debug: 	zh:controller:endpoint: ZCL command 0x94b216fffef3cf25/1 manuSpecificTuya.defaultRsp({"cmdId":2,"statusCode":0}, {"timeout":10000,"disableResponse":false,"disableRecovery":false,"disableDefaultResponse":true,"direction":0,"reservedBits":0,"transactionSequenceNumber":116,"writeUndiv":false})
[2026-09-13 15:13:52] debug: 	zh:ember: ~~~> [ZCL to=0x94b216fffef3cf25:3595 apsFrame={"profileId":260,"clusterId":61184,"sourceEndpoint":1,"destinationEndpoint":1,"options":4352,"groupId":0,"sequence":0} header={"frameControl":{"reservedBits":0,"frameType":0,"direction":0,"disableDefaultResponse":true,"manufacturerSpecific":false},"transactionSequenceNumber":116,"commandIdentifier":11}]
[2026-09-13 15:13:52] debug: 	zh:ember:ezsp: ===> [FRAME: ID=52:"SEND_UNICAST" Seq=14 Len=26]
[2026-09-13 15:13:52] debug: 	zh:ember:uart:ash: ---> [FRAME type=DATA frmTx=6 frmRx=1](ackRx=6)
[2026-09-13 15:13:52] debug: 	z2m: Received Zigbee message from 'Nivelagua', type 'commandDataReport', cluster 'manuSpecificTuya', data '{"dpValues":[{"data":{"data":[2],"type":"Buffer"},"datatype":4,"dp":1}],"seq":49664}' from endpoint 1 with groupID 0
[2026-09-13 15:13:52] info: 	z2m:mqtt: MQTT publish: topic 'zigbee2mqtt/Nivelagua', payload '{"installation_height":0.75,"linkquality":136,"liquid_depth":0.38,"liquid_depth_max":0.28,"liquid_level_percent":81,"liquid_state":"high","max_set":80,"min_set":25}'
[2026-09-13 15:13:52] debug: 	zh:ember:uart:ash: <--- [FRAME type=DATA]
[2026-09-13 15:13:52] debug: 	zh:ember:uart:ash: <--- [FRAME type=DATA ackNum=7](ackRx=6 frmTx=7)
[2026-09-13 15:13:52] debug: 	zh:ember:uart:ash: <--- [FRAME type=DATA ackNum=7 frmNum=1](frmRx=1) Added to rxQueue
[2026-09-13 15:13:52] debug: 	zh:ember:uart:ash: ---> [FRAME type=ACK frmRx=2](ackRx=7)
[2026-09-13 15:13:52] debug: 	zh:ember:ezsp: <=== [FRAME: ID=52:"SEND_UNICAST" Seq=14 Len=7]
[2026-09-13 15:13:52] debug: 	zh:ember:ezsp: ~~~> [SENT type=DIRECT apsSequence=47 messageTag=109 status=OK]
[2026-09-13 15:13:52] debug: 	zh:ember:uart:ash: <--- [FRAME type=DATA]
[2026-09-13 15:13:52] debug: 	zh:ember:uart:ash: <--- [FRAME type=DATA ackNum=7](ackRx=7 frmTx=7)
[2026-09-13 15:13:52] debug: 	zh:ember:uart:ash: <--- [FRAME type=DATA ackNum=7 frmNum=2](frmRx=2) Added to rxQueue
[2026-09-13 15:13:52] debug: 	zh:ember:uart:ash: ---> [FRAME type=ACK frmRx=3](ackRx=7)
[2026-09-13 15:13:52] debug: 	zh:ember:ezsp: <=== [CBFRAME: ID=63:"MESSAGE_SENT_HANDLER" Seq=14 Len=22]
[2026-09-13 15:13:52] debug: 	zh:ember:ezsp: ezspMessageSentHandler: status=OK type=DIRECT indexOrDestination=3595 apsFrame={"profileId":260,"clusterId":61184,"sourceEndpoint":1,"destinationEndpoint":1,"options":4352,"groupId":0,"sequence":47} messageTag=109
[2026-09-13 15:13:53] debug: 	zh:ember:uart:ash: <--- [FRAME type=DATA]
[2026-09-13 15:13:53] debug: 	zh:ember:uart:ash: <--- [FRAME type=DATA ackNum=7](ackRx=7 frmTx=7)
[2026-09-13 15:13:53] debug: 	zh:ember:uart:ash: <--- [FRAME type=DATA ackNum=7 frmNum=3](frmRx=3) Added to rxQueue
[2026-09-13 15:13:53] debug: 	zh:ember:uart:ash: ---> [FRAME type=ACK frmRx=4](ackRx=7)
[2026-09-13 15:13:53] debug: 	zh:ember:ezsp: <=== [CBFRAME: ID=69:"INCOMING_MESSAGE_HANDLER" Seq=14 Len=38]
[2026-09-13 15:13:53] debug: 	zh:ember:ezsp: ezspIncomingMessageHandler: type=UNICAST apsFrame={"profileId":260,"clusterId":61184,"sourceEndpoint":1,"destinationEndpoint":1,"options":256,"groupId":0,"sequence":121} packetInfo:{"senderShortId":3595,"senderLongId":"0xffffffffffffffff","bindingIndex":255,"addressIndex":255,"lastHopLqi":136,"lastHopRssi":-66,"lastHopTimestamp":0} messageContents=09750200c30202000400000026
[2026-09-13 15:13:53] debug: 	zh:controller: Received payload: clusterID=61184, address=3595, groupID=0, endpoint=1, destinationEndpoint=1, wasBroadcast=false, linkQuality=136, frame={"header":{"frameControl":{"frameType":1,"manufacturerSpecific":false,"direction":1,"disableDefaultResponse":false,"reservedBits":0},"transactionSequenceNumber":117,"commandIdentifier":2},"payload":{"seq":49920,"dpValues":[{"dp":2,"datatype":2,"data":{"type":"Buffer","data":[0,0,0,38]}}]},"command":{"name":"dataReport","ID":2,"parameters":[{"name":"seq","type":33,"max":65535},{"name":"dpValues","type":1011}]}}
[2026-09-13 15:13:53] debug: 	zh:controller:endpoint: ZCL command 0x94b216fffef3cf25/1 manuSpecificTuya.defaultRsp({"cmdId":2,"statusCode":0}, {"timeout":10000,"disableResponse":false,"disableRecovery":false,"disableDefaultResponse":true,"direction":0,"reservedBits":0,"transactionSequenceNumber":117,"writeUndiv":false})
[2026-09-13 15:13:53] debug: 	zh:ember: ~~~> [ZCL to=0x94b216fffef3cf25:3595 apsFrame={"profileId":260,"clusterId":61184,"sourceEndpoint":1,"destinationEndpoint":1,"options":4352,"groupId":0,"sequence":0} header={"frameControl":{"reservedBits":0,"frameType":0,"direction":0,"disableDefaultResponse":true,"manufacturerSpecific":false},"transactionSequenceNumber":117,"commandIdentifier":11}]
[2026-09-13 15:13:53] debug: 	zh:ember:ezsp: ===> [FRAME: ID=52:"SEND_UNICAST" Seq=15 Len=26]
[2026-09-13 15:13:53] debug: 	zh:ember:uart:ash: ---> [FRAME type=DATA frmTx=7 frmRx=4](ackRx=7)
[2026-09-13 15:13:53] debug: 	z2m: Received Zigbee message from 'Nivelagua', type 'commandDataReport', cluster 'manuSpecificTuya', data '{"dpValues":[{"data":{"data":[0,0,0,38],"type":"Buffer"},"datatype":2,"dp":2}],"seq":49920}' from endpoint 1 with groupID 0
[2026-09-13 15:13:53] info: 	z2m:mqtt: MQTT publish: topic 'zigbee2mqtt/Nivelagua', payload '{"installation_height":0.75,"linkquality":136,"liquid_depth":0.38,"liquid_depth_max":0.28,"liquid_level_percent":81,"liquid_state":"high","max_set":80,"min_set":25}'
[2026-09-13 15:13:53] debug: 	zh:ember:uart:ash: <--- [FRAME type=DATA]
[2026-09-13 15:13:53] debug: 	zh:ember:uart:ash: <--- [FRAME type=DATA ackNum=0](ackRx=7 frmTx=0)
[2026-09-13 15:13:53] debug: 	zh:ember:uart:ash: <--- [FRAME type=DATA ackNum=0 frmNum=4](frmRx=4) Added to rxQueue
[2026-09-13 15:13:53] debug: 	zh:ember:uart:ash: ---> [FRAME type=ACK frmRx=5](ackRx=0)
[2026-09-13 15:13:53] debug: 	zh:ember:ezsp: <=== [FRAME: ID=52:"SEND_UNICAST" Seq=15 Len=7]
[2026-09-13 15:13:53] debug: 	zh:ember:ezsp: ~~~> [SENT type=DIRECT apsSequence=48 messageTag=110 status=OK]
[2026-09-13 15:13:53] debug: 	zh:ember:uart:ash: <--- [FRAME type=DATA]
[2026-09-13 15:13:53] debug: 	zh:ember:uart:ash: <--- [FRAME type=DATA ackNum=0](ackRx=0 frmTx=0)
[2026-09-13 15:13:53] debug: 	zh:ember:uart:ash: <--- [FRAME type=DATA ackNum=0 frmNum=5](frmRx=5) Added to rxQueue
[2026-09-13 15:13:53] debug: 	zh:ember:uart:ash: ---> [FRAME type=ACK frmRx=6](ackRx=0)
[2026-09-13 15:13:53] debug: 	zh:ember:ezsp: <=== [CBFRAME: ID=63:"MESSAGE_SENT_HANDLER" Seq=15 Len=22]
[2026-09-13 15:13:53] debug: 	zh:ember:ezsp: ezspMessageSentHandler: status=OK type=DIRECT indexOrDestination=3595 apsFrame={"profileId":260,"clusterId":61184,"sourceEndpoint":1,"destinationEndpoint":1,"options":4352,"groupId":0,"sequence":48} messageTag=110
[2026-09-13 15:13:53] debug: 	zh:ember:uart:ash: <--- [FRAME type=DATA]
[2026-09-13 15:13:53] debug: 	zh:ember:uart:ash: <--- [FRAME type=DATA ackNum=0](ackRx=0 frmTx=0)
[2026-09-13 15:13:53] debug: 	zh:ember:uart:ash: <--- [FRAME type=DATA ackNum=0 frmNum=6](frmRx=6) Added to rxQueue
[2026-09-13 15:13:53] debug: 	zh:ember:uart:ash: ---> [FRAME type=ACK frmRx=7](ackRx=0)
[2026-09-13 15:13:53] debug: 	zh:ember:ezsp: <=== [CBFRAME: ID=69:"INCOMING_MESSAGE_HANDLER" Seq=15 Len=38]
[2026-09-13 15:13:53] debug: 	zh:ember:ezsp: ezspIncomingMessageHandler: type=UNICAST apsFrame={"profileId":260,"clusterId":61184,"sourceEndpoint":1,"destinationEndpoint":1,"options":256,"groupId":0,"sequence":122} packetInfo:{"senderShortId":3595,"senderLongId":"0xffffffffffffffff","bindingIndex":255,"addressIndex":255,"lastHopLqi":136,"lastHopRssi":-66,"lastHopTimestamp":0} messageContents=09760200c41602000400000051
[2026-09-13 15:13:53] debug: 	zh:controller: Received payload: clusterID=61184, address=3595, groupID=0, endpoint=1, destinationEndpoint=1, wasBroadcast=false, linkQuality=136, frame={"header":{"frameControl":{"frameType":1,"manufacturerSpecific":false,"direction":1,"disableDefaultResponse":false,"reservedBits":0},"transactionSequenceNumber":118,"commandIdentifier":2},"payload":{"seq":50176,"dpValues":[{"dp":22,"datatype":2,"data":{"type":"Buffer","data":[0,0,0,81]}}]},"command":{"name":"dataReport","ID":2,"parameters":[{"name":"seq","type":33,"max":65535},{"name":"dpValues","type":1011}]}}
[2026-09-13 15:13:53] debug: 	zh:controller:endpoint: ZCL command 0x94b216fffef3cf25/1 manuSpecificTuya.defaultRsp({"cmdId":2,"statusCode":0}, {"timeout":10000,"disableResponse":false,"disableRecovery":false,"disableDefaultResponse":true,"direction":0,"reservedBits":0,"transactionSequenceNumber":118,"writeUndiv":false})
[2026-09-13 15:13:53] debug: 	zh:ember: ~~~> [ZCL to=0x94b216fffef3cf25:3595 apsFrame={"profileId":260,"clusterId":61184,"sourceEndpoint":1,"destinationEndpoint":1,"options":4352,"groupId":0,"sequence":0} header={"frameControl":{"reservedBits":0,"frameType":0,"direction":0,"disableDefaultResponse":true,"manufacturerSpecific":false},"transactionSequenceNumber":118,"commandIdentifier":11}]
[2026-09-13 15:13:53] debug: 	zh:ember:ezsp: ===> [FRAME: ID=52:"SEND_UNICAST" Seq=16 Len=26]
[2026-09-13 15:13:53] debug: 	zh:ember:uart:ash: ---> [FRAME type=DATA frmTx=0 frmRx=7](ackRx=0)
[2026-09-13 15:13:53] debug: 	z2m: Received Zigbee message from 'Nivelagua', type 'commandDataReport', cluster 'manuSpecificTuya', data '{"dpValues":[{"data":{"data":[0,0,0,81],"type":"Buffer"},"datatype":2,"dp":22}],"seq":50176}' from endpoint 1 with groupID 0
[2026-09-13 15:13:53] info: 	z2m:mqtt: MQTT publish: topic 'zigbee2mqtt/Nivelagua', payload '{"installation_height":0.75,"linkquality":136,"liquid_depth":0.38,"liquid_depth_max":0.28,"liquid_level_percent":81,"liquid_state":"high","max_set":80,"min_set":25}'
[2026-09-13 15:13:53] debug: 	zh:ember:uart:ash: <--- [FRAME type=DATA]
[2026-09-13 15:13:53] debug: 	zh:ember:uart:ash: <--- [FRAME type=DATA ackNum=1](ackRx=0 frmTx=1)
[2026-09-13 15:13:53] debug: 	zh:ember:uart:ash: <--- [FRAME type=DATA ackNum=1 frmNum=7](frmRx=7) Added to rxQueue
[2026-09-13 15:13:53] debug: 	zh:ember:uart:ash: ---> [FRAME type=ACK frmRx=0](ackRx=1)
[2026-09-13 15:13:53] debug: 	zh:ember:ezsp: <=== [FRAME: ID=52:"SEND_UNICAST" Seq=16 Len=7]
[2026-09-13 15:13:53] debug: 	zh:ember:ezsp: ~~~> [SENT type=DIRECT apsSequence=49 messageTag=111 status=OK]
[2026-09-13 15:13:53] debug: 	zh:ember:uart:ash: <--- [FRAME type=DATA]
[2026-09-13 15:13:53] debug: 	zh:ember:uart:ash: <--- [FRAME type=DATA ackNum=1](ackRx=1 frmTx=1)
[2026-09-13 15:13:53] debug: 	zh:ember:uart:ash: <--- [FRAME type=DATA ackNum=1 frmNum=0](frmRx=0) Added to rxQueue
[2026-09-13 15:13:53] debug: 	zh:ember:uart:ash: ---> [FRAME type=ACK frmRx=1](ackRx=1)
[2026-09-13 15:13:53] debug: 	zh:ember:ezsp: <=== [CBFRAME: ID=63:"MESSAGE_SENT_HANDLER" Seq=16 Len=22]
[2026-09-13 15:13:53] debug: 	zh:ember:ezsp: ezspMessageSentHandler: status=OK type=DIRECT indexOrDestination=3595 apsFrame={"profileId":260,"clusterId":61184,"sourceEndpoint":1,"destinationEndpoint":1,"options":4352,"groupId":0,"sequence":49} messageTag=111
[2026-09-13 15:13:53] debug: 	zh:ember:uart:ash: <--- [FRAME type=DATA]
[2026-09-13 15:13:53] debug: 	zh:ember:uart:ash: <--- [FRAME type=DATA ackNum=1](ackRx=1 frmTx=1)
[2026-09-13 15:13:53] debug: 	zh:ember:uart:ash: <--- [FRAME type=DATA ackNum=1 frmNum=1](frmRx=1) Added to rxQueue
[2026-09-13 15:13:53] debug: 	zh:ember:uart:ash: ---> [FRAME type=ACK frmRx=2](ackRx=1)
[2026-09-13 15:13:53] debug: 	zh:ember:ezsp: <=== [CBFRAME: ID=69:"INCOMING_MESSAGE_HANDLER" Seq=16 Len=35]
[2026-09-13 15:13:53] debug: 	zh:ember:ezsp: ezspIncomingMessageHandler: type=UNICAST apsFrame={"profileId":260,"clusterId":61184,"sourceEndpoint":1,"destinationEndpoint":1,"options":256,"groupId":0,"sequence":123} packetInfo:{"senderShortId":3595,"senderLongId":"0xffffffffffffffff","bindingIndex":255,"addressIndex":255,"lastHopLqi":136,"lastHopRssi":-66,"lastHopTimestamp":0} messageContents=09770200c50104000102
[2026-09-13 15:13:53] debug: 	zh:controller: Received payload: clusterID=61184, address=3595, groupID=0, endpoint=1, destinationEndpoint=1, wasBroadcast=false, linkQuality=136, frame={"header":{"frameControl":{"frameType":1,"manufacturerSpecific":false,"direction":1,"disableDefaultResponse":false,"reservedBits":0},"transactionSequenceNumber":119,"commandIdentifier":2},"payload":{"seq":50432,"dpValues":[{"dp":1,"datatype":4,"data":{"type":"Buffer","data":[2]}}]},"command":{"name":"dataReport","ID":2,"parameters":[{"name":"seq","type":33,"max":65535},{"name":"dpValues","type":1011}]}}
[2026-09-13 15:13:53] debug: 	zh:controller:endpoint: ZCL command 0x94b216fffef3cf25/1 manuSpecificTuya.defaultRsp({"cmdId":2,"statusCode":0}, {"timeout":10000,"disableResponse":false,"disableRecovery":false,"disableDefaultResponse":true,"direction":0,"reservedBits":0,"transactionSequenceNumber":119,"writeUndiv":false})
[2026-09-13 15:13:53] debug: 	zh:ember: ~~~> [ZCL to=0x94b216fffef3cf25:3595 apsFrame={"profileId":260,"clusterId":61184,"sourceEndpoint":1,"destinationEndpoint":1,"options":4352,"groupId":0,"sequence":0} header={"frameControl":{"reservedBits":0,"frameType":0,"direction":0,"disableDefaultResponse":true,"manufacturerSpecific":false},"transactionSequenceNumber":119,"commandIdentifier":11}]
[2026-09-13 15:13:53] debug: 	zh:ember:ezsp: ===> [FRAME: ID=52:"SEND_UNICAST" Seq=17 Len=26]
[2026-09-13 15:13:53] debug: 	zh:ember:uart:ash: ---> [FRAME type=DATA frmTx=1 frmRx=2](ackRx=1)
[2026-09-13 15:13:53] debug: 	z2m: Received Zigbee message from 'Nivelagua', type 'commandDataReport', cluster 'manuSpecificTuya', data '{"dpValues":[{"data":{"data":[2],"type":"Buffer"},"datatype":4,"dp":1}],"seq":50432}' from endpoint 1 with groupID 0
[2026-09-13 15:13:53] info: 	z2m:mqtt: MQTT publish: topic 'zigbee2mqtt/Nivelagua', payload '{"installation_height":0.75,"linkquality":136,"liquid_depth":0.38,"liquid_depth_max":0.28,"liquid_level_percent":81,"liquid_state":"high","max_set":80,"min_set":25}'
[2026-09-13 15:13:54] debug: 	zh:ember:uart:ash: <--- [FRAME type=DATA]
[2026-09-13 15:13:54] debug: 	zh:ember:uart:ash: <--- [FRAME type=DATA ackNum=2](ackRx=1 frmTx=2)
[2026-09-13 15:13:54] debug: 	zh:ember:uart:ash: <--- [FRAME type=DATA ackNum=2 frmNum=2](frmRx=2) Added to rxQueue
[2026-09-13 15:13:54] debug: 	zh:ember:uart:ash: ---> [FRAME type=ACK frmRx=3](ackRx=2)
[2026-09-13 15:13:54] debug: 	zh:ember:ezsp: <=== [FRAME: ID=52:"SEND_UNICAST" Seq=17 Len=7]
[2026-09-13 15:13:54] debug: 	zh:ember:ezsp: ~~~> [SENT type=DIRECT apsSequence=50 messageTag=112 status=OK]
[2026-09-13 15:13:54] debug: 	zh:ember:uart:ash: <--- [FRAME type=DATA]
[2026-09-13 15:13:54] debug: 	zh:ember:uart:ash: <--- [FRAME type=DATA ackNum=2](ackRx=2 frmTx=2)
[2026-09-13 15:13:54] debug: 	zh:ember:uart:ash: <--- [FRAME type=DATA ackNum=2 frmNum=3](frmRx=3) Added to rxQueue
[2026-09-13 15:13:54] debug: 	zh:ember:uart:ash: ---> [FRAME type=ACK frmRx=4](ackRx=2)
[2026-09-13 15:13:54] debug: 	zh:ember:ezsp: <=== [CBFRAME: ID=63:"MESSAGE_SENT_HANDLER" Seq=17 Len=22]
[2026-09-13 15:13:54] debug: 	zh:ember:ezsp: ezspMessageSentHandler: status=OK type=DIRECT indexOrDestination=3595 apsFrame={"profileId":260,"clusterId":61184,"sourceEndpoint":1,"destinationEndpoint":1,"options":4352,"groupId":0,"sequence":50} messageTag=112
[2026-09-13 15:13:54] debug: 	zh:ember:uart:ash: <--- [FRAME type=DATA]
[2026-09-13 15:13:54] debug: 	zh:ember:uart:ash: <--- [FRAME type=DATA ackNum=2](ackRx=2 frmTx=2)
[2026-09-13 15:13:54] debug: 	zh:ember:uart:ash: <--- [FRAME type=DATA ackNum=2 frmNum=4](frmRx=4) Added to rxQueue
[2026-09-13 15:13:54] debug: 	zh:ember:uart:ash: ---> [FRAME type=ACK frmRx=5](ackRx=2)
[2026-09-13 15:13:54] debug: 	zh:ember:ezsp: <=== [CBFRAME: ID=69:"INCOMING_MESSAGE_HANDLER" Seq=17 Len=38]
[2026-09-13 15:13:54] debug: 	zh:ember:ezsp: ezspIncomingMessageHandler: type=UNICAST apsFrame={"profileId":260,"clusterId":61184,"sourceEndpoint":1,"destinationEndpoint":1,"options":256,"groupId":0,"sequence":124} packetInfo:{"senderShortId":3595,"senderLongId":"0xffffffffffffffff","bindingIndex":255,"addressIndex":255,"lastHopLqi":136,"lastHopRssi":-66,"lastHopTimestamp":0} messageContents=09780200c60202000400000026
[2026-09-13 15:13:54] debug: 	zh:controller: Received payload: clusterID=61184, address=3595, groupID=0, endpoint=1, destinationEndpoint=1, wasBroadcast=false, linkQuality=136, frame={"header":{"frameControl":{"frameType":1,"manufacturerSpecific":false,"direction":1,"disableDefaultResponse":false,"reservedBits":0},"transactionSequenceNumber":120,"commandIdentifier":2},"payload":{"seq":50688,"dpValues":[{"dp":2,"datatype":2,"data":{"type":"Buffer","data":[0,0,0,38]}}]},"command":{"name":"dataReport","ID":2,"parameters":[{"name":"seq","type":33,"max":65535},{"name":"dpValues","type":1011}]}}
[2026-09-13 15:13:54] debug: 	zh:controller:endpoint: ZCL command 0x94b216fffef3cf25/1 manuSpecificTuya.defaultRsp({"cmdId":2,"statusCode":0}, {"timeout":10000,"disableResponse":false,"disableRecovery":false,"disableDefaultResponse":true,"direction":0,"reservedBits":0,"transactionSequenceNumber":120,"writeUndiv":false})
[2026-09-13 15:13:54] debug: 	zh:ember: ~~~> [ZCL to=0x94b216fffef3cf25:3595 apsFrame={"profileId":260,"clusterId":61184,"sourceEndpoint":1,"destinationEndpoint":1,"options":4352,"groupId":0,"sequence":0} header={"frameControl":{"reservedBits":0,"frameType":0,"direction":0,"disableDefaultResponse":true,"manufacturerSpecific":false},"transactionSequenceNumber":120,"commandIdentifier":11}]
[2026-09-13 15:13:54] debug: 	zh:ember:ezsp: ===> [FRAME: ID=52:"SEND_UNICAST" Seq=18 Len=26]
[2026-09-13 15:13:54] debug: 	zh:ember:uart:ash: ---> [FRAME type=DATA frmTx=2 frmRx=5](ackRx=2)
[2026-09-13 15:13:54] debug: 	z2m: Received Zigbee message from 'Nivelagua', type 'commandDataReport', cluster 'manuSpecificTuya', data '{"dpValues":[{"data":{"data":[0,0,0,38],"type":"Buffer"},"datatype":2,"dp":2}],"seq":50688}' from endpoint 1 with groupID 0
[2026-09-13 15:13:54] info: 	z2m:mqtt: MQTT publish: topic 'zigbee2mqtt/Nivelagua', payload '{"installation_height":0.75,"linkquality":136,"liquid_depth":0.38,"liquid_depth_max":0.28,"liquid_level_percent":81,"liquid_state":"high","max_set":80,"min_set":25}'
[2026-09-13 15:13:54] debug: 	zh:ember:uart:ash: <--- [FRAME type=DATA]
[2026-09-13 15:13:54] debug: 	zh:ember:uart:ash: <--- [FRAME type=DATA ackNum=3](ackRx=2 frmTx=3)
[2026-09-13 15:13:54] debug: 	zh:ember:uart:ash: <--- [FRAME type=DATA ackNum=3 frmNum=5](frmRx=5) Added to rxQueue
[2026-09-13 15:13:54] debug: 	zh:ember:uart:ash: ---> [FRAME type=ACK frmRx=6](ackRx=3)
[2026-09-13 15:13:54] debug: 	zh:ember:ezsp: <=== [FRAME: ID=52:"SEND_UNICAST" Seq=18 Len=7]
[2026-09-13 15:13:54] debug: 	zh:ember:ezsp: ~~~> [SENT type=DIRECT apsSequence=51 messageTag=113 status=OK]
[2026-09-13 15:13:54] debug: 	zh:ember:uart:ash: <--- [FRAME type=DATA]
[2026-09-13 15:13:54] debug: 	zh:ember:uart:ash: <--- [FRAME type=DATA ackNum=3](ackRx=3 frmTx=3)
[2026-09-13 15:13:54] debug: 	zh:ember:uart:ash: <--- [FRAME type=DATA ackNum=3 frmNum=6](frmRx=6) Added to rxQueue
[2026-09-13 15:13:54] debug: 	zh:ember:uart:ash: ---> [FRAME type=ACK frmRx=7](ackRx=3)
[2026-09-13 15:13:54] debug: 	zh:ember:ezsp: <=== [CBFRAME: ID=63:"MESSAGE_SENT_HANDLER" Seq=18 Len=22]
[2026-09-13 15:13:54] debug: 	zh:ember:ezsp: ezspMessageSentHandler: status=OK type=DIRECT indexOrDestination=3595 apsFrame={"profileId":260,"clusterId":61184,"sourceEndpoint":1,"destinationEndpoint":1,"options":4352,"groupId":0,"sequence":51} messageTag=113
[2026-09-13 15:13:54] debug: 	zh:ember:uart:ash: <--- [FRAME type=DATA]
[2026-09-13 15:13:54] debug: 	zh:ember:uart:ash: <--- [FRAME type=DATA ackNum=3](ackRx=3 frmTx=3)
[2026-09-13 15:13:54] debug: 	zh:ember:uart:ash: <--- [FRAME type=DATA ackNum=3 frmNum=7](frmRx=7) Added to rxQueue
[2026-09-13 15:13:54] debug: 	zh:ember:uart:ash: ---> [FRAME type=ACK frmRx=0](ackRx=3)
[2026-09-13 15:13:54] debug: 	zh:ember:ezsp: <=== [CBFRAME: ID=69:"INCOMING_MESSAGE_HANDLER" Seq=18 Len=38]
[2026-09-13 15:13:54] debug: 	zh:ember:ezsp: ezspIncomingMessageHandler: type=UNICAST apsFrame={"profileId":260,"clusterId":61184,"sourceEndpoint":1,"destinationEndpoint":1,"options":256,"groupId":0,"sequence":125} packetInfo:{"senderShortId":3595,"senderLongId":"0xffffffffffffffff","bindingIndex":255,"addressIndex":255,"lastHopLqi":136,"lastHopRssi":-66,"lastHopTimestamp":0} messageContents=09790200c71602000400000051
[2026-09-13 15:13:54] debug: 	zh:controller: Received payload: clusterID=61184, address=3595, groupID=0, endpoint=1, destinationEndpoint=1, wasBroadcast=false, linkQuality=136, frame={"header":{"frameControl":{"frameType":1,"manufacturerSpecific":false,"direction":1,"disableDefaultResponse":false,"reservedBits":0},"transactionSequenceNumber":121,"commandIdentifier":2},"payload":{"seq":50944,"dpValues":[{"dp":22,"datatype":2,"data":{"type":"Buffer","data":[0,0,0,81]}}]},"command":{"name":"dataReport","ID":2,"parameters":[{"name":"seq","type":33,"max":65535},{"name":"dpValues","type":1011}]}}
[2026-09-13 15:13:54] debug: 	zh:controller:endpoint: ZCL command 0x94b216fffef3cf25/1 manuSpecificTuya.defaultRsp({"cmdId":2,"statusCode":0}, {"timeout":10000,"disableResponse":false,"disableRecovery":false,"disableDefaultResponse":true,"direction":0,"reservedBits":0,"transactionSequenceNumber":121,"writeUndiv":false})
[2026-09-13 15:13:54] debug: 	zh:ember: ~~~> [ZCL to=0x94b216fffef3cf25:3595 apsFrame={"profileId":260,"clusterId":61184,"sourceEndpoint":1,"destinationEndpoint":1,"options":4352,"groupId":0,"sequence":0} header={"frameControl":{"reservedBits":0,"frameType":0,"direction":0,"disableDefaultResponse":true,"manufacturerSpecific":false},"transactionSequenceNumber":121,"commandIdentifier":11}]
[2026-09-13 15:13:54] debug: 	zh:ember:ezsp: ===> [FRAME: ID=52:"SEND_UNICAST" Seq=19 Len=26]
[2026-09-13 15:13:54] debug: 	zh:ember:uart:ash: ---> [FRAME type=DATA frmTx=3 frmRx=0](ackRx=3)
[2026-09-13 15:13:54] debug: 	z2m: Received Zigbee message from 'Nivelagua', type 'commandDataReport', cluster 'manuSpecificTuya', data '{"dpValues":[{"data":{"data":[0,0,0,81],"type":"Buffer"},"datatype":2,"dp":22}],"seq":50944}' from endpoint 1 with groupID 0
[2026-09-13 15:13:54] info: 	z2m:mqtt: MQTT publish: topic 'zigbee2mqtt/Nivelagua', payload '{"installation_height":0.75,"linkquality":136,"liquid_depth":0.38,"liquid_depth_max":0.28,"liquid_level_percent":81,"liquid_state":"high","max_set":80,"min_set":25}'
[2026-09-13 15:13:54] debug: 	zh:ember:uart:ash: <--- [FRAME type=DATA]
[2026-09-13 15:13:54] debug: 	zh:ember:uart:ash: <--- [FRAME type=DATA ackNum=4](ackRx=3 frmTx=4)
[2026-09-13 15:13:54] debug: 	zh:ember:uart:ash: <--- [FRAME type=DATA ackNum=4 frmNum=0](frmRx=0) Added to rxQueue
[2026-09-13 15:13:54] debug: 	zh:ember:uart:ash: ---> [FRAME type=ACK frmRx=1](ackRx=4)
[2026-09-13 15:13:54] debug: 	zh:ember:ezsp: <=== [FRAME: ID=52:"SEND_UNICAST" Seq=19 Len=7]
[2026-09-13 15:13:54] debug: 	zh:ember:ezsp: ~~~> [SENT type=DIRECT apsSequence=52 messageTag=114 status=OK]
[2026-09-13 15:13:54] debug: 	zh:ember:uart:ash: <--- [FRAME type=DATA]
[2026-09-13 15:13:54] debug: 	zh:ember:uart:ash: <--- [FRAME type=DATA ackNum=4](ackRx=4 frmTx=4)
[2026-09-13 15:13:54] debug: 	zh:ember:uart:ash: <--- [FRAME type=DATA ackNum=4 frmNum=1](frmRx=1) Added to rxQueue
[2026-09-13 15:13:54] debug: 	zh:ember:uart:ash: ---> [FRAME type=ACK frmRx=2](ackRx=4)
[2026-09-13 15:13:54] debug: 	zh:ember:ezsp: <=== [CBFRAME: ID=63:"MESSAGE_SENT_HANDLER" Seq=19 Len=22]
[2026-09-13 15:13:54] debug: 	zh:ember:ezsp: ezspMessageSentHandler: status=OK type=DIRECT indexOrDestination=3595 apsFrame={"profileId":260,"clusterId":61184,"sourceEndpoint":1,"destinationEndpoint":1,"options":4352,"groupId":0,"sequence":52} messageTag=114
[2026-09-13 15:13:55] debug: 	zh:ember:uart:ash: <--- [FRAME type=DATA]
[2026-09-13 15:13:55] debug: 	zh:ember:uart:ash: <--- [FRAME type=DATA ackNum=4](ackRx=4 frmTx=4)
[2026-09-13 15:13:55] debug: 	zh:ember:uart:ash: <--- [FRAME type=DATA ackNum=4 frmNum=2](frmRx=2) Added to rxQueue
[2026-09-13 15:13:55] debug: 	zh:ember:uart:ash: ---> [FRAME type=ACK frmRx=3](ackRx=4)
[2026-09-13 15:13:55] debug: 	zh:ember:ezsp: <=== [CBFRAME: ID=69:"INCOMING_MESSAGE_HANDLER" Seq=19 Len=35]
[2026-09-13 15:13:55] debug: 	zh:ember:ezsp: ezspIncomingMessageHandler: type=UNICAST apsFrame={"profileId":260,"clusterId":61184,"sourceEndpoint":1,"destinationEndpoint":1,"options":256,"groupId":0,"sequence":126} packetInfo:{"senderShortId":3595,"senderLongId":"0xffffffffffffffff","bindingIndex":255,"addressIndex":255,"lastHopLqi":136,"lastHopRssi":-66,"lastHopTimestamp":0} messageContents=097a0200c80104000102
[2026-09-13 15:13:55] debug: 	zh:controller: Received payload: clusterID=61184, address=3595, groupID=0, endpoint=1, destinationEndpoint=1, wasBroadcast=false, linkQuality=136, frame={"header":{"frameControl":{"frameType":1,"manufacturerSpecific":false,"direction":1,"disableDefaultResponse":false,"reservedBits":0},"transactionSequenceNumber":122,"commandIdentifier":2},"payload":{"seq":51200,"dpValues":[{"dp":1,"datatype":4,"data":{"type":"Buffer","data":[2]}}]},"command":{"name":"dataReport","ID":2,"parameters":[{"name":"seq","type":33,"max":65535},{"name":"dpValues","type":1011}]}}
[2026-09-13 15:13:55] debug: 	zh:controller:endpoint: ZCL command 0x94b216fffef3cf25/1 manuSpecificTuya.defaultRsp({"cmdId":2,"statusCode":0}, {"timeout":10000,"disableResponse":false,"disableRecovery":false,"disableDefaultResponse":true,"direction":0,"reservedBits":0,"transactionSequenceNumber":122,"writeUndiv":false})
[2026-09-13 15:13:55] debug: 	zh:ember: ~~~> [ZCL to=0x94b216fffef3cf25:3595 apsFrame={"profileId":260,"clusterId":61184,"sourceEndpoint":1,"destinationEndpoint":1,"options":4352,"groupId":0,"sequence":0} header={"frameControl":{"reservedBits":0,"frameType":0,"direction":0,"disableDefaultResponse":true,"manufacturerSpecific":false},"transactionSequenceNumber":122,"commandIdentifier":11}]
[2026-09-13 15:13:55] debug: 	zh:ember:ezsp: ===> [FRAME: ID=52:"SEND_UNICAST" Seq=20 Len=26]
[2026-09-13 15:13:55] debug: 	zh:ember:uart:ash: ---> [FRAME type=DATA frmTx=4 frmRx=3](ackRx=4)
[2026-09-13 15:13:55] debug: 	z2m: Received Zigbee message from 'Nivelagua', type 'commandDataReport', cluster 'manuSpecificTuya', data '{"dpValues":[{"data":{"data":[2],"type":"Buffer"},"datatype":4,"dp":1}],"seq":51200}' from endpoint 1 with groupID 0
[2026-09-13 15:13:55] info: 	z2m:mqtt: MQTT publish: topic 'zigbee2mqtt/Nivelagua', payload '{"installation_height":0.75,"linkquality":136,"liquid_depth":0.38,"liquid_depth_max":0.28,"liquid_level_percent":81,"liquid_state":"high","max_set":80,"min_set":25}'
[2026-09-13 15:13:55] debug: 	zh:ember:uart:ash: <--- [FRAME type=DATA]
[2026-09-13 15:13:55] debug: 	zh:ember:uart:ash: <--- [FRAME type=DATA ackNum=5](ackRx=4 frmTx=5)
[2026-09-13 15:13:55] debug: 	zh:ember:uart:ash: <--- [FRAME type=DATA ackNum=5 frmNum=3](frmRx=3) Added to rxQueue
[2026-09-13 15:13:55] debug: 	zh:ember:uart:ash: ---> [FRAME type=ACK frmRx=4](ackRx=5)
[2026-09-13 15:13:55] debug: 	zh:ember:ezsp: <=== [FRAME: ID=52:"SEND_UNICAST" Seq=20 Len=7]
[2026-09-13 15:13:55] debug: 	zh:ember:ezsp: ~~~> [SENT type=DIRECT apsSequence=53 messageTag=115 status=OK]
[2026-09-13 15:13:55] debug: 	zh:ember:uart:ash: <--- [FRAME type=DATA]
[2026-09-13 15:13:55] debug: 	zh:ember:uart:ash: <--- [FRAME type=DATA ackNum=5](ackRx=5 frmTx=5)
[2026-09-13 15:13:55] debug: 	zh:ember:uart:ash: <--- [FRAME type=DATA ackNum=5 frmNum=4](frmRx=4) Added to rxQueue
[2026-09-13 15:13:55] debug: 	zh:ember:uart:ash: ---> [FRAME type=ACK frmRx=5](ackRx=5)
[2026-09-13 15:13:55] debug: 	zh:ember:ezsp: <=== [CBFRAME: ID=63:"MESSAGE_SENT_HANDLER" Seq=20 Len=22]
[2026-09-13 15:13:55] debug: 	zh:ember:ezsp: ezspMessageSentHandler: status=OK type=DIRECT indexOrDestination=3595 apsFrame={"profileId":260,"clusterId":61184,"sourceEndpoint":1,"destinationEndpoint":1,"options":4352,"groupId":0,"sequence":53} messageTag=115
[2026-09-13 15:13:55] debug: 	zh:ember:uart:ash: <--- [FRAME type=DATA]
[2026-09-13 15:13:55] debug: 	zh:ember:uart:ash: <--- [FRAME type=DATA ackNum=5](ackRx=5 frmTx=5)
[2026-09-13 15:13:55] debug: 	zh:ember:uart:ash: <--- [FRAME type=DATA ackNum=5 frmNum=5](frmRx=5) Added to rxQueue
[2026-09-13 15:13:55] debug: 	zh:ember:uart:ash: ---> [FRAME type=ACK frmRx=6](ackRx=5)
[2026-09-13 15:13:55] debug: 	zh:ember:ezsp: <=== [CBFRAME: ID=69:"INCOMING_MESSAGE_HANDLER" Seq=20 Len=38]
[2026-09-13 15:13:55] debug: 	zh:ember:ezsp: ezspIncomingMessageHandler: type=UNICAST apsFrame={"profileId":260,"clusterId":61184,"sourceEndpoint":1,"destinationEndpoint":1,"options":256,"groupId":0,"sequence":127} packetInfo:{"senderShortId":3595,"senderLongId":"0xffffffffffffffff","bindingIndex":255,"addressIndex":255,"lastHopLqi":136,"lastHopRssi":-66,"lastHopTimestamp":0} messageContents=097b0200c90202000400000026
[2026-09-13 15:13:55] debug: 	zh:controller: Received payload: clusterID=61184, address=3595, groupID=0, endpoint=1, destinationEndpoint=1, wasBroadcast=false, linkQuality=136, frame={"header":{"frameControl":{"frameType":1,"manufacturerSpecific":false,"direction":1,"disableDefaultResponse":false,"reservedBits":0},"transactionSequenceNumber":123,"commandIdentifier":2},"payload":{"seq":51456,"dpValues":[{"dp":2,"datatype":2,"data":{"type":"Buffer","data":[0,0,0,38]}}]},"command":{"name":"dataReport","ID":2,"parameters":[{"name":"seq","type":33,"max":65535},{"name":"dpValues","type":1011}]}}
[2026-09-13 15:13:55] debug: 	zh:controller:endpoint: ZCL command 0x94b216fffef3cf25/1 manuSpecificTuya.defaultRsp({"cmdId":2,"statusCode":0}, {"timeout":10000,"disableResponse":false,"disableRecovery":false,"disableDefaultResponse":true,"direction":0,"reservedBits":0,"transactionSequenceNumber":123,"writeUndiv":false})
[2026-09-13 15:13:55] debug: 	zh:ember: ~~~> [ZCL to=0x94b216fffef3cf25:3595 apsFrame={"profileId":260,"clusterId":61184,"sourceEndpoint":1,"destinationEndpoint":1,"options":4352,"groupId":0,"sequence":0} header={"frameControl":{"reservedBits":0,"frameType":0,"direction":0,"disableDefaultResponse":true,"manufacturerSpecific":false},"transactionSequenceNumber":123,"commandIdentifier":11}]
[2026-09-13 15:13:55] debug: 	zh:ember:ezsp: ===> [FRAME: ID=52:"SEND_UNICAST" Seq=21 Len=26]
[2026-09-13 15:13:55] debug: 	zh:ember:uart:ash: ---> [FRAME type=DATA frmTx=5 frmRx=6](ackRx=5)
[2026-09-13 15:13:55] debug: 	z2m: Received Zigbee message from 'Nivelagua', type 'commandDataReport', cluster 'manuSpecificTuya', data '{"dpValues":[{"data":{"data":[0,0,0,38],"type":"Buffer"},"datatype":2,"dp":2}],"seq":51456}' from endpoint 1 with groupID 0
[2026-09-13 15:13:55] info: 	z2m:mqtt: MQTT publish: topic 'zigbee2mqtt/Nivelagua', payload '{"installation_height":0.75,"linkquality":136,"liquid_depth":0.38,"liquid_depth_max":0.28,"liquid_level_percent":81,"liquid_state":"high","max_set":80,"min_set":25}'
[2026-09-13 15:13:55] debug: 	zh:ember:uart:ash: <--- [FRAME type=DATA]
[2026-09-13 15:13:55] debug: 	zh:ember:uart:ash: <--- [FRAME type=DATA ackNum=6](ackRx=5 frmTx=6)
[2026-09-13 15:13:55] debug: 	zh:ember:uart:ash: <--- [FRAME type=DATA ackNum=6 frmNum=6](frmRx=6) Added to rxQueue
[2026-09-13 15:13:55] debug: 	zh:ember:uart:ash: ---> [FRAME type=ACK frmRx=7](ackRx=6)
[2026-09-13 15:13:55] debug: 	zh:ember:ezsp: <=== [FRAME: ID=52:"SEND_UNICAST" Seq=21 Len=7]
[2026-09-13 15:13:55] debug: 	zh:ember:ezsp: ~~~> [SENT type=DIRECT apsSequence=54 messageTag=116 status=OK]
[2026-09-13 15:13:55] debug: 	zh:ember:uart:ash: <--- [FRAME type=DATA]
[2026-09-13 15:13:55] debug: 	zh:ember:uart:ash: <--- [FRAME type=DATA ackNum=6](ackRx=6 frmTx=6)
[2026-09-13 15:13:55] debug: 	zh:ember:uart:ash: <--- [FRAME type=DATA ackNum=6 frmNum=7](frmRx=7) Added to rxQueue
[2026-09-13 15:13:55] debug: 	zh:ember:uart:ash: ---> [FRAME type=ACK frmRx=0](ackRx=6)
[2026-09-13 15:13:55] debug: 	zh:ember:ezsp: <=== [CBFRAME: ID=63:"MESSAGE_SENT_HANDLER" Seq=21 Len=22]
[2026-09-13 15:13:55] debug: 	zh:ember:ezsp: ezspMessageSentHandler: status=OK type=DIRECT indexOrDestination=3595 apsFrame={"profileId":260,"clusterId":61184,"sourceEndpoint":1,"destinationEndpoint":1,"options":4352,"groupId":0,"sequence":54} messageTag=116
[2026-09-13 15:13:55] debug: 	zh:ember:uart:ash: <--- [FRAME type=DATA]
[2026-09-13 15:13:55] debug: 	zh:ember:uart:ash: <--- [FRAME type=DATA ackNum=6](ackRx=6 frmTx=6)
[2026-09-13 15:13:55] debug: 	zh:ember:uart:ash: <--- [FRAME type=DATA ackNum=6 frmNum=0](frmRx=0) Added to rxQueue
[2026-09-13 15:13:55] debug: 	zh:ember:uart:ash: ---> [FRAME type=ACK frmRx=1](ackRx=6)
[2026-09-13 15:13:55] debug: 	zh:ember:ezsp: <=== [CBFRAME: ID=69:"INCOMING_MESSAGE_HANDLER" Seq=21 Len=38]
[2026-09-13 15:13:55] debug: 	zh:ember:ezsp: ezspIncomingMessageHandler: type=UNICAST apsFrame={"profileId":260,"clusterId":61184,"sourceEndpoint":1,"destinationEndpoint":1,"options":256,"groupId":0,"sequence":128} packetInfo:{"senderShortId":3595,"senderLongId":"0xffffffffffffffff","bindingIndex":255,"addressIndex":255,"lastHopLqi":136,"lastHopRssi":-66,"lastHopTimestamp":0} messageContents=097c0200ca1602000400000051
[2026-09-13 15:13:55] debug: 	zh:controller: Received payload: clusterID=61184, address=3595, groupID=0, endpoint=1, destinationEndpoint=1, wasBroadcast=false, linkQuality=136, frame={"header":{"frameControl":{"frameType":1,"manufacturerSpecific":false,"direction":1,"disableDefaultResponse":false,"reservedBits":0},"transactionSequenceNumber":124,"commandIdentifier":2},"payload":{"seq":51712,"dpValues":[{"dp":22,"datatype":2,"data":{"type":"Buffer","data":[0,0,0,81]}}]},"command":{"name":"dataReport","ID":2,"parameters":[{"name":"seq","type":33,"max":65535},{"name":"dpValues","type":1011}]}}
[2026-09-13 15:13:55] debug: 	zh:controller:endpoint: ZCL command 0x94b216fffef3cf25/1 manuSpecificTuya.defaultRsp({"cmdId":2,"statusCode":0}, {"timeout":10000,"disableResponse":false,"disableRecovery":false,"disableDefaultResponse":true,"direction":0,"reservedBits":0,"transactionSequenceNumber":124,"writeUndiv":false})
[2026-09-13 15:13:55] debug: 	zh:ember: ~~~> [ZCL to=0x94b216fffef3cf25:3595 apsFrame={"profileId":260,"clusterId":61184,"sourceEndpoint":1,"destinationEndpoint":1,"options":4352,"groupId":0,"sequence":0} header={"frameControl":{"reservedBits":0,"frameType":0,"direction":0,"disableDefaultResponse":true,"manufacturerSpecific":false},"transactionSequenceNumber":124,"commandIdentifier":11}]
[2026-09-13 15:13:55] debug: 	zh:ember:ezsp: ===> [FRAME: ID=52:"SEND_UNICAST" Seq=22 Len=26]
[2026-09-13 15:13:55] debug: 	zh:ember:uart:ash: ---> [FRAME type=DATA frmTx=6 frmRx=1](ackRx=6)
[2026-09-13 15:13:55] debug: 	z2m: Received Zigbee message from 'Nivelagua', type 'commandDataReport', cluster 'manuSpecificTuya', data '{"dpValues":[{"data":{"data":[0,0,0,81],"type":"Buffer"},"datatype":2,"dp":22}],"seq":51712}' from endpoint 1 with groupID 0
[2026-09-13 15:13:55] info: 	z2m:mqtt: MQTT publish: topic 'zigbee2mqtt/Nivelagua', payload '{"installation_height":0.75,"linkquality":136,"liquid_depth":0.38,"liquid_depth_max":0.28,"liquid_level_percent":81,"liquid_state":"high","max_set":80,"min_set":25}'
[2026-09-13 15:13:55] debug: 	zh:ember:uart:ash: <--- [FRAME type=DATA]
[2026-09-13 15:13:55] debug: 	zh:ember:uart:ash: <--- [FRAME type=DATA ackNum=7](ackRx=6 frmTx=7)
[2026-09-13 15:13:55] debug: 	zh:ember:uart:ash: <--- [FRAME type=DATA ackNum=7 frmNum=1](frmRx=1) Added to rxQueue
[2026-09-13 15:13:55] debug: 	zh:ember:uart:ash: ---> [FRAME type=ACK frmRx=2](ackRx=7)
[2026-09-13 15:13:55] debug: 	zh:ember:ezsp: <=== [FRAME: ID=52:"SEND_UNICAST" Seq=22 Len=7]
[2026-09-13 15:13:55] debug: 	zh:ember:ezsp: ~~~> [SENT type=DIRECT apsSequence=55 messageTag=117 status=OK]
[2026-09-13 15:13:55] debug: 	zh:ember:uart:ash: <--- [FRAME type=DATA]
[2026-09-13 15:13:55] debug: 	zh:ember:uart:ash: <--- [FRAME type=DATA ackNum=7](ackRx=7 frmTx=7)
[2026-09-13 15:13:55] debug: 	zh:ember:uart:ash: <--- [FRAME type=DATA ackNum=7 frmNum=2](frmRx=2) Added to rxQueue
[2026-09-13 15:13:55] debug: 	zh:ember:uart:ash: ---> [FRAME type=ACK frmRx=3](ackRx=7)
[2026-09-13 15:13:55] debug: 	zh:ember:ezsp: <=== [CBFRAME: ID=63:"MESSAGE_SENT_HANDLER" Seq=22 Len=22]
[2026-09-13 15:13:55] debug: 	zh:ember:ezsp: ezspMessageSentHandler: status=OK type=DIRECT indexOrDestination=3595 apsFrame={"profileId":260,"clusterId":61184,"sourceEndpoint":1,"destinationEndpoint":1,"options":4352,"groupId":0,"sequence":55} messageTag=117
[2026-09-13 15:13:56] debug: 	zh:ember:uart:ash: <--- [FRAME type=DATA]
[2026-09-13 15:13:56] debug: 	zh:ember:uart:ash: <--- [FRAME type=DATA ackNum=7](ackRx=7 frmTx=7)
[2026-09-13 15:13:56] debug: 	zh:ember:uart:ash: <--- [FRAME type=DATA ackNum=7 frmNum=3](frmRx=3) Added to rxQueue
[2026-09-13 15:13:56] debug: 	zh:ember:uart:ash: ---> [FRAME type=ACK frmRx=4](ackRx=7)
[2026-09-13 15:13:56] debug: 	zh:ember:ezsp: <=== [CBFRAME: ID=69:"INCOMING_MESSAGE_HANDLER" Seq=22 Len=35]
[2026-09-13 15:13:56] debug: 	zh:ember:ezsp: ezspIncomingMessageHandler: type=UNICAST apsFrame={"profileId":260,"clusterId":61184,"sourceEndpoint":1,"destinationEndpoint":1,"options":256,"groupId":0,"sequence":129} packetInfo:{"senderShortId":3595,"senderLongId":"0xffffffffffffffff","bindingIndex":255,"addressIndex":255,"lastHopLqi":136,"lastHopRssi":-66,"lastHopTimestamp":0} messageContents=097d0200cb0104000102
[2026-09-13 15:13:56] debug: 	zh:controller: Received payload: clusterID=61184, address=3595, groupID=0, endpoint=1, destinationEndpoint=1, wasBroadcast=false, linkQuality=136, frame={"header":{"frameControl":{"frameType":1,"manufacturerSpecific":false,"direction":1,"disableDefaultResponse":false,"reservedBits":0},"transactionSequenceNumber":125,"commandIdentifier":2},"payload":{"seq":51968,"dpValues":[{"dp":1,"datatype":4,"data":{"type":"Buffer","data":[2]}}]},"command":{"name":"dataReport","ID":2,"parameters":[{"name":"seq","type":33,"max":65535},{"name":"dpValues","type":1011}]}}
[2026-09-13 15:13:56] debug: 	zh:controller:endpoint: ZCL command 0x94b216fffef3cf25/1 manuSpecificTuya.defaultRsp({"cmdId":2,"statusCode":0}, {"timeout":10000,"disableResponse":false,"disableRecovery":false,"disableDefaultResponse":true,"direction":0,"reservedBits":0,"transactionSequenceNumber":125,"writeUndiv":false})
[2026-09-13 15:13:56] debug: 	zh:ember: ~~~> [ZCL to=0x94b216fffef3cf25:3595 apsFrame={"profileId":260,"clusterId":61184,"sourceEndpoint":1,"destinationEndpoint":1,"options":4352,"groupId":0,"sequence":0} header={"frameControl":{"reservedBits":0,"frameType":0,"direction":0,"disableDefaultResponse":true,"manufacturerSpecific":false},"transactionSequenceNumber":125,"commandIdentifier":11}]
[2026-09-13 15:13:56] debug: 	zh:ember:ezsp: ===> [FRAME: ID=52:"SEND_UNICAST" Seq=23 Len=26]
[2026-09-13 15:13:56] debug: 	zh:ember:uart:ash: ---> [FRAME type=DATA frmTx=7 frmRx=4](ackRx=7)
[2026-09-13 15:13:56] debug: 	z2m: Received Zigbee message from 'Nivelagua', type 'commandDataReport', cluster 'manuSpecificTuya', data '{"dpValues":[{"data":{"data":[2],"type":"Buffer"},"datatype":4,"dp":1}],"seq":51968}' from endpoint 1 with groupID 0
[2026-09-13 15:13:56] info: 	z2m:mqtt: MQTT publish: topic 'zigbee2mqtt/Nivelagua', payload '{"installation_height":0.75,"linkquality":136,"liquid_depth":0.38,"liquid_depth_max":0.28,"liquid_level_percent":81,"liquid_state":"high","max_set":80,"min_set":25}'
[2026-09-13 15:13:56] debug: 	zh:ember:uart:ash: <--- [FRAME type=DATA]
[2026-09-13 15:13:56] debug: 	zh:ember:uart:ash: <--- [FRAME type=DATA ackNum=0](ackRx=7 frmTx=0)
[2026-09-13 15:13:56] debug: 	zh:ember:uart:ash: <--- [FRAME type=DATA ackNum=0 frmNum=4](frmRx=4) Added to rxQueue
[2026-09-13 15:13:56] debug: 	zh:ember:uart:ash: ---> [FRAME type=ACK frmRx=5](ackRx=0)
[2026-09-13 15:13:56] debug: 	zh:ember:ezsp: <=== [FRAME: ID=52:"SEND_UNICAST" Seq=23 Len=7]
[2026-09-13 15:13:56] debug: 	zh:ember:ezsp: ~~~> [SENT type=DIRECT apsSequence=56 messageTag=118 status=OK]
[2026-09-13 15:13:56] debug: 	zh:ember:uart:ash: <--- [FRAME type=DATA]
[2026-09-13 15:13:56] debug: 	zh:ember:uart:ash: <--- [FRAME type=DATA ackNum=0](ackRx=0 frmTx=0)
[2026-09-13 15:13:56] debug: 	zh:ember:uart:ash: <--- [FRAME type=DATA ackNum=0 frmNum=5](frmRx=5) Added to rxQueue
[2026-09-13 15:13:56] debug: 	zh:ember:uart:ash: ---> [FRAME type=ACK frmRx=6](ackRx=0)
[2026-09-13 15:13:56] debug: 	zh:ember:ezsp: <=== [CBFRAME: ID=63:"MESSAGE_SENT_HANDLER" Seq=23 Len=22]
[2026-09-13 15:13:56] debug: 	zh:ember:ezsp: ezspMessageSentHandler: status=OK type=DIRECT indexOrDestination=3595 apsFrame={"profileId":260,"clusterId":61184,"sourceEndpoint":1,"destinationEndpoint":1,"options":4352,"groupId":0,"sequence":56} messageTag=118
[2026-09-13 15:13:56] debug: 	zh:ember:uart:ash: <--- [FRAME type=DATA]
[2026-09-13 15:13:56] debug: 	zh:ember:uart:ash: <--- [FRAME type=DATA ackNum=0](ackRx=0 frmTx=0)
[2026-09-13 15:13:56] debug: 	zh:ember:uart:ash: <--- [FRAME type=DATA ackNum=0 frmNum=6](frmRx=6) Added to rxQueue
[2026-09-13 15:13:56] debug: 	zh:ember:uart:ash: ---> [FRAME type=ACK frmRx=7](ackRx=0)
[2026-09-13 15:13:56] debug: 	zh:ember:ezsp: <=== [CBFRAME: ID=69:"INCOMING_MESSAGE_HANDLER" Seq=23 Len=38]
[2026-09-13 15:13:56] debug: 	zh:ember:ezsp: ezspIncomingMessageHandler: type=UNICAST apsFrame={"profileId":260,"clusterId":61184,"sourceEndpoint":1,"destinationEndpoint":1,"options":256,"groupId":0,"sequence":130} packetInfo:{"senderShortId":3595,"senderLongId":"0xffffffffffffffff","bindingIndex":255,"addressIndex":255,"lastHopLqi":136,"lastHopRssi":-66,"lastHopTimestamp":0} messageContents=097e0200cc0202000400000026
[2026-09-13 15:13:56] debug: 	zh:controller: Received payload: clusterID=61184, address=3595, groupID=0, endpoint=1, destinationEndpoint=1, wasBroadcast=false, linkQuality=136, frame={"header":{"frameControl":{"frameType":1,"manufacturerSpecific":false,"direction":1,"disableDefaultResponse":false,"reservedBits":0},"transactionSequenceNumber":126,"commandIdentifier":2},"payload":{"seq":52224,"dpValues":[{"dp":2,"datatype":2,"data":{"type":"Buffer","data":[0,0,0,38]}}]},"command":{"name":"dataReport","ID":2,"parameters":[{"name":"seq","type":33,"max":65535},{"name":"dpValues","type":1011}]}}
[2026-09-13 15:13:56] debug: 	zh:controller:endpoint: ZCL command 0x94b216fffef3cf25/1 manuSpecificTuya.defaultRsp({"cmdId":2,"statusCode":0}, {"timeout":10000,"disableResponse":false,"disableRecovery":false,"disableDefaultResponse":true,"direction":0,"reservedBits":0,"transactionSequenceNumber":126,"writeUndiv":false})
[2026-09-13 15:13:56] debug: 	zh:ember: ~~~> [ZCL to=0x94b216fffef3cf25:3595 apsFrame={"profileId":260,"clusterId":61184,"sourceEndpoint":1,"destinationEndpoint":1,"options":4352,"groupId":0,"sequence":0} header={"frameControl":{"reservedBits":0,"frameType":0,"direction":0,"disableDefaultResponse":true,"manufacturerSpecific":false},"transactionSequenceNumber":126,"commandIdentifier":11}]
[2026-09-13 15:13:56] debug: 	zh:ember:ezsp: ===> [FRAME: ID=52:"SEND_UNICAST" Seq=24 Len=26]
[2026-09-13 15:13:56] debug: 	zh:ember:uart:ash: ---> [FRAME type=DATA frmTx=0 frmRx=7](ackRx=0)
[2026-09-13 15:13:56] debug: 	z2m: Received Zigbee message from 'Nivelagua', type 'commandDataReport', cluster 'manuSpecificTuya', data '{"dpValues":[{"data":{"data":[0,0,0,38],"type":"Buffer"},"datatype":2,"dp":2}],"seq":52224}' from endpoint 1 with groupID 0
[2026-09-13 15:13:56] info: 	z2m:mqtt: MQTT publish: topic 'zigbee2mqtt/Nivelagua', payload '{"installation_height":0.75,"linkquality":136,"liquid_depth":0.38,"liquid_depth_max":0.28,"liquid_level_percent":81,"liquid_state":"high","max_set":80,"min_set":25}'
[2026-09-13 15:13:56] debug: 	zh:ember:uart:ash: <--- [FRAME type=DATA]
[2026-09-13 15:13:56] debug: 	zh:ember:uart:ash: <--- [FRAME type=DATA ackNum=1](ackRx=0 frmTx=1)
[2026-09-13 15:13:56] debug: 	zh:ember:uart:ash: <--- [FRAME type=DATA ackNum=1 frmNum=7](frmRx=7) Added to rxQueue
[2026-09-13 15:13:56] debug: 	zh:ember:uart:ash: ---> [FRAME type=ACK frmRx=0](ackRx=1)
[2026-09-13 15:13:56] debug: 	zh:ember:ezsp: <=== [FRAME: ID=52:"SEND_UNICAST" Seq=24 Len=7]
[2026-09-13 15:13:56] debug: 	zh:ember:ezsp: ~~~> [SENT type=DIRECT apsSequence=57 messageTag=119 status=OK]
[2026-09-13 15:13:56] debug: 	zh:ember:uart:ash: <--- [FRAME type=DATA]
[2026-09-13 15:13:56] debug: 	zh:ember:uart:ash: <--- [FRAME type=DATA ackNum=1](ackRx=1 frmTx=1)
[2026-09-13 15:13:56] debug: 	zh:ember:uart:ash: <--- [FRAME type=DATA ackNum=1 frmNum=0](frmRx=0) Added to rxQueue
[2026-09-13 15:13:56] debug: 	zh:ember:uart:ash: ---> [FRAME type=ACK frmRx=1](ackRx=1)
[2026-09-13 15:13:56] debug: 	zh:ember:ezsp: <=== [CBFRAME: ID=63:"MESSAGE_SENT_HANDLER" Seq=24 Len=22]
[2026-09-13 15:13:56] debug: 	zh:ember:ezsp: ezspMessageSentHandler: status=OK type=DIRECT indexOrDestination=3595 apsFrame={"profileId":260,"clusterId":61184,"sourceEndpoint":1,"destinationEndpoint":1,"options":4352,"groupId":0,"sequence":57} messageTag=119
[2026-09-13 15:13:56] debug: 	zh:ember:uart:ash: <--- [FRAME type=DATA]
[2026-09-13 15:13:56] debug: 	zh:ember:uart:ash: <--- [FRAME type=DATA ackNum=1](ackRx=1 frmTx=1)
[2026-09-13 15:13:56] debug: 	zh:ember:uart:ash: <--- [FRAME type=DATA ackNum=1 frmNum=1](frmRx=1) Added to rxQueue
[2026-09-13 15:13:56] debug: 	zh:ember:uart:ash: ---> [FRAME type=ACK frmRx=2](ackRx=1)
[2026-09-13 15:13:56] debug: 	zh:ember:ezsp: <=== [CBFRAME: ID=69:"INCOMING_MESSAGE_HANDLER" Seq=24 Len=38]
[2026-09-13 15:13:56] debug: 	zh:ember:ezsp: ezspIncomingMessageHandler: type=UNICAST apsFrame={"profileId":260,"clusterId":61184,"sourceEndpoint":1,"destinationEndpoint":1,"options":256,"groupId":0,"sequence":131} packetInfo:{"senderShortId":3595,"senderLongId":"0xffffffffffffffff","bindingIndex":255,"addressIndex":255,"lastHopLqi":136,"lastHopRssi":-66,"lastHopTimestamp":0} messageContents=097f0200cd1602000400000051
[2026-09-13 15:13:56] debug: 	zh:controller: Received payload: clusterID=61184, address=3595, groupID=0, endpoint=1, destinationEndpoint=1, wasBroadcast=false, linkQuality=136, frame={"header":{"frameControl":{"frameType":1,"manufacturerSpecific":false,"direction":1,"disableDefaultResponse":false,"reservedBits":0},"transactionSequenceNumber":127,"commandIdentifier":2},"payload":{"seq":52480,"dpValues":[{"dp":22,"datatype":2,"data":{"type":"Buffer","data":[0,0,0,81]}}]},"command":{"name":"dataReport","ID":2,"parameters":[{"name":"seq","type":33,"max":65535},{"name":"dpValues","type":1011}]}}
[2026-09-13 15:13:56] debug: 	zh:controller:endpoint: ZCL command 0x94b216fffef3cf25/1 manuSpecificTuya.defaultRsp({"cmdId":2,"statusCode":0}, {"timeout":10000,"disableResponse":false,"disableRecovery":false,"disableDefaultResponse":true,"direction":0,"reservedBits":0,"transactionSequenceNumber":127,"writeUndiv":false})
[2026-09-13 15:13:56] debug: 	zh:ember: ~~~> [ZCL to=0x94b216fffef3cf25:3595 apsFrame={"profileId":260,"clusterId":61184,"sourceEndpoint":1,"destinationEndpoint":1,"options":4352,"groupId":0,"sequence":0} header={"frameControl":{"reservedBits":0,"frameType":0,"direction":0,"disableDefaultResponse":true,"manufacturerSpecific":false},"transactionSequenceNumber":127,"commandIdentifier":11}]
[2026-09-13 15:13:56] debug: 	zh:ember:ezsp: ===> [FRAME: ID=52:"SEND_UNICAST" Seq=25 Len=26]
[2026-09-13 15:13:56] debug: 	zh:ember:uart:ash: ---> [FRAME type=DATA frmTx=1 frmRx=2](ackRx=1)
[2026-09-13 15:13:56] debug: 	z2m: Received Zigbee message from 'Nivelagua', type 'commandDataReport', cluster 'manuSpecificTuya', data '{"dpValues":[{"data":{"data":[0,0,0,81],"type":"Buffer"},"datatype":2,"dp":22}],"seq":52480}' from endpoint 1 with groupID 0
[2026-09-13 15:13:56] info: 	z2m:mqtt: MQTT publish: topic 'zigbee2mqtt/Nivelagua', payload '{"installation_height":0.75,"linkquality":136,"liquid_depth":0.38,"liquid_depth_max":0.28,"liquid_level_percent":81,"liquid_state":"high","max_set":80,"min_set":25}'
[2026-09-13 15:13:56] debug: 	zh:ember:uart:ash: <--- [FRAME type=DATA]
[2026-09-13 15:13:56] debug: 	zh:ember:uart:ash: <--- [FRAME type=DATA ackNum=2](ackRx=1 frmTx=2)
[2026-09-13 15:13:56] debug: 	zh:ember:uart:ash: <--- [FRAME type=DATA ackNum=2 frmNum=2](frmRx=2) Added to rxQueue
[2026-09-13 15:13:56] debug: 	zh:ember:uart:ash: ---> [FRAME type=ACK frmRx=3](ackRx=2)
[2026-09-13 15:13:56] debug: 	zh:ember:ezsp: <=== [FRAME: ID=52:"SEND_UNICAST" Seq=25 Len=7]
[2026-09-13 15:13:56] debug: 	zh:ember:ezsp: ~~~> [SENT type=DIRECT apsSequence=58 messageTag=120 status=OK]
[2026-09-13 15:13:56] debug: 	zh:ember:uart:ash: <--- [FRAME type=DATA]
[2026-09-13 15:13:56] debug: 	zh:ember:uart:ash: <--- [FRAME type=DATA ackNum=2](ackRx=2 frmTx=2)
[2026-09-13 15:13:56] debug: 	zh:ember:uart:ash: <--- [FRAME type=DATA ackNum=2 frmNum=3](frmRx=3) Added to rxQueue
[2026-09-13 15:13:56] debug: 	zh:ember:uart:ash: ---> [FRAME type=ACK frmRx=4](ackRx=2)
[2026-09-13 15:13:56] debug: 	zh:ember:ezsp: <=== [CBFRAME: ID=63:"MESSAGE_SENT_HANDLER" Seq=25 Len=22]
[2026-09-13 15:13:56] debug: 	zh:ember:ezsp: ezspMessageSentHandler: status=OK type=DIRECT indexOrDestination=3595 apsFrame={"profileId":260,"clusterId":61184,"sourceEndpoint":1,"destinationEndpoint":1,"options":4352,"groupId":0,"sequence":58} messageTag=120
[2026-09-13 15:13:57] debug: 	zh:ember:uart:ash: <--- [FRAME type=DATA]
[2026-09-13 15:13:57] debug: 	zh:ember:uart:ash: <--- [FRAME type=DATA ackNum=2](ackRx=2 frmTx=2)
[2026-09-13 15:13:57] debug: 	zh:ember:uart:ash: <--- [FRAME type=DATA ackNum=2 frmNum=4](frmRx=4) Added to rxQueue
[2026-09-13 15:13:57] debug: 	zh:ember:uart:ash: ---> [FRAME type=ACK frmRx=5](ackRx=2)
[2026-09-13 15:13:57] debug: 	zh:ember:ezsp: <=== [CBFRAME: ID=69:"INCOMING_MESSAGE_HANDLER" Seq=25 Len=35]
[2026-09-13 15:13:57] debug: 	zh:ember:ezsp: ezspIncomingMessageHandler: type=UNICAST apsFrame={"profileId":260,"clusterId":61184,"sourceEndpoint":1,"destinationEndpoint":1,"options":256,"groupId":0,"sequence":132} packetInfo:{"senderShortId":3595,"senderLongId":"0xffffffffffffffff","bindingIndex":255,"addressIndex":255,"lastHopLqi":136,"lastHopRssi":-66,"lastHopTimestamp":0} messageContents=09000200ce0104000102
[2026-09-13 15:13:57] debug: 	zh:controller: Received payload: clusterID=61184, address=3595, groupID=0, endpoint=1, destinationEndpoint=1, wasBroadcast=false, linkQuality=136, frame={"header":{"frameControl":{"frameType":1,"manufacturerSpecific":false,"direction":1,"disableDefaultResponse":false,"reservedBits":0},"transactionSequenceNumber":0,"commandIdentifier":2},"payload":{"seq":52736,"dpValues":[{"dp":1,"datatype":4,"data":{"type":"Buffer","data":[2]}}]},"command":{"name":"dataReport","ID":2,"parameters":[{"name":"seq","type":33,"max":65535},{"name":"dpValues","type":1011}]}}
[2026-09-13 15:13:57] debug: 	zh:controller:endpoint: ZCL command 0x94b216fffef3cf25/1 manuSpecificTuya.defaultRsp({"cmdId":2,"statusCode":0}, {"timeout":10000,"disableResponse":false,"disableRecovery":false,"disableDefaultResponse":true,"direction":0,"reservedBits":0,"transactionSequenceNumber":0,"writeUndiv":false})
[2026-09-13 15:13:57] debug: 	zh:ember: ~~~> [ZCL to=0x94b216fffef3cf25:3595 apsFrame={"profileId":260,"clusterId":61184,"sourceEndpoint":1,"destinationEndpoint":1,"options":4352,"groupId":0,"sequence":0} header={"frameControl":{"reservedBits":0,"frameType":0,"direction":0,"disableDefaultResponse":true,"manufacturerSpecific":false},"transactionSequenceNumber":0,"commandIdentifier":11}]
[2026-09-13 15:13:57] debug: 	zh:ember:ezsp: ===> [FRAME: ID=52:"SEND_UNICAST" Seq=26 Len=26]
[2026-09-13 15:13:57] debug: 	zh:ember:uart:ash: ---> [FRAME type=DATA frmTx=2 frmRx=5](ackRx=2)
[2026-09-13 15:13:57] debug: 	z2m: Received Zigbee message from 'Nivelagua', type 'commandDataReport', cluster 'manuSpecificTuya', data '{"dpValues":[{"data":{"data":[2],"type":"Buffer"},"datatype":4,"dp":1}],"seq":52736}' from endpoint 1 with groupID 0
[2026-09-13 15:13:57] info: 	z2m:mqtt: MQTT publish: topic 'zigbee2mqtt/Nivelagua', payload '{"installation_height":0.75,"linkquality":136,"liquid_depth":0.38,"liquid_depth_max":0.28,"liquid_level_percent":81,"liquid_state":"high","max_set":80,"min_set":25}'
[2026-09-13 15:13:57] debug: 	zh:ember:uart:ash: <--- [FRAME type=DATA]
[2026-09-13 15:13:57] debug: 	zh:ember:uart:ash: <--- [FRAME type=DATA ackNum=3](ackRx=2 frmTx=3)
[2026-09-13 15:13:57] debug: 	zh:ember:uart:ash: <--- [FRAME type=DATA ackNum=3 frmNum=5](frmRx=5) Added to rxQueue
[2026-09-13 15:13:57] debug: 	zh:ember:uart:ash: ---> [FRAME type=ACK frmRx=6](ackRx=3)
[2026-09-13 15:13:57] debug: 	zh:ember:ezsp: <=== [FRAME: ID=52:"SEND_UNICAST" Seq=26 Len=7]
[2026-09-13 15:13:57] debug: 	zh:ember:ezsp: ~~~> [SENT type=DIRECT apsSequence=59 messageTag=121 status=OK]
[2026-09-13 15:13:57] debug: 	zh:ember:uart:ash: <--- [FRAME type=DATA]
[2026-09-13 15:13:57] debug: 	zh:ember:uart:ash: <--- [FRAME type=DATA ackNum=3](ackRx=3 frmTx=3)
[2026-09-13 15:13:57] debug: 	zh:ember:uart:ash: <--- [FRAME type=DATA ackNum=3 frmNum=6](frmRx=6) Added to rxQueue
[2026-09-13 15:13:57] debug: 	zh:ember:uart:ash: ---> [FRAME type=ACK frmRx=7](ackRx=3)
[2026-09-13 15:13:57] debug: 	zh:ember:ezsp: <=== [CBFRAME: ID=63:"MESSAGE_SENT_HANDLER" Seq=26 Len=22]
[2026-09-13 15:13:57] debug: 	zh:ember:ezsp: ezspMessageSentHandler: status=OK type=DIRECT indexOrDestination=3595 apsFrame={"profileId":260,"clusterId":61184,"sourceEndpoint":1,"destinationEndpoint":1,"options":4352,"groupId":0,"sequence":59} messageTag=121
[2026-09-13 15:13:57] debug: 	zh:ember:uart:ash: <--- [FRAME type=DATA]
[2026-09-13 15:13:57] debug: 	zh:ember:uart:ash: <--- [FRAME type=DATA ackNum=3](ackRx=3 frmTx=3)
[2026-09-13 15:13:57] debug: 	zh:ember:uart:ash: <--- [FRAME type=DATA ackNum=3 frmNum=7](frmRx=7) Added to rxQueue
[2026-09-13 15:13:57] debug: 	zh:ember:uart:ash: ---> [FRAME type=ACK frmRx=0](ackRx=3)
[2026-09-13 15:13:57] debug: 	zh:ember:ezsp: <=== [CBFRAME: ID=69:"INCOMING_MESSAGE_HANDLER" Seq=26 Len=38]
[2026-09-13 15:13:57] debug: 	zh:ember:ezsp: ezspIncomingMessageHandler: type=UNICAST apsFrame={"profileId":260,"clusterId":61184,"sourceEndpoint":1,"destinationEndpoint":1,"options":256,"groupId":0,"sequence":133} packetInfo:{"senderShortId":3595,"senderLongId":"0xffffffffffffffff","bindingIndex":255,"addressIndex":255,"lastHopLqi":136,"lastHopRssi":-66,"lastHopTimestamp":0} messageContents=09010200cf0202000400000026
[2026-09-13 15:13:57] debug: 	zh:controller: Received payload: clusterID=61184, address=3595, groupID=0, endpoint=1, destinationEndpoint=1, wasBroadcast=false, linkQuality=136, frame={"header":{"frameControl":{"frameType":1,"manufacturerSpecific":false,"direction":1,"disableDefaultResponse":false,"reservedBits":0},"transactionSequenceNumber":1,"commandIdentifier":2},"payload":{"seq":52992,"dpValues":[{"dp":2,"datatype":2,"data":{"type":"Buffer","data":[0,0,0,38]}}]},"command":{"name":"dataReport","ID":2,"parameters":[{"name":"seq","type":33,"max":65535},{"name":"dpValues","type":1011}]}}
[2026-09-13 15:13:57] debug: 	zh:controller:endpoint: ZCL command 0x94b216fffef3cf25/1 manuSpecificTuya.defaultRsp({"cmdId":2,"statusCode":0}, {"timeout":10000,"disableResponse":false,"disableRecovery":false,"disableDefaultResponse":true,"direction":0,"reservedBits":0,"transactionSequenceNumber":1,"writeUndiv":false})
[2026-09-13 15:13:57] debug: 	zh:ember: ~~~> [ZCL to=0x94b216fffef3cf25:3595 apsFrame={"profileId":260,"clusterId":61184,"sourceEndpoint":1,"destinationEndpoint":1,"options":4352,"groupId":0,"sequence":0} header={"frameControl":{"reservedBits":0,"frameType":0,"direction":0,"disableDefaultResponse":true,"manufacturerSpecific":false},"transactionSequenceNumber":1,"commandIdentifier":11}]
[2026-09-13 15:13:57] debug: 	zh:ember:ezsp: ===> [FRAME: ID=52:"SEND_UNICAST" Seq=27 Len=26]
[2026-09-13 15:13:57] debug: 	zh:ember:uart:ash: ---> [FRAME type=DATA frmTx=3 frmRx=0](ackRx=3)
[2026-09-13 15:13:57] debug: 	z2m: Received Zigbee message from 'Nivelagua', type 'commandDataReport', cluster 'manuSpecificTuya', data '{"dpValues":[{"data":{"data":[0,0,0,38],"type":"Buffer"},"datatype":2,"dp":2}],"seq":52992}' from endpoint 1 with groupID 0
[2026-09-13 15:13:57] info: 	z2m:mqtt: MQTT publish: topic 'zigbee2mqtt/Nivelagua', payload '{"installation_height":0.75,"linkquality":136,"liquid_depth":0.38,"liquid_depth_max":0.28,"liquid_level_percent":81,"liquid_state":"high","max_set":80,"min_set":25}'
[2026-09-13 15:13:57] debug: 	zh:ember:uart:ash: <--- [FRAME type=DATA]
[2026-09-13 15:13:57] debug: 	zh:ember:uart:ash: <--- [FRAME type=DATA ackNum=4](ackRx=3 frmTx=4)
[2026-09-13 15:13:57] debug: 	zh:ember:uart:ash: <--- [FRAME type=DATA ackNum=4 frmNum=0](frmRx=0) Added to rxQueue
[2026-09-13 15:13:57] debug: 	zh:ember:uart:ash: ---> [FRAME type=ACK frmRx=1](ackRx=4)
[2026-09-13 15:13:57] debug: 	zh:ember:ezsp: <=== [FRAME: ID=52:"SEND_UNICAST" Seq=27 Len=7]
[2026-09-13 15:13:57] debug: 	zh:ember:ezsp: ~~~> [SENT type=DIRECT apsSequence=60 messageTag=122 status=OK]
[2026-09-13 15:13:57] debug: 	zh:ember:uart:ash: <--- [FRAME type=DATA]
[2026-09-13 15:13:57] debug: 	zh:ember:uart:ash: <--- [FRAME type=DATA ackNum=4](ackRx=4 frmTx=4)
[2026-09-13 15:13:57] debug: 	zh:ember:uart:ash: <--- [FRAME type=DATA ackNum=4 frmNum=1](frmRx=1) Added to rxQueue
[2026-09-13 15:13:57] debug: 	zh:ember:uart:ash: ---> [FRAME type=ACK frmRx=2](ackRx=4)
[2026-09-13 15:13:57] debug: 	zh:ember:ezsp: <=== [CBFRAME: ID=63:"MESSAGE_SENT_HANDLER" Seq=27 Len=22]
[2026-09-13 15:13:57] debug: 	zh:ember:ezsp: ezspMessageSentHandler: status=OK type=DIRECT indexOrDestination=3595 apsFrame={"profileId":260,"clusterId":61184,"sourceEndpoint":1,"destinationEndpoint":1,"options":4352,"groupId":0,"sequence":60} messageTag=122
[2026-09-13 15:13:57] debug: 	zh:ember:uart:ash: <--- [FRAME type=DATA]
[2026-09-13 15:13:57] debug: 	zh:ember:uart:ash: <--- [FRAME type=DATA ackNum=4](ackRx=4 frmTx=4)
[2026-09-13 15:13:57] debug: 	zh:ember:uart:ash: <--- [FRAME type=DATA ackNum=4 frmNum=2](frmRx=2) Added to rxQueue
[2026-09-13 15:13:57] debug: 	zh:ember:uart:ash: ---> [FRAME type=ACK frmRx=3](ackRx=4)
[2026-09-13 15:13:57] debug: 	zh:ember:ezsp: <=== [CBFRAME: ID=69:"INCOMING_MESSAGE_HANDLER" Seq=27 Len=38]
[2026-09-13 15:13:57] debug: 	zh:ember:ezsp: ezspIncomingMessageHandler: type=UNICAST apsFrame={"profileId":260,"clusterId":61184,"sourceEndpoint":1,"destinationEndpoint":1,"options":256,"groupId":0,"sequence":134} packetInfo:{"senderShortId":3595,"senderLongId":"0xffffffffffffffff","bindingIndex":255,"addressIndex":255,"lastHopLqi":136,"lastHopRssi":-66,"lastHopTimestamp":0} messageContents=09020200d01602000400000051
[2026-09-13 15:13:57] debug: 	zh:controller: Received payload: clusterID=61184, address=3595, groupID=0, endpoint=1, destinationEndpoint=1, wasBroadcast=false, linkQuality=136, frame={"header":{"frameControl":{"frameType":1,"manufacturerSpecific":false,"direction":1,"disableDefaultResponse":false,"reservedBits":0},"transactionSequenceNumber":2,"commandIdentifier":2},"payload":{"seq":53248,"dpValues":[{"dp":22,"datatype":2,"data":{"type":"Buffer","data":[0,0,0,81]}}]},"command":{"name":"dataReport","ID":2,"parameters":[{"name":"seq","type":33,"max":65535},{"name":"dpValues","type":1011}]}}
[2026-09-13 15:13:57] debug: 	zh:controller:endpoint: ZCL command 0x94b216fffef3cf25/1 manuSpecificTuya.defaultRsp({"cmdId":2,"statusCode":0}, {"timeout":10000,"disableResponse":false,"disableRecovery":false,"disableDefaultResponse":true,"direction":0,"reservedBits":0,"transactionSequenceNumber":2,"writeUndiv":false})
[2026-09-13 15:13:57] debug: 	zh:ember: ~~~> [ZCL to=0x94b216fffef3cf25:3595 apsFrame={"profileId":260,"clusterId":61184,"sourceEndpoint":1,"destinationEndpoint":1,"options":4352,"groupId":0,"sequence":0} header={"frameControl":{"reservedBits":0,"frameType":0,"direction":0,"disableDefaultResponse":true,"manufacturerSpecific":false},"transactionSequenceNumber":2,"commandIdentifier":11}]
[2026-09-13 15:13:57] debug: 	zh:ember:ezsp: ===> [FRAME: ID=52:"SEND_UNICAST" Seq=28 Len=26]
[2026-09-13 15:13:57] debug: 	zh:ember:uart:ash: ---> [FRAME type=DATA frmTx=4 frmRx=3](ackRx=4)
[2026-09-13 15:13:57] debug: 	z2m: Received Zigbee message from 'Nivelagua', type 'commandDataReport', cluster 'manuSpecificTuya', data '{"dpValues":[{"data":{"data":[0,0,0,81],"type":"Buffer"},"datatype":2,"dp":22}],"seq":53248}' from endpoint 1 with groupID 0
[2026-09-13 15:13:57] info: 	z2m:mqtt: MQTT publish: topic 'zigbee2mqtt/Nivelagua', payload '{"installation_height":0.75,"linkquality":136,"liquid_depth":0.38,"liquid_depth_max":0.28,"liquid_level_percent":81,"liquid_state":"high","max_set":80,"min_set":25}'
[2026-09-13 15:13:57] debug: 	zh:ember:uart:ash: <--- [FRAME type=DATA]
[2026-09-13 15:13:57] debug: 	zh:ember:uart:ash: <--- [FRAME type=DATA ackNum=5](ackRx=4 frmTx=5)
[2026-09-13 15:13:57] debug: 	zh:ember:uart:ash: <--- [FRAME type=DATA ackNum=5 frmNum=3](frmRx=3) Added to rxQueue
[2026-09-13 15:13:57] debug: 	zh:ember:uart:ash: ---> [FRAME type=ACK frmRx=4](ackRx=5)
[2026-09-13 15:13:57] debug: 	zh:ember:ezsp: <=== [FRAME: ID=52:"SEND_UNICAST" Seq=28 Len=7]
[2026-09-13 15:13:57] debug: 	zh:ember:ezsp: ~~~> [SENT type=DIRECT apsSequence=61 messageTag=123 status=OK]
[2026-09-13 15:13:57] debug: 	zh:ember:uart:ash: <--- [FRAME type=DATA]
[2026-09-13 15:13:57] debug: 	zh:ember:uart:ash: <--- [FRAME type=DATA ackNum=5](ackRx=5 frmTx=5)
[2026-09-13 15:13:57] debug: 	zh:ember:uart:ash: <--- [FRAME type=DATA ackNum=5 frmNum=4](frmRx=4) Added to rxQueue
[2026-09-13 15:13:57] debug: 	zh:ember:uart:ash: ---> [FRAME type=ACK frmRx=5](ackRx=5)
[2026-09-13 15:13:57] debug: 	zh:ember:ezsp: <=== [CBFRAME: ID=63:"MESSAGE_SENT_HANDLER" Seq=28 Len=22]
[2026-09-13 15:13:57] debug: 	zh:ember:ezsp: ezspMessageSentHandler: status=OK type=DIRECT indexOrDestination=3595 apsFrame={"profileId":260,"clusterId":61184,"sourceEndpoint":1,"destinationEndpoint":1,"options":4352,"groupId":0,"sequence":61} messageTag=123
[2026-09-13 15:13:58] debug: 	zh:ember:uart:ash: <--- [FRAME type=DATA]
[2026-09-13 15:13:58] debug: 	zh:ember:uart:ash: <--- [FRAME type=DATA ackNum=5](ackRx=5 frmTx=5)
[2026-09-13 15:13:58] debug: 	zh:ember:uart:ash: <--- [FRAME type=DATA ackNum=5 frmNum=5](frmRx=5) Added to rxQueue
[2026-09-13 15:13:58] debug: 	zh:ember:uart:ash: ---> [FRAME type=ACK frmRx=6](ackRx=5)
[2026-09-13 15:13:58] debug: 	zh:ember:ezsp: <=== [CBFRAME: ID=69:"INCOMING_MESSAGE_HANDLER" Seq=28 Len=35]
[2026-09-13 15:13:58] debug: 	zh:ember:ezsp: ezspIncomingMessageHandler: type=UNICAST apsFrame={"profileId":260,"clusterId":61184,"sourceEndpoint":1,"destinationEndpoint":1,"options":256,"groupId":0,"sequence":135} packetInfo:{"senderShortId":3595,"senderLongId":"0xffffffffffffffff","bindingIndex":255,"addressIndex":255,"lastHopLqi":136,"lastHopRssi":-66,"lastHopTimestamp":0} messageContents=09030200d10104000102
[2026-09-13 15:13:58] debug: 	zh:controller: Received payload: clusterID=61184, address=3595, groupID=0, endpoint=1, destinationEndpoint=1, wasBroadcast=false, linkQuality=136, frame={"header":{"frameControl":{"frameType":1,"manufacturerSpecific":false,"direction":1,"disableDefaultResponse":false,"reservedBits":0},"transactionSequenceNumber":3,"commandIdentifier":2},"payload":{"seq":53504,"dpValues":[{"dp":1,"datatype":4,"data":{"type":"Buffer","data":[2]}}]},"command":{"name":"dataReport","ID":2,"parameters":[{"name":"seq","type":33,"max":65535},{"name":"dpValues","type":1011}]}}
[2026-09-13 15:13:58] debug: 	zh:controller:endpoint: ZCL command 0x94b216fffef3cf25/1 manuSpecificTuya.defaultRsp({"cmdId":2,"statusCode":0}, {"timeout":10000,"disableResponse":false,"disableRecovery":false,"disableDefaultResponse":true,"direction":0,"reservedBits":0,"transactionSequenceNumber":3,"writeUndiv":false})
[2026-09-13 15:13:58] debug: 	zh:ember: ~~~> [ZCL to=0x94b216fffef3cf25:3595 apsFrame={"profileId":260,"clusterId":61184,"sourceEndpoint":1,"destinationEndpoint":1,"options":4352,"groupId":0,"sequence":0} header={"frameControl":{"reservedBits":0,"frameType":0,"direction":0,"disableDefaultResponse":true,"manufacturerSpecific":false},"transactionSequenceNumber":3,"commandIdentifier":11}]
[2026-09-13 15:13:58] debug: 	zh:ember:ezsp: ===> [FRAME: ID=52:"SEND_UNICAST" Seq=29 Len=26]
[2026-09-13 15:13:58] debug: 	zh:ember:uart:ash: ---> [FRAME type=DATA frmTx=5 frmRx=6](ackRx=5)
[2026-09-13 15:13:58] debug: 	z2m: Received Zigbee message from 'Nivelagua', type 'commandDataReport', cluster 'manuSpecificTuya', data '{"dpValues":[{"data":{"data":[2],"type":"Buffer"},"datatype":4,"dp":1}],"seq":53504}' from endpoint 1 with groupID 0
[2026-09-13 15:13:58] info: 	z2m:mqtt: MQTT publish: topic 'zigbee2mqtt/Nivelagua', payload '{"installation_height":0.75,"linkquality":136,"liquid_depth":0.38,"liquid_depth_max":0.28,"liquid_level_percent":81,"liquid_state":"high","max_set":80,"min_set":25}'
[2026-09-13 15:13:58] debug: 	zh:ember:uart:ash: <--- [FRAME type=DATA]
[2026-09-13 15:13:58] debug: 	zh:ember:uart:ash: <--- [FRAME type=DATA ackNum=6](ackRx=5 frmTx=6)
[2026-09-13 15:13:58] debug: 	zh:ember:uart:ash: <--- [FRAME type=DATA ackNum=6 frmNum=6](frmRx=6) Added to rxQueue
[2026-09-13 15:13:58] debug: 	zh:ember:uart:ash: ---> [FRAME type=ACK frmRx=7](ackRx=6)
[2026-09-13 15:13:58] debug: 	zh:ember:ezsp: <=== [FRAME: ID=52:"SEND_UNICAST" Seq=29 Len=7]
[2026-09-13 15:13:58] debug: 	zh:ember:ezsp: ~~~> [SENT type=DIRECT apsSequence=62 messageTag=124 status=OK]
[2026-09-13 15:13:58] debug: 	zh:ember:uart:ash: <--- [FRAME type=DATA]
[2026-09-13 15:13:58] debug: 	zh:ember:uart:ash: <--- [FRAME type=DATA ackNum=6](ackRx=6 frmTx=6)
[2026-09-13 15:13:58] debug: 	zh:ember:uart:ash: <--- [FRAME type=DATA ackNum=6 frmNum=7](frmRx=7) Added to rxQueue
[2026-09-13 15:13:58] debug: 	zh:ember:uart:ash: ---> [FRAME type=ACK frmRx=0](ackRx=6)
[2026-09-13 15:13:58] debug: 	zh:ember:ezsp: <=== [CBFRAME: ID=63:"MESSAGE_SENT_HANDLER" Seq=29 Len=22]
[2026-09-13 15:13:58] debug: 	zh:ember:ezsp: ezspMessageSentHandler: status=OK type=DIRECT indexOrDestination=3595 apsFrame={"profileId":260,"clusterId":61184,"sourceEndpoint":1,"destinationEndpoint":1,"options":4352,"groupId":0,"sequence":62} messageTag=124
[2026-09-13 15:13:58] debug: 	zh:ember:uart:ash: <--- [FRAME type=DATA]
[2026-09-13 15:13:58] debug: 	zh:ember:uart:ash: <--- [FRAME type=DATA ackNum=6](ackRx=6 frmTx=6)
[2026-09-13 15:13:58] debug: 	zh:ember:uart:ash: <--- [FRAME type=DATA ackNum=6 frmNum=0](frmRx=0) Added to rxQueue
[2026-09-13 15:13:58] debug: 	zh:ember:uart:ash: ---> [FRAME type=ACK frmRx=1](ackRx=6)
[2026-09-13 15:13:58] debug: 	zh:ember:ezsp: <=== [CBFRAME: ID=69:"INCOMING_MESSAGE_HANDLER" Seq=29 Len=38]
[2026-09-13 15:13:58] debug: 	zh:ember:ezsp: ezspIncomingMessageHandler: type=UNICAST apsFrame={"profileId":260,"clusterId":61184,"sourceEndpoint":1,"destinationEndpoint":1,"options":256,"groupId":0,"sequence":136} packetInfo:{"senderShortId":3595,"senderLongId":"0xffffffffffffffff","bindingIndex":255,"addressIndex":255,"lastHopLqi":136,"lastHopRssi":-66,"lastHopTimestamp":0} messageContents=09040200d20202000400000026
[2026-09-13 15:13:58] debug: 	zh:controller: Received payload: clusterID=61184, address=3595, groupID=0, endpoint=1, destinationEndpoint=1, wasBroadcast=false, linkQuality=136, frame={"header":{"frameControl":{"frameType":1,"manufacturerSpecific":false,"direction":1,"disableDefaultResponse":false,"reservedBits":0},"transactionSequenceNumber":4,"commandIdentifier":2},"payload":{"seq":53760,"dpValues":[{"dp":2,"datatype":2,"data":{"type":"Buffer","data":[0,0,0,38]}}]},"command":{"name":"dataReport","ID":2,"parameters":[{"name":"seq","type":33,"max":65535},{"name":"dpValues","type":1011}]}}
[2026-09-13 15:13:58] debug: 	zh:controller:endpoint: ZCL command 0x94b216fffef3cf25/1 manuSpecificTuya.defaultRsp({"cmdId":2,"statusCode":0}, {"timeout":10000,"disableResponse":false,"disableRecovery":false,"disableDefaultResponse":true,"direction":0,"reservedBits":0,"transactionSequenceNumber":4,"writeUndiv":false})
[2026-09-13 15:13:58] debug: 	zh:ember: ~~~> [ZCL to=0x94b216fffef3cf25:3595 apsFrame={"profileId":260,"clusterId":61184,"sourceEndpoint":1,"destinationEndpoint":1,"options":4352,"groupId":0,"sequence":0} header={"frameControl":{"reservedBits":0,"frameType":0,"direction":0,"disableDefaultResponse":true,"manufacturerSpecific":false},"transactionSequenceNumber":4,"commandIdentifier":11}]
[2026-09-13 15:13:58] debug: 	zh:ember:ezsp: ===> [FRAME: ID=52:"SEND_UNICAST" Seq=30 Len=26]
[2026-09-13 15:13:58] debug: 	zh:ember:uart:ash: ---> [FRAME type=DATA frmTx=6 frmRx=1](ackRx=6)
[2026-09-13 15:13:58] debug: 	z2m: Received Zigbee message from 'Nivelagua', type 'commandDataReport', cluster 'manuSpecificTuya', data '{"dpValues":[{"data":{"data":[0,0,0,38],"type":"Buffer"},"datatype":2,"dp":2}],"seq":53760}' from endpoint 1 with groupID 0
[2026-09-13 15:13:58] info: 	z2m:mqtt: MQTT publish: topic 'zigbee2mqtt/Nivelagua', payload '{"installation_height":0.75,"linkquality":136,"liquid_depth":0.38,"liquid_depth_max":0.28,"liquid_level_percent":81,"liquid_state":"high","max_set":80,"min_set":25}'
[2026-09-13 15:13:58] debug: 	zh:ember:uart:ash: <--- [FRAME type=DATA]
[2026-09-13 15:13:58] debug: 	zh:ember:uart:ash: <--- [FRAME type=DATA ackNum=7](ackRx=6 frmTx=7)
[2026-09-13 15:13:58] debug: 	zh:ember:uart:ash: <--- [FRAME type=DATA ackNum=7 frmNum=1](frmRx=1) Added to rxQueue
[2026-09-13 15:13:58] debug: 	zh:ember:uart:ash: ---> [FRAME type=ACK frmRx=2](ackRx=7)
[2026-09-13 15:13:58] debug: 	zh:ember:ezsp: <=== [FRAME: ID=52:"SEND_UNICAST" Seq=30 Len=7]
[2026-09-13 15:13:58] debug: 	zh:ember:ezsp: ~~~> [SENT type=DIRECT apsSequence=63 messageTag=125 status=OK]
[2026-09-13 15:13:58] debug: 	zh:ember:uart:ash: <--- [FRAME type=DATA]
[2026-09-13 15:13:58] debug: 	zh:ember:uart:ash: <--- [FRAME type=DATA ackNum=7](ackRx=7 frmTx=7)
[2026-09-13 15:13:58] debug: 	zh:ember:uart:ash: <--- [FRAME type=DATA ackNum=7 frmNum=2](frmRx=2) Added to rxQueue
[2026-09-13 15:13:58] debug: 	zh:ember:uart:ash: ---> [FRAME type=ACK frmRx=3](ackRx=7)
[2026-09-13 15:13:58] debug: 	zh:ember:ezsp: <=== [CBFRAME: ID=63:"MESSAGE_SENT_HANDLER" Seq=30 Len=22]
[2026-09-13 15:13:58] debug: 	zh:ember:ezsp: ezspMessageSentHandler: status=OK type=DIRECT indexOrDestination=3595 apsFrame={"profileId":260,"clusterId":61184,"sourceEndpoint":1,"destinationEndpoint":1,"options":4352,"groupId":0,"sequence":63} messageTag=125
[2026-09-13 15:13:58] debug: 	zh:ember:uart:ash: <--- [FRAME type=DATA]
[2026-09-13 15:13:58] debug: 	zh:ember:uart:ash: <--- [FRAME type=DATA ackNum=7](ackRx=7 frmTx=7)
[2026-09-13 15:13:58] debug: 	zh:ember:uart:ash: <--- [FRAME type=DATA ackNum=7 frmNum=3](frmRx=3) Added to rxQueue
[2026-09-13 15:13:58] debug: 	zh:ember:uart:ash: ---> [FRAME type=ACK frmRx=4](ackRx=7)
[2026-09-13 15:13:58] debug: 	zh:ember:ezsp: <=== [CBFRAME: ID=69:"INCOMING_MESSAGE_HANDLER" Seq=30 Len=38]
[2026-09-13 15:13:58] debug: 	zh:ember:ezsp: ezspIncomingMessageHandler: type=UNICAST apsFrame={"profileId":260,"clusterId":61184,"sourceEndpoint":1,"destinationEndpoint":1,"options":256,"groupId":0,"sequence":137} packetInfo:{"senderShortId":3595,"senderLongId":"0xffffffffffffffff","bindingIndex":255,"addressIndex":255,"lastHopLqi":136,"lastHopRssi":-66,"lastHopTimestamp":0} messageContents=09050200d31602000400000051
[2026-09-13 15:13:58] debug: 	zh:controller: Received payload: clusterID=61184, address=3595, groupID=0, endpoint=1, destinationEndpoint=1, wasBroadcast=false, linkQuality=136, frame={"header":{"frameControl":{"frameType":1,"manufacturerSpecific":false,"direction":1,"disableDefaultResponse":false,"reservedBits":0},"transactionSequenceNumber":5,"commandIdentifier":2},"payload":{"seq":54016,"dpValues":[{"dp":22,"datatype":2,"data":{"type":"Buffer","data":[0,0,0,81]}}]},"command":{"name":"dataReport","ID":2,"parameters":[{"name":"seq","type":33,"max":65535},{"name":"dpValues","type":1011}]}}
[2026-09-13 15:13:58] debug: 	zh:controller:endpoint: ZCL command 0x94b216fffef3cf25/1 manuSpecificTuya.defaultRsp({"cmdId":2,"statusCode":0}, {"timeout":10000,"disableResponse":false,"disableRecovery":false,"disableDefaultResponse":true,"direction":0,"reservedBits":0,"transactionSequenceNumber":5,"writeUndiv":false})
[2026-09-13 15:13:58] debug: 	zh:ember: ~~~> [ZCL to=0x94b216fffef3cf25:3595 apsFrame={"profileId":260,"clusterId":61184,"sourceEndpoint":1,"destinationEndpoint":1,"options":4352,"groupId":0,"sequence":0} header={"frameControl":{"reservedBits":0,"frameType":0,"direction":0,"disableDefaultResponse":true,"manufacturerSpecific":false},"transactionSequenceNumber":5,"commandIdentifier":11}]
[2026-09-13 15:13:58] debug: 	zh:ember:ezsp: ===> [FRAME: ID=52:"SEND_UNICAST" Seq=31 Len=26]
[2026-09-13 15:13:58] debug: 	zh:ember:uart:ash: ---> [FRAME type=DATA frmTx=7 frmRx=4](ackRx=7)
[2026-09-13 15:13:58] debug: 	z2m: Received Zigbee message from 'Nivelagua', type 'commandDataReport', cluster 'manuSpecificTuya', data '{"dpValues":[{"data":{"data":[0,0,0,81],"type":"Buffer"},"datatype":2,"dp":22}],"seq":54016}' from endpoint 1 with groupID 0
[2026-09-13 15:13:58] info: 	z2m:mqtt: MQTT publish: topic 'zigbee2mqtt/Nivelagua', payload '{"installation_height":0.75,"linkquality":136,"liquid_depth":0.38,"liquid_depth_max":0.28,"liquid_level_percent":81,"liquid_state":"high","max_set":80,"min_set":25}'
[2026-09-13 15:13:58] debug: 	zh:ember:uart:ash: <--- [FRAME type=DATA]
[2026-09-13 15:13:58] debug: 	zh:ember:uart:ash: <--- [FRAME type=DATA ackNum=0](ackRx=7 frmTx=0)
[2026-09-13 15:13:58] debug: 	zh:ember:uart:ash: <--- [FRAME type=DATA ackNum=0 frmNum=4](frmRx=4) Added to rxQueue
[2026-09-13 15:13:58] debug: 	zh:ember:uart:ash: ---> [FRAME type=ACK frmRx=5](ackRx=0)
[2026-09-13 15:13:58] debug: 	zh:ember:ezsp: <=== [FRAME: ID=52:"SEND_UNICAST" Seq=31 Len=7]
[2026-09-13 15:13:58] debug: 	zh:ember:ezsp: ~~~> [SENT type=DIRECT apsSequence=64 messageTag=126 status=OK]
[2026-09-13 15:13:58] debug: 	zh:ember:uart:ash: <--- [FRAME type=DATA]
[2026-09-13 15:13:58] debug: 	zh:ember:uart:ash: <--- [FRAME type=DATA ackNum=0](ackRx=0 frmTx=0)
[2026-09-13 15:13:58] debug: 	zh:ember:uart:ash: <--- [FRAME type=DATA ackNum=0 frmNum=5](frmRx=5) Added to rxQueue
[2026-09-13 15:13:58] debug: 	zh:ember:uart:ash: ---> [FRAME type=ACK frmRx=6](ackRx=0)
[2026-09-13 15:13:58] debug: 	zh:ember:ezsp: <=== [CBFRAME: ID=63:"MESSAGE_SENT_HANDLER" Seq=31 Len=22]
[2026-09-13 15:13:58] debug: 	zh:ember:ezsp: ezspMessageSentHandler: status=OK type=DIRECT indexOrDestination=3595 apsFrame={"profileId":260,"clusterId":61184,"sourceEndpoint":1,"destinationEndpoint":1,"options":4352,"groupId":0,"sequence":64} messageTag=126
[2026-09-13 15:13:59] debug: 	zh:ember:uart:ash: <--- [FRAME type=DATA]
[2026-09-13 15:13:59] debug: 	zh:ember:uart:ash: <--- [FRAME type=DATA ackNum=0](ackRx=0 frmTx=0)
[2026-09-13 15:13:59] debug: 	zh:ember:uart:ash: <--- [FRAME type=DATA ackNum=0 frmNum=6](frmRx=6) Added to rxQueue
[2026-09-13 15:13:59] debug: 	zh:ember:uart:ash: ---> [FRAME type=ACK frmRx=7](ackRx=0)
[2026-09-13 15:13:59] debug: 	zh:ember:ezsp: <=== [CBFRAME: ID=69:"INCOMING_MESSAGE_HANDLER" Seq=31 Len=35]
[2026-09-13 15:13:59] debug: 	zh:ember:ezsp: ezspIncomingMessageHandler: type=UNICAST apsFrame={"profileId":260,"clusterId":61184,"sourceEndpoint":1,"destinationEndpoint":1,"options":256,"groupId":0,"sequence":138} packetInfo:{"senderShortId":3595,"senderLongId":"0xffffffffffffffff","bindingIndex":255,"addressIndex":255,"lastHopLqi":136,"lastHopRssi":-66,"lastHopTimestamp":0} messageContents=09060200d40104000102
[2026-09-13 15:13:59] debug: 	zh:controller: Received payload: clusterID=61184, address=3595, groupID=0, endpoint=1, destinationEndpoint=1, wasBroadcast=false, linkQuality=136, frame={"header":{"frameControl":{"frameType":1,"manufacturerSpecific":false,"direction":1,"disableDefaultResponse":false,"reservedBits":0},"transactionSequenceNumber":6,"commandIdentifier":2},"payload":{"seq":54272,"dpValues":[{"dp":1,"datatype":4,"data":{"type":"Buffer","data":[2]}}]},"command":{"name":"dataReport","ID":2,"parameters":[{"name":"seq","type":33,"max":65535},{"name":"dpValues","type":1011}]}}
[2026-09-13 15:13:59] debug: 	zh:controller:endpoint: ZCL command 0x94b216fffef3cf25/1 manuSpecificTuya.defaultRsp({"cmdId":2,"statusCode":0}, {"timeout":10000,"disableResponse":false,"disableRecovery":false,"disableDefaultResponse":true,"direction":0,"reservedBits":0,"transactionSequenceNumber":6,"writeUndiv":false})
[2026-09-13 15:13:59] debug: 	zh:ember: ~~~> [ZCL to=0x94b216fffef3cf25:3595 apsFrame={"profileId":260,"clusterId":61184,"sourceEndpoint":1,"destinationEndpoint":1,"options":4352,"groupId":0,"sequence":0} header={"frameControl":{"reservedBits":0,"frameType":0,"direction":0,"disableDefaultResponse":true,"manufacturerSpecific":false},"transactionSequenceNumber":6,"commandIdentifier":11}]
[2026-09-13 15:13:59] debug: 	zh:ember:ezsp: ===> [FRAME: ID=52:"SEND_UNICAST" Seq=32 Len=26]
[2026-09-13 15:13:59] debug: 	zh:ember:uart:ash: ---> [FRAME type=DATA frmTx=0 frmRx=7](ackRx=0)
[2026-09-13 15:13:59] debug: 	z2m: Received Zigbee message from 'Nivelagua', type 'commandDataReport', cluster 'manuSpecificTuya', data '{"dpValues":[{"data":{"data":[2],"type":"Buffer"},"datatype":4,"dp":1}],"seq":54272}' from endpoint 1 with groupID 0
[2026-09-13 15:13:59] info: 	z2m:mqtt: MQTT publish: topic 'zigbee2mqtt/Nivelagua', payload '{"installation_height":0.75,"linkquality":136,"liquid_depth":0.38,"liquid_depth_max":0.28,"liquid_level_percent":81,"liquid_state":"high","max_set":80,"min_set":25}'
[2026-09-13 15:13:59] debug: 	zh:ember:uart:ash: <--- [FRAME type=DATA]
[2026-09-13 15:13:59] debug: 	zh:ember:uart:ash: <--- [FRAME type=DATA ackNum=1](ackRx=0 frmTx=1)
[2026-09-13 15:13:59] debug: 	zh:ember:uart:ash: <--- [FRAME type=DATA ackNum=1 frmNum=7](frmRx=7) Added to rxQueue
[2026-09-13 15:13:59] debug: 	zh:ember:uart:ash: ---> [FRAME type=ACK frmRx=0](ackRx=1)
[2026-09-13 15:13:59] debug: 	zh:ember:ezsp: <=== [FRAME: ID=52:"SEND_UNICAST" Seq=32 Len=7]
[2026-09-13 15:13:59] debug: 	zh:ember:ezsp: ~~~> [SENT type=DIRECT apsSequence=65 messageTag=127 status=OK]
[2026-09-13 15:13:59] debug: 	zh:ember:uart:ash: <--- [FRAME type=DATA]
[2026-09-13 15:13:59] debug: 	zh:ember:uart:ash: <--- [FRAME type=DATA ackNum=1](ackRx=1 frmTx=1)
[2026-09-13 15:13:59] debug: 	zh:ember:uart:ash: <--- [FRAME type=DATA ackNum=1 frmNum=0](frmRx=0) Added to rxQueue
[2026-09-13 15:13:59] debug: 	zh:ember:uart:ash: ---> [FRAME type=ACK frmRx=1](ackRx=1)
[2026-09-13 15:13:59] debug: 	zh:ember:ezsp: <=== [CBFRAME: ID=63:"MESSAGE_SENT_HANDLER" Seq=32 Len=22]
[2026-09-13 15:13:59] debug: 	zh:ember:ezsp: ezspMessageSentHandler: status=OK type=DIRECT indexOrDestination=3595 apsFrame={"profileId":260,"clusterId":61184,"sourceEndpoint":1,"destinationEndpoint":1,"options":4352,"groupId":0,"sequence":65} messageTag=127
[2026-09-13 15:13:59] debug: 	zh:ember:uart:ash: <--- [FRAME type=DATA]
[2026-09-13 15:13:59] debug: 	zh:ember:uart:ash: <--- [FRAME type=DATA ackNum=1](ackRx=1 frmTx=1)
[2026-09-13 15:13:59] debug: 	zh:ember:uart:ash: <--- [FRAME type=DATA ackNum=1 frmNum=1](frmRx=1) Added to rxQueue
[2026-09-13 15:13:59] debug: 	zh:ember:uart:ash: ---> [FRAME type=ACK frmRx=2](ackRx=1)
[2026-09-13 15:13:59] debug: 	zh:ember:ezsp: <=== [CBFRAME: ID=69:"INCOMING_MESSAGE_HANDLER" Seq=32 Len=38]
[2026-09-13 15:13:59] debug: 	zh:ember:ezsp: ezspIncomingMessageHandler: type=UNICAST apsFrame={"profileId":260,"clusterId":61184,"sourceEndpoint":1,"destinationEndpoint":1,"options":256,"groupId":0,"sequence":139} packetInfo:{"senderShortId":3595,"senderLongId":"0xffffffffffffffff","bindingIndex":255,"addressIndex":255,"lastHopLqi":136,"lastHopRssi":-66,"lastHopTimestamp":0} messageContents=09070200d50202000400000026
[2026-09-13 15:13:59] debug: 	zh:controller: Received payload: clusterID=61184, address=3595, groupID=0, endpoint=1, destinationEndpoint=1, wasBroadcast=false, linkQuality=136, frame={"header":{"frameControl":{"frameType":1,"manufacturerSpecific":false,"direction":1,"disableDefaultResponse":false,"reservedBits":0},"transactionSequenceNumber":7,"commandIdentifier":2},"payload":{"seq":54528,"dpValues":[{"dp":2,"datatype":2,"data":{"type":"Buffer","data":[0,0,0,38]}}]},"command":{"name":"dataReport","ID":2,"parameters":[{"name":"seq","type":33,"max":65535},{"name":"dpValues","type":1011}]}}
[2026-09-13 15:13:59] debug: 	zh:controller:endpoint: ZCL command 0x94b216fffef3cf25/1 manuSpecificTuya.defaultRsp({"cmdId":2,"statusCode":0}, {"timeout":10000,"disableResponse":false,"disableRecovery":false,"disableDefaultResponse":true,"direction":0,"reservedBits":0,"transactionSequenceNumber":7,"writeUndiv":false})
[2026-09-13 15:13:59] debug: 	zh:ember: ~~~> [ZCL to=0x94b216fffef3cf25:3595 apsFrame={"profileId":260,"clusterId":61184,"sourceEndpoint":1,"destinationEndpoint":1,"options":4352,"groupId":0,"sequence":0} header={"frameControl":{"reservedBits":0,"frameType":0,"direction":0,"disableDefaultResponse":true,"manufacturerSpecific":false},"transactionSequenceNumber":7,"commandIdentifier":11}]
[2026-09-13 15:13:59] debug: 	zh:ember:ezsp: ===> [FRAME: ID=52:"SEND_UNICAST" Seq=33 Len=26]
[2026-09-13 15:13:59] debug: 	zh:ember:uart:ash: ---> [FRAME type=DATA frmTx=1 frmRx=2](ackRx=1)
[2026-09-13 15:13:59] debug: 	z2m: Received Zigbee message from 'Nivelagua', type 'commandDataReport', cluster 'manuSpecificTuya', data '{"dpValues":[{"data":{"data":[0,0,0,38],"type":"Buffer"},"datatype":2,"dp":2}],"seq":54528}' from endpoint 1 with groupID 0
[2026-09-13 15:13:59] info: 	z2m:mqtt: MQTT publish: topic 'zigbee2mqtt/Nivelagua', payload '{"installation_height":0.75,"linkquality":136,"liquid_depth":0.38,"liquid_depth_max":0.28,"liquid_level_percent":81,"liquid_state":"high","max_set":80,"min_set":25}'
[2026-09-13 15:13:59] debug: 	zh:ember:uart:ash: <--- [FRAME type=DATA]
[2026-09-13 15:13:59] debug: 	zh:ember:uart:ash: <--- [FRAME type=DATA ackNum=2](ackRx=1 frmTx=2)
[2026-09-13 15:13:59] debug: 	zh:ember:uart:ash: <--- [FRAME type=DATA ackNum=2 frmNum=2](frmRx=2) Added to rxQueue
[2026-09-13 15:13:59] debug: 	zh:ember:uart:ash: ---> [FRAME type=ACK frmRx=3](ackRx=2)
[2026-09-13 15:13:59] debug: 	zh:ember:ezsp: <=== [FRAME: ID=52:"SEND_UNICAST" Seq=33 Len=7]
[2026-09-13 15:13:59] debug: 	zh:ember:ezsp: ~~~> [SENT type=DIRECT apsSequence=66 messageTag=0 status=OK]
[2026-09-13 15:13:59] debug: 	zh:ember:uart:ash: <--- [FRAME type=DATA]
[2026-09-13 15:13:59] debug: 	zh:ember:uart:ash: <--- [FRAME type=DATA ackNum=2](ackRx=2 frmTx=2)
[2026-09-13 15:13:59] debug: 	zh:ember:uart:ash: <--- [FRAME type=DATA ackNum=2 frmNum=3](frmRx=3) Added to rxQueue
[2026-09-13 15:13:59] debug: 	zh:ember:uart:ash: ---> [FRAME type=ACK frmRx=4](ackRx=2)
[2026-09-13 15:13:59] debug: 	zh:ember:ezsp: <=== [CBFRAME: ID=63:"MESSAGE_SENT_HANDLER" Seq=33 Len=22]
[2026-09-13 15:13:59] debug: 	zh:ember:ezsp: ezspMessageSentHandler: status=OK type=DIRECT indexOrDestination=3595 apsFrame={"profileId":260,"clusterId":61184,"sourceEndpoint":1,"destinationEndpoint":1,"options":4352,"groupId":0,"sequence":66} messageTag=0
[2026-09-13 15:13:59] debug: 	zh:ember:uart:ash: <--- [FRAME type=DATA]
[2026-09-13 15:13:59] debug: 	zh:ember:uart:ash: <--- [FRAME type=DATA ackNum=2](ackRx=2 frmTx=2)
[2026-09-13 15:13:59] debug: 	zh:ember:uart:ash: <--- [FRAME type=DATA ackNum=2 frmNum=4](frmRx=4) Added to rxQueue
[2026-09-13 15:13:59] debug: 	zh:ember:uart:ash: ---> [FRAME type=ACK frmRx=5](ackRx=2)
[2026-09-13 15:13:59] debug: 	zh:ember:ezsp: <=== [CBFRAME: ID=69:"INCOMING_MESSAGE_HANDLER" Seq=33 Len=38]
[2026-09-13 15:13:59] debug: 	zh:ember:ezsp: ezspIncomingMessageHandler: type=UNICAST apsFrame={"profileId":260,"clusterId":61184,"sourceEndpoint":1,"destinationEndpoint":1,"options":256,"groupId":0,"sequence":140} packetInfo:{"senderShortId":3595,"senderLongId":"0xffffffffffffffff","bindingIndex":255,"addressIndex":255,"lastHopLqi":136,"lastHopRssi":-66,"lastHopTimestamp":0} messageContents=09080200d61602000400000051
[2026-09-13 15:13:59] debug: 	zh:controller: Received payload: clusterID=61184, address=3595, groupID=0, endpoint=1, destinationEndpoint=1, wasBroadcast=false, linkQuality=136, frame={"header":{"frameControl":{"frameType":1,"manufacturerSpecific":false,"direction":1,"disableDefaultResponse":false,"reservedBits":0},"transactionSequenceNumber":8,"commandIdentifier":2},"payload":{"seq":54784,"dpValues":[{"dp":22,"datatype":2,"data":{"type":"Buffer","data":[0,0,0,81]}}]},"command":{"name":"dataReport","ID":2,"parameters":[{"name":"seq","type":33,"max":65535},{"name":"dpValues","type":1011}]}}
[2026-09-13 15:13:59] debug: 	zh:controller:endpoint: ZCL command 0x94b216fffef3cf25/1 manuSpecificTuya.defaultRsp({"cmdId":2,"statusCode":0}, {"timeout":10000,"disableResponse":false,"disableRecovery":false,"disableDefaultResponse":true,"direction":0,"reservedBits":0,"transactionSequenceNumber":8,"writeUndiv":false})
[2026-09-13 15:13:59] debug: 	zh:ember: ~~~> [ZCL to=0x94b216fffef3cf25:3595 apsFrame={"profileId":260,"clusterId":61184,"sourceEndpoint":1,"destinationEndpoint":1,"options":4352,"groupId":0,"sequence":0} header={"frameControl":{"reservedBits":0,"frameType":0,"direction":0,"disableDefaultResponse":true,"manufacturerSpecific":false},"transactionSequenceNumber":8,"commandIdentifier":11}]
[2026-09-13 15:13:59] debug: 	zh:ember:ezsp: ===> [FRAME: ID=52:"SEND_UNICAST" Seq=34 Len=26]
[2026-09-13 15:13:59] debug: 	zh:ember:uart:ash: ---> [FRAME type=DATA frmTx=2 frmRx=5](ackRx=2)
[2026-09-13 15:13:59] debug: 	z2m: Received Zigbee message from 'Nivelagua', type 'commandDataReport', cluster 'manuSpecificTuya', data '{"dpValues":[{"data":{"data":[0,0,0,81],"type":"Buffer"},"datatype":2,"dp":22}],"seq":54784}' from endpoint 1 with groupID 0
[2026-09-13 15:13:59] info: 	z2m:mqtt: MQTT publish: topic 'zigbee2mqtt/Nivelagua', payload '{"installation_height":0.75,"linkquality":136,"liquid_depth":0.38,"liquid_depth_max":0.28,"liquid_level_percent":81,"liquid_state":"high","max_set":80,"min_set":25}'
[2026-09-13 15:13:59] debug: 	zh:ember:uart:ash: <--- [FRAME type=DATA]
[2026-09-13 15:13:59] debug: 	zh:ember:uart:ash: <--- [FRAME type=DATA ackNum=3](ackRx=2 frmTx=3)
[2026-09-13 15:13:59] debug: 	zh:ember:uart:ash: <--- [FRAME type=DATA ackNum=3 frmNum=5](frmRx=5) Added to rxQueue
[2026-09-13 15:13:59] debug: 	zh:ember:uart:ash: ---> [FRAME type=ACK frmRx=6](ackRx=3)
[2026-09-13 15:13:59] debug: 	zh:ember:ezsp: <=== [FRAME: ID=52:"SEND_UNICAST" Seq=34 Len=7]
[2026-09-13 15:13:59] debug: 	zh:ember:ezsp: ~~~> [SENT type=DIRECT apsSequence=67 messageTag=1 status=OK]
[2026-09-13 15:13:59] debug: 	zh:ember:uart:ash: <--- [FRAME type=DATA]
[2026-09-13 15:13:59] debug: 	zh:ember:uart:ash: <--- [FRAME type=DATA ackNum=3](ackRx=3 frmTx=3)
[2026-09-13 15:13:59] debug: 	zh:ember:uart:ash: <--- [FRAME type=DATA ackNum=3 frmNum=6](frmRx=6) Added to rxQueue
[2026-09-13 15:13:59] debug: 	zh:ember:uart:ash: ---> [FRAME type=ACK frmRx=7](ackRx=3)
[2026-09-13 15:13:59] debug: 	zh:ember:ezsp: <=== [CBFRAME: ID=63:"MESSAGE_SENT_HANDLER" Seq=34 Len=22]
[2026-09-13 15:13:59] debug: 	zh:ember:ezsp: ezspMessageSentHandler: status=OK type=DIRECT indexOrDestination=3595 apsFrame={"profileId":260,"clusterId":61184,"sourceEndpoint":1,"destinationEndpoint":1,"options":4352,"groupId":0,"sequence":67} messageTag=1
[2026-09-13 15:14:00] debug: 	zh:ember:uart:ash: <--- [FRAME type=DATA]
[2026-09-13 15:14:00] debug: 	zh:ember:uart:ash: <--- [FRAME type=DATA ackNum=3](ackRx=3 frmTx=3)
[2026-09-13 15:14:00] debug: 	zh:ember:uart:ash: <--- [FRAME type=DATA ackNum=3 frmNum=7](frmRx=7) Added to rxQueue
[2026-09-13 15:14:00] debug: 	zh:ember:uart:ash: ---> [FRAME type=ACK frmRx=0](ackRx=3)
[2026-09-13 15:14:00] debug: 	zh:ember:ezsp: <=== [CBFRAME: ID=69:"INCOMING_MESSAGE_HANDLER" Seq=34 Len=35]
[2026-09-13 15:14:00] debug: 	zh:ember:ezsp: ezspIncomingMessageHandler: type=UNICAST apsFrame={"profileId":260,"clusterId":61184,"sourceEndpoint":1,"destinationEndpoint":1,"options":256,"groupId":0,"sequence":141} packetInfo:{"senderShortId":3595,"senderLongId":"0xffffffffffffffff","bindingIndex":255,"addressIndex":255,"lastHopLqi":136,"lastHopRssi":-66,"lastHopTimestamp":0} messageContents=09090200d70104000102
[2026-09-13 15:14:00] debug: 	zh:controller: Received payload: clusterID=61184, address=3595, groupID=0, endpoint=1, destinationEndpoint=1, wasBroadcast=false, linkQuality=136, frame={"header":{"frameControl":{"frameType":1,"manufacturerSpecific":false,"direction":1,"disableDefaultResponse":false,"reservedBits":0},"transactionSequenceNumber":9,"commandIdentifier":2},"payload":{"seq":55040,"dpValues":[{"dp":1,"datatype":4,"data":{"type":"Buffer","data":[2]}}]},"command":{"name":"dataReport","ID":2,"parameters":[{"name":"seq","type":33,"max":65535},{"name":"dpValues","type":1011}]}}
[2026-09-13 15:14:00] debug: 	zh:controller:endpoint: ZCL command 0x94b216fffef3cf25/1 manuSpecificTuya.defaultRsp({"cmdId":2,"statusCode":0}, {"timeout":10000,"disableResponse":false,"disableRecovery":false,"disableDefaultResponse":true,"direction":0,"reservedBits":0,"transactionSequenceNumber":9,"writeUndiv":false})
[2026-09-13 15:14:00] debug: 	zh:ember: ~~~> [ZCL to=0x94b216fffef3cf25:3595 apsFrame={"profileId":260,"clusterId":61184,"sourceEndpoint":1,"destinationEndpoint":1,"options":4352,"groupId":0,"sequence":0} header={"frameControl":{"reservedBits":0,"frameType":0,"direction":0,"disableDefaultResponse":true,"manufacturerSpecific":false},"transactionSequenceNumber":9,"commandIdentifier":11}]
[2026-09-13 15:14:00] debug: 	zh:ember:ezsp: ===> [FRAME: ID=52:"SEND_UNICAST" Seq=35 Len=26]
[2026-09-13 15:14:00] debug: 	zh:ember:uart:ash: ---> [FRAME type=DATA frmTx=3 frmRx=0](ackRx=3)
[2026-09-13 15:14:00] debug: 	z2m: Received Zigbee message from 'Nivelagua', type 'commandDataReport', cluster 'manuSpecificTuya', data '{"dpValues":[{"data":{"data":[2],"type":"Buffer"},"datatype":4,"dp":1}],"seq":55040}' from endpoint 1 with groupID 0
[2026-09-13 15:14:00] info: 	z2m:mqtt: MQTT publish: topic 'zigbee2mqtt/Nivelagua', payload '{"installation_height":0.75,"linkquality":136,"liquid_depth":0.38,"liquid_depth_max":0.28,"liquid_level_percent":81,"liquid_state":"high","max_set":80,"min_set":25}'
[2026-09-13 15:14:00] debug: 	zh:ember:uart:ash: <--- [FRAME type=DATA]
[2026-09-13 15:14:00] debug: 	zh:ember:uart:ash: <--- [FRAME type=DATA ackNum=4](ackRx=3 frmTx=4)
[2026-09-13 15:14:00] debug: 	zh:ember:uart:ash: <--- [FRAME type=DATA ackNum=4 frmNum=0](frmRx=0) Added to rxQueue
[2026-09-13 15:14:00] debug: 	zh:ember:uart:ash: ---> [FRAME type=ACK frmRx=1](ackRx=4)
[2026-09-13 15:14:00] debug: 	zh:ember:ezsp: <=== [FRAME: ID=52:"SEND_UNICAST" Seq=35 Len=7]
[2026-09-13 15:14:00] debug: 	zh:ember:ezsp: ~~~> [SENT type=DIRECT apsSequence=68 messageTag=2 status=OK]
[2026-09-13 15:14:00] debug: 	zh:ember:uart:ash: <--- [FRAME type=DATA]
[2026-09-13 15:14:00] debug: 	zh:ember:uart:ash: <--- [FRAME type=DATA ackNum=4](ackRx=4 frmTx=4)
[2026-09-13 15:14:00] debug: 	zh:ember:uart:ash: <--- [FRAME type=DATA ackNum=4 frmNum=1](frmRx=1) Added to rxQueue
[2026-09-13 15:14:00] debug: 	zh:ember:uart:ash: ---> [FRAME type=ACK frmRx=2](ackRx=4)
[2026-09-13 15:14:00] debug: 	zh:ember:ezsp: <=== [CBFRAME: ID=63:"MESSAGE_SENT_HANDLER" Seq=35 Len=22]
[2026-09-13 15:14:00] debug: 	zh:ember:ezsp: ezspMessageSentHandler: status=OK type=DIRECT indexOrDestination=3595 apsFrame={"profileId":260,"clusterId":61184,"sourceEndpoint":1,"destinationEndpoint":1,"options":4352,"groupId":0,"sequence":68} messageTag=2
[2026-09-13 15:14:00] debug: 	zh:ember:uart:ash: <--- [FRAME type=DATA]
[2026-09-13 15:14:00] debug: 	zh:ember:uart:ash: <--- [FRAME type=DATA ackNum=4](ackRx=4 frmTx=4)
[2026-09-13 15:14:00] debug: 	zh:ember:uart:ash: <--- [FRAME type=DATA ackNum=4 frmNum=2](frmRx=2) Added to rxQueue
[2026-09-13 15:14:00] debug: 	zh:ember:uart:ash: ---> [FRAME type=ACK frmRx=3](ackRx=4)
[2026-09-13 15:14:00] debug: 	zh:ember:ezsp: <=== [CBFRAME: ID=69:"INCOMING_MESSAGE_HANDLER" Seq=35 Len=38]
[2026-09-13 15:14:00] debug: 	zh:ember:ezsp: ezspIncomingMessageHandler: type=UNICAST apsFrame={"profileId":260,"clusterId":61184,"sourceEndpoint":1,"destinationEndpoint":1,"options":256,"groupId":0,"sequence":142} packetInfo:{"senderShortId":3595,"senderLongId":"0xffffffffffffffff","bindingIndex":255,"addressIndex":255,"lastHopLqi":136,"lastHopRssi":-66,"lastHopTimestamp":0} messageContents=090a0200d80202000400000026
[2026-09-13 15:14:00] debug: 	zh:controller: Received payload: clusterID=61184, address=3595, groupID=0, endpoint=1, destinationEndpoint=1, wasBroadcast=false, linkQuality=136, frame={"header":{"frameControl":{"frameType":1,"manufacturerSpecific":false,"direction":1,"disableDefaultResponse":false,"reservedBits":0},"transactionSequenceNumber":10,"commandIdentifier":2},"payload":{"seq":55296,"dpValues":[{"dp":2,"datatype":2,"data":{"type":"Buffer","data":[0,0,0,38]}}]},"command":{"name":"dataReport","ID":2,"parameters":[{"name":"seq","type":33,"max":65535},{"name":"dpValues","type":1011}]}}
[2026-09-13 15:14:00] debug: 	zh:controller:endpoint: ZCL command 0x94b216fffef3cf25/1 manuSpecificTuya.defaultRsp({"cmdId":2,"statusCode":0}, {"timeout":10000,"disableResponse":false,"disableRecovery":false,"disableDefaultResponse":true,"direction":0,"reservedBits":0,"transactionSequenceNumber":10,"writeUndiv":false})
[2026-09-13 15:14:00] debug: 	zh:ember: ~~~> [ZCL to=0x94b216fffef3cf25:3595 apsFrame={"profileId":260,"clusterId":61184,"sourceEndpoint":1,"destinationEndpoint":1,"options":4352,"groupId":0,"sequence":0} header={"frameControl":{"reservedBits":0,"frameType":0,"direction":0,"disableDefaultResponse":true,"manufacturerSpecific":false},"transactionSequenceNumber":10,"commandIdentifier":11}]
[2026-09-13 15:14:00] debug: 	zh:ember:ezsp: ===> [FRAME: ID=52:"SEND_UNICAST" Seq=36 Len=26]
[2026-09-13 15:14:00] debug: 	zh:ember:uart:ash: ---> [FRAME type=DATA frmTx=4 frmRx=3](ackRx=4)
[2026-09-13 15:14:00] debug: 	z2m: Received Zigbee message from 'Nivelagua', type 'commandDataReport', cluster 'manuSpecificTuya', data '{"dpValues":[{"data":{"data":[0,0,0,38],"type":"Buffer"},"datatype":2,"dp":2}],"seq":55296}' from endpoint 1 with groupID 0
[2026-09-13 15:14:00] info: 	z2m:mqtt: MQTT publish: topic 'zigbee2mqtt/Nivelagua', payload '{"installation_height":0.75,"linkquality":136,"liquid_depth":0.38,"liquid_depth_max":0.28,"liquid_level_percent":81,"liquid_state":"high","max_set":80,"min_set":25}'
[2026-09-13 15:14:00] debug: 	zh:ember:uart:ash: <--- [FRAME type=DATA]
[2026-09-13 15:14:00] debug: 	zh:ember:uart:ash: <--- [FRAME type=DATA ackNum=5](ackRx=4 frmTx=5)
[2026-09-13 15:14:00] debug: 	zh:ember:uart:ash: <--- [FRAME type=DATA ackNum=5 frmNum=3](frmRx=3) Added to rxQueue
[2026-09-13 15:14:00] debug: 	zh:ember:uart:ash: ---> [FRAME type=ACK frmRx=4](ackRx=5)
[2026-09-13 15:14:00] debug: 	zh:ember:ezsp: <=== [FRAME: ID=52:"SEND_UNICAST" Seq=36 Len=7]
[2026-09-13 15:14:00] debug: 	zh:ember:ezsp: ~~~> [SENT type=DIRECT apsSequence=69 messageTag=3 status=OK]
[2026-09-13 15:14:00] debug: 	zh:ember:uart:ash: <--- [FRAME type=DATA]
[2026-09-13 15:14:00] debug: 	zh:ember:uart:ash: <--- [FRAME type=DATA ackNum=5](ackRx=5 frmTx=5)
[2026-09-13 15:14:00] debug: 	zh:ember:uart:ash: <--- [FRAME type=DATA ackNum=5 frmNum=4](frmRx=4) Added to rxQueue
[2026-09-13 15:14:00] debug: 	zh:ember:uart:ash: ---> [FRAME type=ACK frmRx=5](ackRx=5)
[2026-09-13 15:14:00] debug: 	zh:ember:ezsp: <=== [CBFRAME: ID=63:"MESSAGE_SENT_HANDLER" Seq=36 Len=22]
[2026-09-13 15:14:00] debug: 	zh:ember:ezsp: ezspMessageSentHandler: status=OK type=DIRECT indexOrDestination=3595 apsFrame={"profileId":260,"clusterId":61184,"sourceEndpoint":1,"destinationEndpoint":1,"options":4352,"groupId":0,"sequence":69} messageTag=3
[2026-09-13 15:14:00] debug: 	zh:ember:uart:ash: <--- [FRAME type=DATA]
[2026-09-13 15:14:00] debug: 	zh:ember:uart:ash: <--- [FRAME type=DATA ackNum=5](ackRx=5 frmTx=5)
[2026-09-13 15:14:00] debug: 	zh:ember:uart:ash: <--- [FRAME type=DATA ackNum=5 frmNum=5](frmRx=5) Added to rxQueue
[2026-09-13 15:14:00] debug: 	zh:ember:uart:ash: ---> [FRAME type=ACK frmRx=6](ackRx=5)
[2026-09-13 15:14:00] debug: 	zh:ember:ezsp: <=== [CBFRAME: ID=69:"INCOMING_MESSAGE_HANDLER" Seq=36 Len=38]
[2026-09-13 15:14:00] debug: 	zh:ember:ezsp: ezspIncomingMessageHandler: type=UNICAST apsFrame={"profileId":260,"clusterId":61184,"sourceEndpoint":1,"destinationEndpoint":1,"options":256,"groupId":0,"sequence":143} packetInfo:{"senderShortId":3595,"senderLongId":"0xffffffffffffffff","bindingIndex":255,"addressIndex":255,"lastHopLqi":136,"lastHopRssi":-66,"lastHopTimestamp":0} messageContents=090b0200d91602000400000051
[2026-09-13 15:14:00] debug: 	zh:controller: Received payload: clusterID=61184, address=3595, groupID=0, endpoint=1, destinationEndpoint=1, wasBroadcast=false, linkQuality=136, frame={"header":{"frameControl":{"frameType":1,"manufacturerSpecific":false,"direction":1,"disableDefaultResponse":false,"reservedBits":0},"transactionSequenceNumber":11,"commandIdentifier":2},"payload":{"seq":55552,"dpValues":[{"dp":22,"datatype":2,"data":{"type":"Buffer","data":[0,0,0,81]}}]},"command":{"name":"dataReport","ID":2,"parameters":[{"name":"seq","type":33,"max":65535},{"name":"dpValues","type":1011}]}}
[2026-09-13 15:14:00] debug: 	zh:controller:endpoint: ZCL command 0x94b216fffef3cf25/1 manuSpecificTuya.defaultRsp({"cmdId":2,"statusCode":0}, {"timeout":10000,"disableResponse":false,"disableRecovery":false,"disableDefaultResponse":true,"direction":0,"reservedBits":0,"transactionSequenceNumber":11,"writeUndiv":false})
[2026-09-13 15:14:00] debug: 	zh:ember: ~~~> [ZCL to=0x94b216fffef3cf25:3595 apsFrame={"profileId":260,"clusterId":61184,"sourceEndpoint":1,"destinationEndpoint":1,"options":4352,"groupId":0,"sequence":0} header={"frameControl":{"reservedBits":0,"frameType":0,"direction":0,"disableDefaultResponse":true,"manufacturerSpecific":false},"transactionSequenceNumber":11,"commandIdentifier":11}]
[2026-09-13 15:14:00] debug: 	zh:ember:ezsp: ===> [FRAME: ID=52:"SEND_UNICAST" Seq=37 Len=26]
[2026-09-13 15:14:00] debug: 	zh:ember:uart:ash: ---> [FRAME type=DATA frmTx=5 frmRx=6](ackRx=5)
[2026-09-13 15:14:00] debug: 	z2m: Received Zigbee message from 'Nivelagua', type 'commandDataReport', cluster 'manuSpecificTuya', data '{"dpValues":[{"data":{"data":[0,0,0,81],"type":"Buffer"},"datatype":2,"dp":22}],"seq":55552}' from endpoint 1 with groupID 0
[2026-09-13 15:14:00] info: 	z2m:mqtt: MQTT publish: topic 'zigbee2mqtt/Nivelagua', payload '{"installation_height":0.75,"linkquality":136,"liquid_depth":0.38,"liquid_depth_max":0.28,"liquid_level_percent":81,"liquid_state":"high","max_set":80,"min_set":25}'
[2026-09-13 15:14:00] debug: 	zh:ember:uart:ash: <--- [FRAME type=DATA]
[2026-09-13 15:14:00] debug: 	zh:ember:uart:ash: <--- [FRAME type=DATA ackNum=6](ackRx=5 frmTx=6)
[2026-09-13 15:14:00] debug: 	zh:ember:uart:ash: <--- [FRAME type=DATA ackNum=6 frmNum=6](frmRx=6) Added to rxQueue
[2026-09-13 15:14:00] debug: 	zh:ember:uart:ash: ---> [FRAME type=ACK frmRx=7](ackRx=6)
[2026-09-13 15:14:00] debug: 	zh:ember:ezsp: <=== [FRAME: ID=52:"SEND_UNICAST" Seq=37 Len=7]
[2026-09-13 15:14:00] debug: 	zh:ember:ezsp: ~~~> [SENT type=DIRECT apsSequence=70 messageTag=4 status=OK]
[2026-09-13 15:14:00] debug: 	zh:ember:uart:ash: <--- [FRAME type=DATA]
[2026-09-13 15:14:00] debug: 	zh:ember:uart:ash: <--- [FRAME type=DATA ackNum=6](ackRx=6 frmTx=6)
[2026-09-13 15:14:00] debug: 	zh:ember:uart:ash: <--- [FRAME type=DATA ackNum=6 frmNum=7](frmRx=7) Added to rxQueue
[2026-09-13 15:14:00] debug: 	zh:ember:uart:ash: ---> [FRAME type=ACK frmRx=0](ackRx=6)
[2026-09-13 15:14:00] debug: 	zh:ember:ezsp: <=== [CBFRAME: ID=63:"MESSAGE_SENT_HANDLER" Seq=37 Len=22]
[2026-09-13 15:14:00] debug: 	zh:ember:ezsp: ezspMessageSentHandler: status=OK type=DIRECT indexOrDestination=3595 apsFrame={"profileId":260,"clusterId":61184,"sourceEndpoint":1,"destinationEndpoint":1,"options":4352,"groupId":0,"sequence":70} messageTag=4
[2026-09-13 15:14:01] debug: 	zh:ember:uart:ash: <--- [FRAME type=DATA]
[2026-09-13 15:14:01] debug: 	zh:ember:uart:ash: <--- [FRAME type=DATA ackNum=6](ackRx=6 frmTx=6)
[2026-09-13 15:14:01] debug: 	zh:ember:uart:ash: <--- [FRAME type=DATA ackNum=6 frmNum=0](frmRx=0) Added to rxQueue
[2026-09-13 15:14:01] debug: 	zh:ember:uart:ash: ---> [FRAME type=ACK frmRx=1](ackRx=6)
[2026-09-13 15:14:01] debug: 	zh:ember:ezsp: <=== [CBFRAME: ID=69:"INCOMING_MESSAGE_HANDLER" Seq=37 Len=35]
[2026-09-13 15:14:01] debug: 	zh:ember:ezsp: ezspIncomingMessageHandler: type=UNICAST apsFrame={"profileId":260,"clusterId":61184,"sourceEndpoint":1,"destinationEndpoint":1,"options":256,"groupId":0,"sequence":144} packetInfo:{"senderShortId":3595,"senderLongId":"0xffffffffffffffff","bindingIndex":255,"addressIndex":255,"lastHopLqi":136,"lastHopRssi":-66,"lastHopTimestamp":0} messageContents=090c0200da0104000102
[2026-09-13 15:14:01] debug: 	zh:controller: Received payload: clusterID=61184, address=3595, groupID=0, endpoint=1, destinationEndpoint=1, wasBroadcast=false, linkQuality=136, frame={"header":{"frameControl":{"frameType":1,"manufacturerSpecific":false,"direction":1,"disableDefaultResponse":false,"reservedBits":0},"transactionSequenceNumber":12,"commandIdentifier":2},"payload":{"seq":55808,"dpValues":[{"dp":1,"datatype":4,"data":{"type":"Buffer","data":[2]}}]},"command":{"name":"dataReport","ID":2,"parameters":[{"name":"seq","type":33,"max":65535},{"name":"dpValues","type":1011}]}}
[2026-09-13 15:14:01] debug: 	zh:controller:endpoint: ZCL command 0x94b216fffef3cf25/1 manuSpecificTuya.defaultRsp({"cmdId":2,"statusCode":0}, {"timeout":10000,"disableResponse":false,"disableRecovery":false,"disableDefaultResponse":true,"direction":0,"reservedBits":0,"transactionSequenceNumber":12,"writeUndiv":false})
[2026-09-13 15:14:01] debug: 	zh:ember: ~~~> [ZCL to=0x94b216fffef3cf25:3595 apsFrame={"profileId":260,"clusterId":61184,"sourceEndpoint":1,"destinationEndpoint":1,"options":4352,"groupId":0,"sequence":0} header={"frameControl":{"reservedBits":0,"frameType":0,"direction":0,"disableDefaultResponse":true,"manufacturerSpecific":false},"transactionSequenceNumber":12,"commandIdentifier":11}]
[2026-09-13 15:14:01] debug: 	zh:ember:ezsp: ===> [FRAME: ID=52:"SEND_UNICAST" Seq=38 Len=26]
[2026-09-13 15:14:01] debug: 	zh:ember:uart:ash: ---> [FRAME type=DATA frmTx=6 frmRx=1](ackRx=6)
[2026-09-13 15:14:01] debug: 	z2m: Received Zigbee message from 'Nivelagua', type 'commandDataReport', cluster 'manuSpecificTuya', data '{"dpValues":[{"data":{"data":[2],"type":"Buffer"},"datatype":4,"dp":1}],"seq":55808}' from endpoint 1 with groupID 0
[2026-09-13 15:14:01] info: 	z2m:mqtt: MQTT publish: topic 'zigbee2mqtt/Nivelagua', payload '{"installation_height":0.75,"linkquality":136,"liquid_depth":0.38,"liquid_depth_max":0.28,"liquid_level_percent":81,"liquid_state":"high","max_set":80,"min_set":25}'
[2026-09-13 15:14:01] debug: 	zh:ember:uart:ash: <--- [FRAME type=DATA]
[2026-09-13 15:14:01] debug: 	zh:ember:uart:ash: <--- [FRAME type=DATA ackNum=7](ackRx=6 frmTx=7)
[2026-09-13 15:14:01] debug: 	zh:ember:uart:ash: <--- [FRAME type=DATA ackNum=7 frmNum=1](frmRx=1) Added to rxQueue
[2026-09-13 15:14:01] debug: 	zh:ember:uart:ash: ---> [FRAME type=ACK frmRx=2](ackRx=7)
[2026-09-13 15:14:01] debug: 	zh:ember:ezsp: <=== [FRAME: ID=52:"SEND_UNICAST" Seq=38 Len=7]
[2026-09-13 15:14:01] debug: 	zh:ember:ezsp: ~~~> [SENT type=DIRECT apsSequence=71 messageTag=5 status=OK]
[2026-09-13 15:14:01] debug: 	zh:ember:uart:ash: <--- [FRAME type=DATA]
[2026-09-13 15:14:01] debug: 	zh:ember:uart:ash: <--- [FRAME type=DATA ackNum=7](ackRx=7 frmTx=7)
[2026-09-13 15:14:01] debug: 	zh:ember:uart:ash: <--- [FRAME type=DATA ackNum=7 frmNum=2](frmRx=2) Added to rxQueue
[2026-09-13 15:14:01] debug: 	zh:ember:uart:ash: ---> [FRAME type=ACK frmRx=3](ackRx=7)
[2026-09-13 15:14:01] debug: 	zh:ember:ezsp: <=== [CBFRAME: ID=63:"MESSAGE_SENT_HANDLER" Seq=38 Len=22]
[2026-09-13 15:14:01] debug: 	zh:ember:ezsp: ezspMessageSentHandler: status=OK type=DIRECT indexOrDestination=3595 apsFrame={"profileId":260,"clusterId":61184,"sourceEndpoint":1,"destinationEndpoint":1,"options":4352,"groupId":0,"sequence":71} messageTag=5
[2026-09-13 15:14:01] debug: 	zh:ember:uart:ash: <--- [FRAME type=DATA]
[2026-09-13 15:14:01] debug: 	zh:ember:uart:ash: <--- [FRAME type=DATA ackNum=7](ackRx=7 frmTx=7)
[2026-09-13 15:14:01] debug: 	zh:ember:uart:ash: <--- [FRAME type=DATA ackNum=7 frmNum=3](frmRx=3) Added to rxQueue
[2026-09-13 15:14:01] debug: 	zh:ember:uart:ash: ---> [FRAME type=ACK frmRx=4](ackRx=7)
[2026-09-13 15:14:01] debug: 	zh:ember:ezsp: <=== [CBFRAME: ID=69:"INCOMING_MESSAGE_HANDLER" Seq=38 Len=38]
[2026-09-13 15:14:01] debug: 	zh:ember:ezsp: ezspIncomingMessageHandler: type=UNICAST apsFrame={"profileId":260,"clusterId":61184,"sourceEndpoint":1,"destinationEndpoint":1,"options":256,"groupId":0,"sequence":145} packetInfo:{"senderShortId":3595,"senderLongId":"0xffffffffffffffff","bindingIndex":255,"addressIndex":255,"lastHopLqi":136,"lastHopRssi":-66,"lastHopTimestamp":0} messageContents=090d0200db0202000400000026
[2026-09-13 15:14:01] debug: 	zh:controller: Received payload: clusterID=61184, address=3595, groupID=0, endpoint=1, destinationEndpoint=1, wasBroadcast=false, linkQuality=136, frame={"header":{"frameControl":{"frameType":1,"manufacturerSpecific":false,"direction":1,"disableDefaultResponse":false,"reservedBits":0},"transactionSequenceNumber":13,"commandIdentifier":2},"payload":{"seq":56064,"dpValues":[{"dp":2,"datatype":2,"data":{"type":"Buffer","data":[0,0,0,38]}}]},"command":{"name":"dataReport","ID":2,"parameters":[{"name":"seq","type":33,"max":65535},{"name":"dpValues","type":1011}]}}
[2026-09-13 15:14:01] debug: 	zh:controller:endpoint: ZCL command 0x94b216fffef3cf25/1 manuSpecificTuya.defaultRsp({"cmdId":2,"statusCode":0}, {"timeout":10000,"disableResponse":false,"disableRecovery":false,"disableDefaultResponse":true,"direction":0,"reservedBits":0,"transactionSequenceNumber":13,"writeUndiv":false})
[2026-09-13 15:14:01] debug: 	zh:ember: ~~~> [ZCL to=0x94b216fffef3cf25:3595 apsFrame={"profileId":260,"clusterId":61184,"sourceEndpoint":1,"destinationEndpoint":1,"options":4352,"groupId":0,"sequence":0} header={"frameControl":{"reservedBits":0,"frameType":0,"direction":0,"disableDefaultResponse":true,"manufacturerSpecific":false},"transactionSequenceNumber":13,"commandIdentifier":11}]
[2026-09-13 15:14:01] debug: 	zh:ember:ezsp: ===> [FRAME: ID=52:"SEND_UNICAST" Seq=39 Len=26]
[2026-09-13 15:14:01] debug: 	zh:ember:uart:ash: ---> [FRAME type=DATA frmTx=7 frmRx=4](ackRx=7)
[2026-09-13 15:14:01] debug: 	z2m: Received Zigbee message from 'Nivelagua', type 'commandDataReport', cluster 'manuSpecificTuya', data '{"dpValues":[{"data":{"data":[0,0,0,38],"type":"Buffer"},"datatype":2,"dp":2}],"seq":56064}' from endpoint 1 with groupID 0
[2026-09-13 15:14:01] info: 	z2m:mqtt: MQTT publish: topic 'zigbee2mqtt/Nivelagua', payload '{"installation_height":0.75,"linkquality":136,"liquid_depth":0.38,"liquid_depth_max":0.28,"liquid_level_percent":81,"liquid_state":"high","max_set":80,"min_set":25}'
[2026-09-13 15:14:01] debug: 	zh:ember:uart:ash: <--- [FRAME type=DATA]
[2026-09-13 15:14:01] debug: 	zh:ember:uart:ash: <--- [FRAME type=DATA ackNum=0](ackRx=7 frmTx=0)
[2026-09-13 15:14:01] debug: 	zh:ember:uart:ash: <--- [FRAME type=DATA ackNum=0 frmNum=4](frmRx=4) Added to rxQueue
[2026-09-13 15:14:01] debug: 	zh:ember:uart:ash: ---> [FRAME type=ACK frmRx=5](ackRx=0)
[2026-09-13 15:14:01] debug: 	zh:ember:ezsp: <=== [FRAME: ID=52:"SEND_UNICAST" Seq=39 Len=7]
[2026-09-13 15:14:01] debug: 	zh:ember:ezsp: ~~~> [SENT type=DIRECT apsSequence=72 messageTag=6 status=OK]
[2026-09-13 15:14:01] debug: 	zh:ember:uart:ash: <--- [FRAME type=DATA]
[2026-09-13 15:14:01] debug: 	zh:ember:uart:ash: <--- [FRAME type=DATA ackNum=0](ackRx=0 frmTx=0)
[2026-09-13 15:14:01] debug: 	zh:ember:uart:ash: <--- [FRAME type=DATA ackNum=0 frmNum=5](frmRx=5) Added to rxQueue
[2026-09-13 15:14:01] debug: 	zh:ember:uart:ash: ---> [FRAME type=ACK frmRx=6](ackRx=0)
[2026-09-13 15:14:01] debug: 	zh:ember:ezsp: <=== [CBFRAME: ID=63:"MESSAGE_SENT_HANDLER" Seq=39 Len=22]
[2026-09-13 15:14:01] debug: 	zh:ember:ezsp: ezspMessageSentHandler: status=OK type=DIRECT indexOrDestination=3595 apsFrame={"profileId":260,"clusterId":61184,"sourceEndpoint":1,"destinationEndpoint":1,"options":4352,"groupId":0,"sequence":72} messageTag=6
[2026-09-13 15:14:01] debug: 	zh:ember:uart:ash: <--- [FRAME type=DATA]
[2026-09-13 15:14:01] debug: 	zh:ember:uart:ash: <--- [FRAME type=DATA ackNum=0](ackRx=0 frmTx=0)
[2026-09-13 15:14:01] debug: 	zh:ember:uart:ash: <--- [FRAME type=DATA ackNum=0 frmNum=6](frmRx=6) Added to rxQueue
[2026-09-13 15:14:01] debug: 	zh:ember:uart:ash: ---> [FRAME type=ACK frmRx=7](ackRx=0)
[2026-09-13 15:14:01] debug: 	zh:ember:ezsp: <=== [CBFRAME: ID=69:"INCOMING_MESSAGE_HANDLER" Seq=39 Len=38]
[2026-09-13 15:14:01] debug: 	zh:ember:ezsp: ezspIncomingMessageHandler: type=UNICAST apsFrame={"profileId":260,"clusterId":61184,"sourceEndpoint":1,"destinationEndpoint":1,"options":256,"groupId":0,"sequence":146} packetInfo:{"senderShortId":3595,"senderLongId":"0xffffffffffffffff","bindingIndex":255,"addressIndex":255,"lastHopLqi":136,"lastHopRssi":-66,"lastHopTimestamp":0} messageContents=090e0200dc1602000400000051
[2026-09-13 15:14:01] debug: 	zh:controller: Received payload: clusterID=61184, address=3595, groupID=0, endpoint=1, destinationEndpoint=1, wasBroadcast=false, linkQuality=136, frame={"header":{"frameControl":{"frameType":1,"manufacturerSpecific":false,"direction":1,"disableDefaultResponse":false,"reservedBits":0},"transactionSequenceNumber":14,"commandIdentifier":2},"payload":{"seq":56320,"dpValues":[{"dp":22,"datatype":2,"data":{"type":"Buffer","data":[0,0,0,81]}}]},"command":{"name":"dataReport","ID":2,"parameters":[{"name":"seq","type":33,"max":65535},{"name":"dpValues","type":1011}]}}
[2026-09-13 15:14:01] debug: 	zh:controller:endpoint: ZCL command 0x94b216fffef3cf25/1 manuSpecificTuya.defaultRsp({"cmdId":2,"statusCode":0}, {"timeout":10000,"disableResponse":false,"disableRecovery":false,"disableDefaultResponse":true,"direction":0,"reservedBits":0,"transactionSequenceNumber":14,"writeUndiv":false})
[2026-09-13 15:14:01] debug: 	zh:ember: ~~~> [ZCL to=0x94b216fffef3cf25:3595 apsFrame={"profileId":260,"clusterId":61184,"sourceEndpoint":1,"destinationEndpoint":1,"options":4352,"groupId":0,"sequence":0} header={"frameControl":{"reservedBits":0,"frameType":0,"direction":0,"disableDefaultResponse":true,"manufacturerSpecific":false},"transactionSequenceNumber":14,"commandIdentifier":11}]
[2026-09-13 15:14:01] debug: 	zh:ember:ezsp: ===> [FRAME: ID=52:"SEND_UNICAST" Seq=40 Len=26]
[2026-09-13 15:14:01] debug: 	zh:ember:uart:ash: ---> [FRAME type=DATA frmTx=0 frmRx=7](ackRx=0)
[2026-09-13 15:14:01] debug: 	z2m: Received Zigbee message from 'Nivelagua', type 'commandDataReport', cluster 'manuSpecificTuya', data '{"dpValues":[{"data":{"data":[0,0,0,81],"type":"Buffer"},"datatype":2,"dp":22}],"seq":56320}' from endpoint 1 with groupID 0
[2026-09-13 15:14:01] info: 	z2m:mqtt: MQTT publish: topic 'zigbee2mqtt/Nivelagua', payload '{"installation_height":0.75,"linkquality":136,"liquid_depth":0.38,"liquid_depth_max":0.28,"liquid_level_percent":81,"liquid_state":"high","max_set":80,"min_set":25}'
[2026-09-13 15:14:01] debug: 	zh:ember:uart:ash: <--- [FRAME type=DATA]
[2026-09-13 15:14:01] debug: 	zh:ember:uart:ash: <--- [FRAME type=DATA ackNum=1](ackRx=0 frmTx=1)
[2026-09-13 15:14:01] debug: 	zh:ember:uart:ash: <--- [FRAME type=DATA ackNum=1 frmNum=7](frmRx=7) Added to rxQueue
[2026-09-13 15:14:01] debug: 	zh:ember:uart:ash: ---> [FRAME type=ACK frmRx=0](ackRx=1)
[2026-09-13 15:14:01] debug: 	zh:ember:ezsp: <=== [FRAME: ID=52:"SEND_UNICAST" Seq=40 Len=7]
[2026-09-13 15:14:01] debug: 	zh:ember:ezsp: ~~~> [SENT type=DIRECT apsSequence=73 messageTag=7 status=OK]
[2026-09-13 15:14:01] debug: 	zh:ember:uart:ash: <--- [FRAME type=DATA]
[2026-09-13 15:14:01] debug: 	zh:ember:uart:ash: <--- [FRAME type=DATA ackNum=1](ackRx=1 frmTx=1)
[2026-09-13 15:14:01] debug: 	zh:ember:uart:ash: <--- [FRAME type=DATA ackNum=1 frmNum=0](frmRx=0) Added to rxQueue
[2026-09-13 15:14:01] debug: 	zh:ember:uart:ash: ---> [FRAME type=ACK frmRx=1](ackRx=1)
[2026-09-13 15:14:01] debug: 	zh:ember:ezsp: <=== [CBFRAME: ID=63:"MESSAGE_SENT_HANDLER" Seq=40 Len=22]
[2026-09-13 15:14:01] debug: 	zh:ember:ezsp: ezspMessageSentHandler: status=OK type=DIRECT indexOrDestination=3595 apsFrame={"profileId":260,"clusterId":61184,"sourceEndpoint":1,"destinationEndpoint":1,"options":4352,"groupId":0,"sequence":73} messageTag=7
[2026-09-13 15:14:02] debug: 	zh:ember:uart:ash: <--- [FRAME type=DATA]
[2026-09-13 15:14:02] debug: 	zh:ember:uart:ash: <--- [FRAME type=DATA ackNum=1](ackRx=1 frmTx=1)
[2026-09-13 15:14:02] debug: 	zh:ember:uart:ash: <--- [FRAME type=DATA ackNum=1 frmNum=1](frmRx=1) Added to rxQueue
[2026-09-13 15:14:02] debug: 	zh:ember:uart:ash: ---> [FRAME type=ACK frmRx=2](ackRx=1)
[2026-09-13 15:14:02] debug: 	zh:ember:ezsp: <=== [CBFRAME: ID=69:"INCOMING_MESSAGE_HANDLER" Seq=40 Len=35]
[2026-09-13 15:14:02] debug: 	zh:ember:ezsp: ezspIncomingMessageHandler: type=UNICAST apsFrame={"profileId":260,"clusterId":61184,"sourceEndpoint":1,"destinationEndpoint":1,"options":256,"groupId":0,"sequence":147} packetInfo:{"senderShortId":3595,"senderLongId":"0xffffffffffffffff","bindingIndex":255,"addressIndex":255,"lastHopLqi":136,"lastHopRssi":-66,"lastHopTimestamp":0} messageContents=090f0200dd0104000102
[2026-09-13 15:14:02] debug: 	zh:controller: Received payload: clusterID=61184, address=3595, groupID=0, endpoint=1, destinationEndpoint=1, wasBroadcast=false, linkQuality=136, frame={"header":{"frameControl":{"frameType":1,"manufacturerSpecific":false,"direction":1,"disableDefaultResponse":false,"reservedBits":0},"transactionSequenceNumber":15,"commandIdentifier":2},"payload":{"seq":56576,"dpValues":[{"dp":1,"datatype":4,"data":{"type":"Buffer","data":[2]}}]},"command":{"name":"dataReport","ID":2,"parameters":[{"name":"seq","type":33,"max":65535},{"name":"dpValues","type":1011}]}}
[2026-09-13 15:14:02] debug: 	zh:controller:endpoint: ZCL command 0x94b216fffef3cf25/1 manuSpecificTuya.defaultRsp({"cmdId":2,"statusCode":0}, {"timeout":10000,"disableResponse":false,"disableRecovery":false,"disableDefaultResponse":true,"direction":0,"reservedBits":0,"transactionSequenceNumber":15,"writeUndiv":false})
[2026-09-13 15:14:02] debug: 	zh:ember: ~~~> [ZCL to=0x94b216fffef3cf25:3595 apsFrame={"profileId":260,"clusterId":61184,"sourceEndpoint":1,"destinationEndpoint":1,"options":4352,"groupId":0,"sequence":0} header={"frameControl":{"reservedBits":0,"frameType":0,"direction":0,"disableDefaultResponse":true,"manufacturerSpecific":false},"transactionSequenceNumber":15,"commandIdentifier":11}]
[2026-09-13 15:14:02] debug: 	zh:ember:ezsp: ===> [FRAME: ID=52:"SEND_UNICAST" Seq=41 Len=26]
[2026-09-13 15:14:02] debug: 	zh:ember:uart:ash: ---> [FRAME type=DATA frmTx=1 frmRx=2](ackRx=1)
[2026-09-13 15:14:02] debug: 	z2m: Received Zigbee message from 'Nivelagua', type 'commandDataReport', cluster 'manuSpecificTuya', data '{"dpValues":[{"data":{"data":[2],"type":"Buffer"},"datatype":4,"dp":1}],"seq":56576}' from endpoint 1 with groupID 0
[2026-09-13 15:14:02] info: 	z2m:mqtt: MQTT publish: topic 'zigbee2mqtt/Nivelagua', payload '{"installation_height":0.75,"linkquality":136,"liquid_depth":0.38,"liquid_depth_max":0.28,"liquid_level_percent":81,"liquid_state":"high","max_set":80,"min_set":25}'
[2026-09-13 15:14:02] debug: 	zh:ember:uart:ash: <--- [FRAME type=DATA]
[2026-09-13 15:14:02] debug: 	zh:ember:uart:ash: <--- [FRAME type=DATA ackNum=2](ackRx=1 frmTx=2)
[2026-09-13 15:14:02] debug: 	zh:ember:uart:ash: <--- [FRAME type=DATA ackNum=2 frmNum=2](frmRx=2) Added to rxQueue
[2026-09-13 15:14:02] debug: 	zh:ember:uart:ash: ---> [FRAME type=ACK frmRx=3](ackRx=2)
[2026-09-13 15:14:02] debug: 	zh:ember:ezsp: <=== [FRAME: ID=52:"SEND_UNICAST" Seq=41 Len=7]
[2026-09-13 15:14:02] debug: 	zh:ember:ezsp: ~~~> [SENT type=DIRECT apsSequence=74 messageTag=8 status=OK]
[2026-09-13 15:14:02] debug: 	zh:ember:uart:ash: <--- [FRAME type=DATA]
[2026-09-13 15:14:02] debug: 	zh:ember:uart:ash: <--- [FRAME type=DATA ackNum=2](ackRx=2 frmTx=2)
[2026-09-13 15:14:02] debug: 	zh:ember:uart:ash: <--- [FRAME type=DATA ackNum=2 frmNum=3](frmRx=3) Added to rxQueue
[2026-09-13 15:14:02] debug: 	zh:ember:uart:ash: ---> [FRAME type=ACK frmRx=4](ackRx=2)
[2026-09-13 15:14:02] debug: 	zh:ember:ezsp: <=== [CBFRAME: ID=63:"MESSAGE_SENT_HANDLER" Seq=41 Len=22]
[2026-09-13 15:14:02] debug: 	zh:ember:ezsp: ezspMessageSentHandler: status=OK type=DIRECT indexOrDestination=3595 apsFrame={"profileId":260,"clusterId":61184,"sourceEndpoint":1,"destinationEndpoint":1,"options":4352,"groupId":0,"sequence":74} messageTag=8
[2026-09-13 15:14:02] debug: 	zh:ember:uart:ash: <--- [FRAME type=DATA]
[2026-09-13 15:14:02] debug: 	zh:ember:uart:ash: <--- [FRAME type=DATA ackNum=2](ackRx=2 frmTx=2)
[2026-09-13 15:14:02] debug: 	zh:ember:uart:ash: <--- [FRAME type=DATA ackNum=2 frmNum=4](frmRx=4) Added to rxQueue
[2026-09-13 15:14:02] debug: 	zh:ember:uart:ash: ---> [FRAME type=ACK frmRx=5](ackRx=2)
[2026-09-13 15:14:02] debug: 	zh:ember:ezsp: <=== [CBFRAME: ID=69:"INCOMING_MESSAGE_HANDLER" Seq=41 Len=38]
[2026-09-13 15:14:02] debug: 	zh:ember:ezsp: ezspIncomingMessageHandler: type=UNICAST apsFrame={"profileId":260,"clusterId":61184,"sourceEndpoint":1,"destinationEndpoint":1,"options":256,"groupId":0,"sequence":148} packetInfo:{"senderShortId":3595,"senderLongId":"0xffffffffffffffff","bindingIndex":255,"addressIndex":255,"lastHopLqi":136,"lastHopRssi":-66,"lastHopTimestamp":0} messageContents=09100200de0202000400000026
[2026-09-13 15:14:02] debug: 	zh:controller: Received payload: clusterID=61184, address=3595, groupID=0, endpoint=1, destinationEndpoint=1, wasBroadcast=false, linkQuality=136, frame={"header":{"frameControl":{"frameType":1,"manufacturerSpecific":false,"direction":1,"disableDefaultResponse":false,"reservedBits":0},"transactionSequenceNumber":16,"commandIdentifier":2},"payload":{"seq":56832,"dpValues":[{"dp":2,"datatype":2,"data":{"type":"Buffer","data":[0,0,0,38]}}]},"command":{"name":"dataReport","ID":2,"parameters":[{"name":"seq","type":33,"max":65535},{"name":"dpValues","type":1011}]}}
[2026-09-13 15:14:02] debug: 	zh:controller:endpoint: ZCL command 0x94b216fffef3cf25/1 manuSpecificTuya.defaultRsp({"cmdId":2,"statusCode":0}, {"timeout":10000,"disableResponse":false,"disableRecovery":false,"disableDefaultResponse":true,"direction":0,"reservedBits":0,"transactionSequenceNumber":16,"writeUndiv":false})
[2026-09-13 15:14:02] debug: 	zh:ember: ~~~> [ZCL to=0x94b216fffef3cf25:3595 apsFrame={"profileId":260,"clusterId":61184,"sourceEndpoint":1,"destinationEndpoint":1,"options":4352,"groupId":0,"sequence":0} header={"frameControl":{"reservedBits":0,"frameType":0,"direction":0,"disableDefaultResponse":true,"manufacturerSpecific":false},"transactionSequenceNumber":16,"commandIdentifier":11}]
[2026-09-13 15:14:02] debug: 	zh:ember:ezsp: ===> [FRAME: ID=52:"SEND_UNICAST" Seq=42 Len=26]
[2026-09-13 15:14:02] debug: 	zh:ember:uart:ash: ---> [FRAME type=DATA frmTx=2 frmRx=5](ackRx=2)
[2026-09-13 15:14:02] debug: 	z2m: Received Zigbee message from 'Nivelagua', type 'commandDataReport', cluster 'manuSpecificTuya', data '{"dpValues":[{"data":{"data":[0,0,0,38],"type":"Buffer"},"datatype":2,"dp":2}],"seq":56832}' from endpoint 1 with groupID 0
[2026-09-13 15:14:02] info: 	z2m:mqtt: MQTT publish: topic 'zigbee2mqtt/Nivelagua', payload '{"installation_height":0.75,"linkquality":136,"liquid_depth":0.38,"liquid_depth_max":0.28,"liquid_level_percent":81,"liquid_state":"high","max_set":80,"min_set":25}'
[2026-09-13 15:14:02] debug: 	zh:ember:uart:ash: <--- [FRAME type=DATA]
[2026-09-13 15:14:02] debug: 	zh:ember:uart:ash: <--- [FRAME type=DATA ackNum=3](ackRx=2 frmTx=3)
[2026-09-13 15:14:02] debug: 	zh:ember:uart:ash: <--- [FRAME type=DATA ackNum=3 frmNum=5](frmRx=5) Added to rxQueue
[2026-09-13 15:14:02] debug: 	zh:ember:uart:ash: ---> [FRAME type=ACK frmRx=6](ackRx=3)
[2026-09-13 15:14:02] debug: 	zh:ember:ezsp: <=== [FRAME: ID=52:"SEND_UNICAST" Seq=42 Len=7]
[2026-09-13 15:14:02] debug: 	zh:ember:ezsp: ~~~> [SENT type=DIRECT apsSequence=75 messageTag=9 status=OK]
[2026-09-13 15:14:02] debug: 	zh:ember:uart:ash: <--- [FRAME type=DATA]
[2026-09-13 15:14:02] debug: 	zh:ember:uart:ash: <--- [FRAME type=DATA ackNum=3](ackRx=3 frmTx=3)
[2026-09-13 15:14:02] debug: 	zh:ember:uart:ash: <--- [FRAME type=DATA ackNum=3 frmNum=6](frmRx=6) Added to rxQueue
[2026-09-13 15:14:02] debug: 	zh:ember:uart:ash: ---> [FRAME type=ACK frmRx=7](ackRx=3)
[2026-09-13 15:14:02] debug: 	zh:ember:ezsp: <=== [CBFRAME: ID=63:"MESSAGE_SENT_HANDLER" Seq=42 Len=22]
[2026-09-13 15:14:02] debug: 	zh:ember:ezsp: ezspMessageSentHandler: status=OK type=DIRECT indexOrDestination=3595 apsFrame={"profileId":260,"clusterId":61184,"sourceEndpoint":1,"destinationEndpoint":1,"options":4352,"groupId":0,"sequence":75} messageTag=9
[2026-09-13 15:14:02] debug: 	zh:ember:uart:ash: <--- [FRAME type=DATA]
[2026-09-13 15:14:02] debug: 	zh:ember:uart:ash: <--- [FRAME type=DATA ackNum=3](ackRx=3 frmTx=3)
[2026-09-13 15:14:02] debug: 	zh:ember:uart:ash: <--- [FRAME type=DATA ackNum=3 frmNum=7](frmRx=7) Added to rxQueue
[2026-09-13 15:14:02] debug: 	zh:ember:uart:ash: ---> [FRAME type=ACK frmRx=0](ackRx=3)
[2026-09-13 15:14:02] debug: 	zh:ember:ezsp: <=== [CBFRAME: ID=69:"INCOMING_MESSAGE_HANDLER" Seq=42 Len=38]
[2026-09-13 15:14:02] debug: 	zh:ember:ezsp: ezspIncomingMessageHandler: type=UNICAST apsFrame={"profileId":260,"clusterId":61184,"sourceEndpoint":1,"destinationEndpoint":1,"options":256,"groupId":0,"sequence":149} packetInfo:{"senderShortId":3595,"senderLongId":"0xffffffffffffffff","bindingIndex":255,"addressIndex":255,"lastHopLqi":136,"lastHopRssi":-66,"lastHopTimestamp":0} messageContents=09110200df1602000400000051
[2026-09-13 15:14:02] debug: 	zh:controller: Received payload: clusterID=61184, address=3595, groupID=0, endpoint=1, destinationEndpoint=1, wasBroadcast=false, linkQuality=136, frame={"header":{"frameControl":{"frameType":1,"manufacturerSpecific":false,"direction":1,"disableDefaultResponse":false,"reservedBits":0},"transactionSequenceNumber":17,"commandIdentifier":2},"payload":{"seq":57088,"dpValues":[{"dp":22,"datatype":2,"data":{"type":"Buffer","data":[0,0,0,81]}}]},"command":{"name":"dataReport","ID":2,"parameters":[{"name":"seq","type":33,"max":65535},{"name":"dpValues","type":1011}]}}
[2026-09-13 15:14:02] debug: 	zh:controller:endpoint: ZCL command 0x94b216fffef3cf25/1 manuSpecificTuya.defaultRsp({"cmdId":2,"statusCode":0}, {"timeout":10000,"disableResponse":false,"disableRecovery":false,"disableDefaultResponse":true,"direction":0,"reservedBits":0,"transactionSequenceNumber":17,"writeUndiv":false})
[2026-09-13 15:14:02] debug: 	zh:ember: ~~~> [ZCL to=0x94b216fffef3cf25:3595 apsFrame={"profileId":260,"clusterId":61184,"sourceEndpoint":1,"destinationEndpoint":1,"options":4352,"groupId":0,"sequence":0} header={"frameControl":{"reservedBits":0,"frameType":0,"direction":0,"disableDefaultResponse":true,"manufacturerSpecific":false},"transactionSequenceNumber":17,"commandIdentifier":11}]
[2026-09-13 15:14:02] debug: 	zh:ember:ezsp: ===> [FRAME: ID=52:"SEND_UNICAST" Seq=43 Len=26]
[2026-09-13 15:14:02] debug: 	zh:ember:uart:ash: ---> [FRAME type=DATA frmTx=3 frmRx=0](ackRx=3)
[2026-09-13 15:14:02] debug: 	z2m: Received Zigbee message from 'Nivelagua', type 'commandDataReport', cluster 'manuSpecificTuya', data '{"dpValues":[{"data":{"data":[0,0,0,81],"type":"Buffer"},"datatype":2,"dp":22}],"seq":57088}' from endpoint 1 with groupID 0
[2026-09-13 15:14:02] info: 	z2m:mqtt: MQTT publish: topic 'zigbee2mqtt/Nivelagua', payload '{"installation_height":0.75,"linkquality":136,"liquid_depth":0.38,"liquid_depth_max":0.28,"liquid_level_percent":81,"liquid_state":"high","max_set":80,"min_set":25}'
[2026-09-13 15:14:02] debug: 	zh:ember:uart:ash: <--- [FRAME type=DATA]
[2026-09-13 15:14:02] debug: 	zh:ember:uart:ash: <--- [FRAME type=DATA ackNum=4](ackRx=3 frmTx=4)
[2026-09-13 15:14:02] debug: 	zh:ember:uart:ash: <--- [FRAME type=DATA ackNum=4 frmNum=0](frmRx=0) Added to rxQueue
[2026-09-13 15:14:02] debug: 	zh:ember:uart:ash: ---> [FRAME type=ACK frmRx=1](ackRx=4)
[2026-09-13 15:14:02] debug: 	zh:ember:ezsp: <=== [FRAME: ID=52:"SEND_UNICAST" Seq=43 Len=7]
[2026-09-13 15:14:02] debug: 	zh:ember:ezsp: ~~~> [SENT type=DIRECT apsSequence=76 messageTag=10 status=OK]
[2026-09-13 15:14:02] debug: 	zh:ember:uart:ash: <--- [FRAME type=DATA]
[2026-09-13 15:14:02] debug: 	zh:ember:uart:ash: <--- [FRAME type=DATA ackNum=4](ackRx=4 frmTx=4)
[2026-09-13 15:14:02] debug: 	zh:ember:uart:ash: <--- [FRAME type=DATA ackNum=4 frmNum=1](frmRx=1) Added to rxQueue
[2026-09-13 15:14:02] debug: 	zh:ember:uart:ash: ---> [FRAME type=ACK frmRx=2](ackRx=4)
[2026-09-13 15:14:02] debug: 	zh:ember:ezsp: <=== [CBFRAME: ID=63:"MESSAGE_SENT_HANDLER" Seq=43 Len=22]
[2026-09-13 15:14:02] debug: 	zh:ember:ezsp: ezspMessageSentHandler: status=OK type=DIRECT indexOrDestination=3595 apsFrame={"profileId":260,"clusterId":61184,"sourceEndpoint":1,"destinationEndpoint":1,"options":4352,"groupId":0,"sequence":76} messageTag=10
[2026-09-13 15:14:03] debug: 	zh:ember:uart:ash: <--- [FRAME type=DATA]
[2026-09-13 15:14:03] debug: 	zh:ember:uart:ash: <--- [FRAME type=DATA ackNum=4](ackRx=4 frmTx=4)
[2026-09-13 15:14:03] debug: 	zh:ember:uart:ash: <--- [FRAME type=DATA ackNum=4 frmNum=2](frmRx=2) Added to rxQueue
[2026-09-13 15:14:03] debug: 	zh:ember:uart:ash: ---> [FRAME type=ACK frmRx=3](ackRx=4)
[2026-09-13 15:14:03] debug: 	zh:ember:ezsp: <=== [CBFRAME: ID=69:"INCOMING_MESSAGE_HANDLER" Seq=43 Len=35]
[2026-09-13 15:14:03] debug: 	zh:ember:ezsp: ezspIncomingMessageHandler: type=UNICAST apsFrame={"profileId":260,"clusterId":61184,"sourceEndpoint":1,"destinationEndpoint":1,"options":256,"groupId":0,"sequence":150} packetInfo:{"senderShortId":3595,"senderLongId":"0xffffffffffffffff","bindingIndex":255,"addressIndex":255,"lastHopLqi":136,"lastHopRssi":-66,"lastHopTimestamp":0} messageContents=09120200e00104000102
[2026-09-13 15:14:03] debug: 	zh:controller: Received payload: clusterID=61184, address=3595, groupID=0, endpoint=1, destinationEndpoint=1, wasBroadcast=false, linkQuality=136, frame={"header":{"frameControl":{"frameType":1,"manufacturerSpecific":false,"direction":1,"disableDefaultResponse":false,"reservedBits":0},"transactionSequenceNumber":18,"commandIdentifier":2},"payload":{"seq":57344,"dpValues":[{"dp":1,"datatype":4,"data":{"type":"Buffer","data":[2]}}]},"command":{"name":"dataReport","ID":2,"parameters":[{"name":"seq","type":33,"max":65535},{"name":"dpValues","type":1011}]}}
[2026-09-13 15:14:03] debug: 	zh:controller:endpoint: ZCL command 0x94b216fffef3cf25/1 manuSpecificTuya.defaultRsp({"cmdId":2,"statusCode":0}, {"timeout":10000,"disableResponse":false,"disableRecovery":false,"disableDefaultResponse":true,"direction":0,"reservedBits":0,"transactionSequenceNumber":18,"writeUndiv":false})
[2026-09-13 15:14:03] debug: 	zh:ember: ~~~> [ZCL to=0x94b216fffef3cf25:3595 apsFrame={"profileId":260,"clusterId":61184,"sourceEndpoint":1,"destinationEndpoint":1,"options":4352,"groupId":0,"sequence":0} header={"frameControl":{"reservedBits":0,"frameType":0,"direction":0,"disableDefaultResponse":true,"manufacturerSpecific":false},"transactionSequenceNumber":18,"commandIdentifier":11}]
[2026-09-13 15:14:03] debug: 	zh:ember:ezsp: ===> [FRAME: ID=52:"SEND_UNICAST" Seq=44 Len=26]
[2026-09-13 15:14:03] debug: 	zh:ember:uart:ash: ---> [FRAME type=DATA frmTx=4 frmRx=3](ackRx=4)
[2026-09-13 15:14:03] debug: 	z2m: Received Zigbee message from 'Nivelagua', type 'commandDataReport', cluster 'manuSpecificTuya', data '{"dpValues":[{"data":{"data":[2],"type":"Buffer"},"datatype":4,"dp":1}],"seq":57344}' from endpoint 1 with groupID 0
[2026-09-13 15:14:03] info: 	z2m:mqtt: MQTT publish: topic 'zigbee2mqtt/Nivelagua', payload '{"installation_height":0.75,"linkquality":136,"liquid_depth":0.38,"liquid_depth_max":0.28,"liquid_level_percent":81,"liquid_state":"high","max_set":80,"min_set":25}'
[2026-09-13 15:14:03] debug: 	zh:ember:uart:ash: <--- [FRAME type=DATA]
[2026-09-13 15:14:03] debug: 	zh:ember:uart:ash: <--- [FRAME type=DATA ackNum=5](ackRx=4 frmTx=5)
[2026-09-13 15:14:03] debug: 	zh:ember:uart:ash: <--- [FRAME type=DATA ackNum=5 frmNum=3](frmRx=3) Added to rxQueue
[2026-09-13 15:14:03] debug: 	zh:ember:uart:ash: ---> [FRAME type=ACK frmRx=4](ackRx=5)
[2026-09-13 15:14:03] debug: 	zh:ember:ezsp: <=== [FRAME: ID=52:"SEND_UNICAST" Seq=44 Len=7]
[2026-09-13 15:14:03] debug: 	zh:ember:ezsp: ~~~> [SENT type=DIRECT apsSequence=77 messageTag=11 status=OK]
[2026-09-13 15:14:03] debug: 	zh:ember:uart:ash: <--- [FRAME type=DATA]
[2026-09-13 15:14:03] debug: 	zh:ember:uart:ash: <--- [FRAME type=DATA ackNum=5](ackRx=5 frmTx=5)
[2026-09-13 15:14:03] debug: 	zh:ember:uart:ash: <--- [FRAME type=DATA ackNum=5 frmNum=4](frmRx=4) Added to rxQueue
[2026-09-13 15:14:03] debug: 	zh:ember:uart:ash: ---> [FRAME type=ACK frmRx=5](ackRx=5)
[2026-09-13 15:14:03] debug: 	zh:ember:ezsp: <=== [CBFRAME: ID=63:"MESSAGE_SENT_HANDLER" Seq=44 Len=22]
[2026-09-13 15:14:03] debug: 	zh:ember:ezsp: ezspMessageSentHandler: status=OK type=DIRECT indexOrDestination=3595 apsFrame={"profileId":260,"clusterId":61184,"sourceEndpoint":1,"destinationEndpoint":1,"options":4352,"groupId":0,"sequence":77} messageTag=11
[2026-09-13 15:14:03] debug: 	zh:ember:uart:ash: <--- [FRAME type=DATA]
[2026-09-13 15:14:03] debug: 	zh:ember:uart:ash: <--- [FRAME type=DATA ackNum=5](ackRx=5 frmTx=5)
[2026-09-13 15:14:03] debug: 	zh:ember:uart:ash: <--- [FRAME type=DATA ackNum=5 frmNum=5](frmRx=5) Added to rxQueue
[2026-09-13 15:14:03] debug: 	zh:ember:uart:ash: ---> [FRAME type=ACK frmRx=6](ackRx=5)
[2026-09-13 15:14:03] debug: 	zh:ember:ezsp: <=== [CBFRAME: ID=69:"INCOMING_MESSAGE_HANDLER" Seq=44 Len=38]
[2026-09-13 15:14:03] debug: 	zh:ember:ezsp: ezspIncomingMessageHandler: type=UNICAST apsFrame={"profileId":260,"clusterId":61184,"sourceEndpoint":1,"destinationEndpoint":1,"options":256,"groupId":0,"sequence":151} packetInfo:{"senderShortId":3595,"senderLongId":"0xffffffffffffffff","bindingIndex":255,"addressIndex":255,"lastHopLqi":136,"lastHopRssi":-66,"lastHopTimestamp":0} messageContents=09130200e10202000400000026
[2026-09-13 15:14:03] debug: 	zh:controller: Received payload: clusterID=61184, address=3595, groupID=0, endpoint=1, destinationEndpoint=1, wasBroadcast=false, linkQuality=136, frame={"header":{"frameControl":{"frameType":1,"manufacturerSpecific":false,"direction":1,"disableDefaultResponse":false,"reservedBits":0},"transactionSequenceNumber":19,"commandIdentifier":2},"payload":{"seq":57600,"dpValues":[{"dp":2,"datatype":2,"data":{"type":"Buffer","data":[0,0,0,38]}}]},"command":{"name":"dataReport","ID":2,"parameters":[{"name":"seq","type":33,"max":65535},{"name":"dpValues","type":1011}]}}
[2026-09-13 15:14:03] debug: 	zh:controller:endpoint: ZCL command 0x94b216fffef3cf25/1 manuSpecificTuya.defaultRsp({"cmdId":2,"statusCode":0}, {"timeout":10000,"disableResponse":false,"disableRecovery":false,"disableDefaultResponse":true,"direction":0,"reservedBits":0,"transactionSequenceNumber":19,"writeUndiv":false})
[2026-09-13 15:14:03] debug: 	zh:ember: ~~~> [ZCL to=0x94b216fffef3cf25:3595 apsFrame={"profileId":260,"clusterId":61184,"sourceEndpoint":1,"destinationEndpoint":1,"options":4352,"groupId":0,"sequence":0} header={"frameControl":{"reservedBits":0,"frameType":0,"direction":0,"disableDefaultResponse":true,"manufacturerSpecific":false},"transactionSequenceNumber":19,"commandIdentifier":11}]
[2026-09-13 15:14:03] debug: 	zh:ember:ezsp: ===> [FRAME: ID=52:"SEND_UNICAST" Seq=45 Len=26]
[2026-09-13 15:14:03] debug: 	zh:ember:uart:ash: ---> [FRAME type=DATA frmTx=5 frmRx=6](ackRx=5)
[2026-09-13 15:14:03] debug: 	z2m: Received Zigbee message from 'Nivelagua', type 'commandDataReport', cluster 'manuSpecificTuya', data '{"dpValues":[{"data":{"data":[0,0,0,38],"type":"Buffer"},"datatype":2,"dp":2}],"seq":57600}' from endpoint 1 with groupID 0
[2026-09-13 15:14:03] info: 	z2m:mqtt: MQTT publish: topic 'zigbee2mqtt/Nivelagua', payload '{"installation_height":0.75,"linkquality":136,"liquid_depth":0.38,"liquid_depth_max":0.28,"liquid_level_percent":81,"liquid_state":"high","max_set":80,"min_set":25}'
[2026-09-13 15:14:03] debug: 	zh:ember:uart:ash: <--- [FRAME type=DATA]
[2026-09-13 15:14:03] debug: 	zh:ember:uart:ash: <--- [FRAME type=DATA ackNum=6](ackRx=5 frmTx=6)
[2026-09-13 15:14:03] debug: 	zh:ember:uart:ash: <--- [FRAME type=DATA ackNum=6 frmNum=6](frmRx=6) Added to rxQueue
[2026-09-13 15:14:03] debug: 	zh:ember:uart:ash: ---> [FRAME type=ACK frmRx=7](ackRx=6)
[2026-09-13 15:14:03] debug: 	zh:ember:ezsp: <=== [FRAME: ID=52:"SEND_UNICAST" Seq=45 Len=7]
[2026-09-13 15:14:03] debug: 	zh:ember:ezsp: ~~~> [SENT type=DIRECT apsSequence=78 messageTag=12 status=OK]
[2026-09-13 15:14:03] debug: 	zh:ember:uart:ash: <--- [FRAME type=DATA]
[2026-09-13 15:14:03] debug: 	zh:ember:uart:ash: <--- [FRAME type=DATA ackNum=6](ackRx=6 frmTx=6)
[2026-09-13 15:14:03] debug: 	zh:ember:uart:ash: <--- [FRAME type=DATA ackNum=6 frmNum=7](frmRx=7) Added to rxQueue
[2026-09-13 15:14:03] debug: 	zh:ember:uart:ash: ---> [FRAME type=ACK frmRx=0](ackRx=6)
[2026-09-13 15:14:03] debug: 	zh:ember:ezsp: <=== [CBFRAME: ID=63:"MESSAGE_SENT_HANDLER" Seq=45 Len=22]
[2026-09-13 15:14:03] debug: 	zh:ember:ezsp: ezspMessageSentHandler: status=OK type=DIRECT indexOrDestination=3595 apsFrame={"profileId":260,"clusterId":61184,"sourceEndpoint":1,"destinationEndpoint":1,"options":4352,"groupId":0,"sequence":78} messageTag=12
[2026-09-13 15:14:03] debug: 	zh:ember:uart:ash: <--- [FRAME type=DATA]
[2026-09-13 15:14:03] debug: 	zh:ember:uart:ash: <--- [FRAME type=DATA ackNum=6](ackRx=6 frmTx=6)
[2026-09-13 15:14:03] debug: 	zh:ember:uart:ash: <--- [FRAME type=DATA ackNum=6 frmNum=0](frmRx=0) Added to rxQueue
[2026-09-13 15:14:03] debug: 	zh:ember:uart:ash: ---> [FRAME type=ACK frmRx=1](ackRx=6)
[2026-09-13 15:14:03] debug: 	zh:ember:ezsp: <=== [CBFRAME: ID=69:"INCOMING_MESSAGE_HANDLER" Seq=45 Len=38]
[2026-09-13 15:14:03] debug: 	zh:ember:ezsp: ezspIncomingMessageHandler: type=UNICAST apsFrame={"profileId":260,"clusterId":61184,"sourceEndpoint":1,"destinationEndpoint":1,"options":256,"groupId":0,"sequence":152} packetInfo:{"senderShortId":3595,"senderLongId":"0xffffffffffffffff","bindingIndex":255,"addressIndex":255,"lastHopLqi":136,"lastHopRssi":-66,"lastHopTimestamp":0} messageContents=09140200e21602000400000051
[2026-09-13 15:14:03] debug: 	zh:controller: Received payload: clusterID=61184, address=3595, groupID=0, endpoint=1, destinationEndpoint=1, wasBroadcast=false, linkQuality=136, frame={"header":{"frameControl":{"frameType":1,"manufacturerSpecific":false,"direction":1,"disableDefaultResponse":false,"reservedBits":0},"transactionSequenceNumber":20,"commandIdentifier":2},"payload":{"seq":57856,"dpValues":[{"dp":22,"datatype":2,"data":{"type":"Buffer","data":[0,0,0,81]}}]},"command":{"name":"dataReport","ID":2,"parameters":[{"name":"seq","type":33,"max":65535},{"name":"dpValues","type":1011}]}}
[2026-09-13 15:14:03] debug: 	zh:controller:endpoint: ZCL command 0x94b216fffef3cf25/1 manuSpecificTuya.defaultRsp({"cmdId":2,"statusCode":0}, {"timeout":10000,"disableResponse":false,"disableRecovery":false,"disableDefaultResponse":true,"direction":0,"reservedBits":0,"transactionSequenceNumber":20,"writeUndiv":false})
[2026-09-13 15:14:03] debug: 	zh:ember: ~~~> [ZCL to=0x94b216fffef3cf25:3595 apsFrame={"profileId":260,"clusterId":61184,"sourceEndpoint":1,"destinationEndpoint":1,"options":4352,"groupId":0,"sequence":0} header={"frameControl":{"reservedBits":0,"frameType":0,"direction":0,"disableDefaultResponse":true,"manufacturerSpecific":false},"transactionSequenceNumber":20,"commandIdentifier":11}]
[2026-09-13 15:14:03] debug: 	zh:ember:ezsp: ===> [FRAME: ID=52:"SEND_UNICAST" Seq=46 Len=26]
[2026-09-13 15:14:03] debug: 	zh:ember:uart:ash: ---> [FRAME type=DATA frmTx=6 frmRx=1](ackRx=6)
[2026-09-13 15:14:03] debug: 	z2m: Received Zigbee message from 'Nivelagua', type 'commandDataReport', cluster 'manuSpecificTuya', data '{"dpValues":[{"data":{"data":[0,0,0,81],"type":"Buffer"},"datatype":2,"dp":22}],"seq":57856}' from endpoint 1 with groupID 0
[2026-09-13 15:14:03] info: 	z2m:mqtt: MQTT publish: topic 'zigbee2mqtt/Nivelagua', payload '{"installation_height":0.75,"linkquality":136,"liquid_depth":0.38,"liquid_depth_max":0.28,"liquid_level_percent":81,"liquid_state":"high","max_set":80,"min_set":25}'
[2026-09-13 15:14:03] debug: 	zh:ember:uart:ash: <--- [FRAME type=DATA]
[2026-09-13 15:14:03] debug: 	zh:ember:uart:ash: <--- [FRAME type=DATA ackNum=7](ackRx=6 frmTx=7)
[2026-09-13 15:14:03] debug: 	zh:ember:uart:ash: <--- [FRAME type=DATA ackNum=7 frmNum=1](frmRx=1) Added to rxQueue
[2026-09-13 15:14:03] debug: 	zh:ember:uart:ash: ---> [FRAME type=ACK frmRx=2](ackRx=7)
[2026-09-13 15:14:03] debug: 	zh:ember:ezsp: <=== [FRAME: ID=52:"SEND_UNICAST" Seq=46 Len=7]
[2026-09-13 15:14:03] debug: 	zh:ember:ezsp: ~~~> [SENT type=DIRECT apsSequence=79 messageTag=13 status=OK]
[2026-09-13 15:14:03] debug: 	zh:ember:uart:ash: <--- [FRAME type=DATA]
[2026-09-13 15:14:03] debug: 	zh:ember:uart:ash: <--- [FRAME type=DATA ackNum=7](ackRx=7 frmTx=7)
[2026-09-13 15:14:03] debug: 	zh:ember:uart:ash: <--- [FRAME type=DATA ackNum=7 frmNum=2](frmRx=2) Added to rxQueue
[2026-09-13 15:14:03] debug: 	zh:ember:uart:ash: ---> [FRAME type=ACK frmRx=3](ackRx=7)
[2026-09-13 15:14:03] debug: 	zh:ember:ezsp: <=== [CBFRAME: ID=63:"MESSAGE_SENT_HANDLER" Seq=46 Len=22]
[2026-09-13 15:14:03] debug: 	zh:ember:ezsp: ezspMessageSentHandler: status=OK type=DIRECT indexOrDestination=3595 apsFrame={"profileId":260,"clusterId":61184,"sourceEndpoint":1,"destinationEndpoint":1,"options":4352,"groupId":0,"sequence":79} messageTag=13
[2026-09-13 15:14:04] debug: 	zh:ember:uart:ash: <--- [FRAME type=DATA]
[2026-09-13 15:14:04] debug: 	zh:ember:uart:ash: <--- [FRAME type=DATA ackNum=7](ackRx=7 frmTx=7)
[2026-09-13 15:14:04] debug: 	zh:ember:uart:ash: <--- [FRAME type=DATA ackNum=7 frmNum=3](frmRx=3) Added to rxQueue
[2026-09-13 15:14:04] debug: 	zh:ember:uart:ash: ---> [FRAME type=ACK frmRx=4](ackRx=7)
[2026-09-13 15:14:04] debug: 	zh:ember:ezsp: <=== [CBFRAME: ID=69:"INCOMING_MESSAGE_HANDLER" Seq=46 Len=35]
[2026-09-13 15:14:04] debug: 	zh:ember:ezsp: ezspIncomingMessageHandler: type=UNICAST apsFrame={"profileId":260,"clusterId":61184,"sourceEndpoint":1,"destinationEndpoint":1,"options":256,"groupId":0,"sequence":153} packetInfo:{"senderShortId":3595,"senderLongId":"0xffffffffffffffff","bindingIndex":255,"addressIndex":255,"lastHopLqi":136,"lastHopRssi":-66,"lastHopTimestamp":0} messageContents=09150200e30104000102
[2026-09-13 15:14:04] debug: 	zh:controller: Received payload: clusterID=61184, address=3595, groupID=0, endpoint=1, destinationEndpoint=1, wasBroadcast=false, linkQuality=136, frame={"header":{"frameControl":{"frameType":1,"manufacturerSpecific":false,"direction":1,"disableDefaultResponse":false,"reservedBits":0},"transactionSequenceNumber":21,"commandIdentifier":2},"payload":{"seq":58112,"dpValues":[{"dp":1,"datatype":4,"data":{"type":"Buffer","data":[2]}}]},"command":{"name":"dataReport","ID":2,"parameters":[{"name":"seq","type":33,"max":65535},{"name":"dpValues","type":1011}]}}
[2026-09-13 15:14:04] debug: 	zh:controller:endpoint: ZCL command 0x94b216fffef3cf25/1 manuSpecificTuya.defaultRsp({"cmdId":2,"statusCode":0}, {"timeout":10000,"disableResponse":false,"disableRecovery":false,"disableDefaultResponse":true,"direction":0,"reservedBits":0,"transactionSequenceNumber":21,"writeUndiv":false})
[2026-09-13 15:14:04] debug: 	zh:ember: ~~~> [ZCL to=0x94b216fffef3cf25:3595 apsFrame={"profileId":260,"clusterId":61184,"sourceEndpoint":1,"destinationEndpoint":1,"options":4352,"groupId":0,"sequence":0} header={"frameControl":{"reservedBits":0,"frameType":0,"direction":0,"disableDefaultResponse":true,"manufacturerSpecific":false},"transactionSequenceNumber":21,"commandIdentifier":11}]
[2026-09-13 15:14:04] debug: 	zh:ember:ezsp: ===> [FRAME: ID=52:"SEND_UNICAST" Seq=47 Len=26]
[2026-09-13 15:14:04] debug: 	zh:ember:uart:ash: ---> [FRAME type=DATA frmTx=7 frmRx=4](ackRx=7)
[2026-09-13 15:14:04] debug: 	z2m: Received Zigbee message from 'Nivelagua', type 'commandDataReport', cluster 'manuSpecificTuya', data '{"dpValues":[{"data":{"data":[2],"type":"Buffer"},"datatype":4,"dp":1}],"seq":58112}' from endpoint 1 with groupID 0
[2026-09-13 15:14:04] info: 	z2m:mqtt: MQTT publish: topic 'zigbee2mqtt/Nivelagua', payload '{"installation_height":0.75,"linkquality":136,"liquid_depth":0.38,"liquid_depth_max":0.28,"liquid_level_percent":81,"liquid_state":"high","max_set":80,"min_set":25}'
[2026-09-13 15:14:04] debug: 	zh:ember:uart:ash: <--- [FRAME type=DATA]
[2026-09-13 15:14:04] debug: 	zh:ember:uart:ash: <--- [FRAME type=DATA ackNum=0](ackRx=7 frmTx=0)
[2026-09-13 15:14:04] debug: 	zh:ember:uart:ash: <--- [FRAME type=DATA ackNum=0 frmNum=4](frmRx=4) Added to rxQueue
[2026-09-13 15:14:04] debug: 	zh:ember:uart:ash: ---> [FRAME type=ACK frmRx=5](ackRx=0)
[2026-09-13 15:14:04] debug: 	zh:ember:ezsp: <=== [FRAME: ID=52:"SEND_UNICAST" Seq=47 Len=7]
[2026-09-13 15:14:04] debug: 	zh:ember:ezsp: ~~~> [SENT type=DIRECT apsSequence=80 messageTag=14 status=OK]
[2026-09-13 15:14:04] debug: 	zh:ember:uart:ash: <--- [FRAME type=DATA]
[2026-09-13 15:14:04] debug: 	zh:ember:uart:ash: <--- [FRAME type=DATA ackNum=0](ackRx=0 frmTx=0)
[2026-09-13 15:14:04] debug: 	zh:ember:uart:ash: <--- [FRAME type=DATA ackNum=0 frmNum=5](frmRx=5) Added to rxQueue
[2026-09-13 15:14:04] debug: 	zh:ember:uart:ash: ---> [FRAME type=ACK frmRx=6](ackRx=0)
[2026-09-13 15:14:04] debug: 	zh:ember:ezsp: <=== [CBFRAME: ID=63:"MESSAGE_SENT_HANDLER" Seq=47 Len=22]
[2026-09-13 15:14:04] debug: 	zh:ember:ezsp: ezspMessageSentHandler: status=OK type=DIRECT indexOrDestination=3595 apsFrame={"profileId":260,"clusterId":61184,"sourceEndpoint":1,"destinationEndpoint":1,"options":4352,"groupId":0,"sequence":80} messageTag=14
[2026-09-13 15:14:04] debug: 	zh:ember:uart:ash: <--- [FRAME type=DATA]
[2026-09-13 15:14:04] debug: 	zh:ember:uart:ash: <--- [FRAME type=DATA ackNum=0](ackRx=0 frmTx=0)
[2026-09-13 15:14:04] debug: 	zh:ember:uart:ash: <--- [FRAME type=DATA ackNum=0 frmNum=6](frmRx=6) Added to rxQueue
[2026-09-13 15:14:04] debug: 	zh:ember:uart:ash: ---> [FRAME type=ACK frmRx=7](ackRx=0)
[2026-09-13 15:14:04] debug: 	zh:ember:ezsp: <=== [CBFRAME: ID=69:"INCOMING_MESSAGE_HANDLER" Seq=47 Len=38]
[2026-09-13 15:14:04] debug: 	zh:ember:ezsp: ezspIncomingMessageHandler: type=UNICAST apsFrame={"profileId":260,"clusterId":61184,"sourceEndpoint":1,"destinationEndpoint":1,"options":256,"groupId":0,"sequence":154} packetInfo:{"senderShortId":3595,"senderLongId":"0xffffffffffffffff","bindingIndex":255,"addressIndex":255,"lastHopLqi":136,"lastHopRssi":-66,"lastHopTimestamp":0} messageContents=09160200e40202000400000026
[2026-09-13 15:14:04] debug: 	zh:controller: Received payload: clusterID=61184, address=3595, groupID=0, endpoint=1, destinationEndpoint=1, wasBroadcast=false, linkQuality=136, frame={"header":{"frameControl":{"frameType":1,"manufacturerSpecific":false,"direction":1,"disableDefaultResponse":false,"reservedBits":0},"transactionSequenceNumber":22,"commandIdentifier":2},"payload":{"seq":58368,"dpValues":[{"dp":2,"datatype":2,"data":{"type":"Buffer","data":[0,0,0,38]}}]},"command":{"name":"dataReport","ID":2,"parameters":[{"name":"seq","type":33,"max":65535},{"name":"dpValues","type":1011}]}}
[2026-09-13 15:14:04] debug: 	zh:controller:endpoint: ZCL command 0x94b216fffef3cf25/1 manuSpecificTuya.defaultRsp({"cmdId":2,"statusCode":0}, {"timeout":10000,"disableResponse":false,"disableRecovery":false,"disableDefaultResponse":true,"direction":0,"reservedBits":0,"transactionSequenceNumber":22,"writeUndiv":false})
[2026-09-13 15:14:04] debug: 	zh:ember: ~~~> [ZCL to=0x94b216fffef3cf25:3595 apsFrame={"profileId":260,"clusterId":61184,"sourceEndpoint":1,"destinationEndpoint":1,"options":4352,"groupId":0,"sequence":0} header={"frameControl":{"reservedBits":0,"frameType":0,"direction":0,"disableDefaultResponse":true,"manufacturerSpecific":false},"transactionSequenceNumber":22,"commandIdentifier":11}]
[2026-09-13 15:14:04] debug: 	zh:ember:ezsp: ===> [FRAME: ID=52:"SEND_UNICAST" Seq=48 Len=26]
[2026-09-13 15:14:04] debug: 	zh:ember:uart:ash: ---> [FRAME type=DATA frmTx=0 frmRx=7](ackRx=0)
[2026-09-13 15:14:04] debug: 	z2m: Received Zigbee message from 'Nivelagua', type 'commandDataReport', cluster 'manuSpecificTuya', data '{"dpValues":[{"data":{"data":[0,0,0,38],"type":"Buffer"},"datatype":2,"dp":2}],"seq":58368}' from endpoint 1 with groupID 0
[2026-09-13 15:14:04] info: 	z2m:mqtt: MQTT publish: topic 'zigbee2mqtt/Nivelagua', payload '{"installation_height":0.75,"linkquality":136,"liquid_depth":0.38,"liquid_depth_max":0.28,"liquid_level_percent":81,"liquid_state":"high","max_set":80,"min_set":25}'
[2026-09-13 15:14:04] debug: 	zh:ember:uart:ash: <--- [FRAME type=DATA]
[2026-09-13 15:14:04] debug: 	zh:ember:uart:ash: <--- [FRAME type=DATA ackNum=1](ackRx=0 frmTx=1)
[2026-09-13 15:14:04] debug: 	zh:ember:uart:ash: <--- [FRAME type=DATA ackNum=1 frmNum=7](frmRx=7) Added to rxQueue
[2026-09-13 15:14:04] debug: 	zh:ember:uart:ash: ---> [FRAME type=ACK frmRx=0](ackRx=1)
[2026-09-13 15:14:04] debug: 	zh:ember:ezsp: <=== [FRAME: ID=52:"SEND_UNICAST" Seq=48 Len=7]
[2026-09-13 15:14:04] debug: 	zh:ember:ezsp: ~~~> [SENT type=DIRECT apsSequence=81 messageTag=15 status=OK]
[2026-09-13 15:14:04] debug: 	zh:ember:uart:ash: <--- [FRAME type=DATA]
[2026-09-13 15:14:04] debug: 	zh:ember:uart:ash: <--- [FRAME type=DATA ackNum=1](ackRx=1 frmTx=1)
[2026-09-13 15:14:04] debug: 	zh:ember:uart:ash: <--- [FRAME type=DATA ackNum=1 frmNum=0](frmRx=0) Added to rxQueue
[2026-09-13 15:14:04] debug: 	zh:ember:uart:ash: ---> [FRAME type=ACK frmRx=1](ackRx=1)
[2026-09-13 15:14:04] debug: 	zh:ember:ezsp: <=== [CBFRAME: ID=63:"MESSAGE_SENT_HANDLER" Seq=48 Len=22]
[2026-09-13 15:14:04] debug: 	zh:ember:ezsp: ezspMessageSentHandler: status=OK type=DIRECT indexOrDestination=3595 apsFrame={"profileId":260,"clusterId":61184,"sourceEndpoint":1,"destinationEndpoint":1,"options":4352,"groupId":0,"sequence":81} messageTag=15
[2026-09-13 15:14:04] debug: 	zh:ember:uart:ash: <--- [FRAME type=DATA]
[2026-09-13 15:14:04] debug: 	zh:ember:uart:ash: <--- [FRAME type=DATA ackNum=1](ackRx=1 frmTx=1)
[2026-09-13 15:14:04] debug: 	zh:ember:uart:ash: <--- [FRAME type=DATA ackNum=1 frmNum=1](frmRx=1) Added to rxQueue
[2026-09-13 15:14:04] debug: 	zh:ember:uart:ash: ---> [FRAME type=ACK frmRx=2](ackRx=1)
[2026-09-13 15:14:04] debug: 	zh:ember:ezsp: <=== [CBFRAME: ID=69:"INCOMING_MESSAGE_HANDLER" Seq=48 Len=38]
[2026-09-13 15:14:04] debug: 	zh:ember:ezsp: ezspIncomingMessageHandler: type=UNICAST apsFrame={"profileId":260,"clusterId":61184,"sourceEndpoint":1,"destinationEndpoint":1,"options":256,"groupId":0,"sequence":155} packetInfo:{"senderShortId":3595,"senderLongId":"0xffffffffffffffff","bindingIndex":255,"addressIndex":255,"lastHopLqi":136,"lastHopRssi":-66,"lastHopTimestamp":0} messageContents=09170200e51602000400000051
[2026-09-13 15:14:04] debug: 	zh:controller: Received payload: clusterID=61184, address=3595, groupID=0, endpoint=1, destinationEndpoint=1, wasBroadcast=false, linkQuality=136, frame={"header":{"frameControl":{"frameType":1,"manufacturerSpecific":false,"direction":1,"disableDefaultResponse":false,"reservedBits":0},"transactionSequenceNumber":23,"commandIdentifier":2},"payload":{"seq":58624,"dpValues":[{"dp":22,"datatype":2,"data":{"type":"Buffer","data":[0,0,0,81]}}]},"command":{"name":"dataReport","ID":2,"parameters":[{"name":"seq","type":33,"max":65535},{"name":"dpValues","type":1011}]}}
[2026-09-13 15:14:04] debug: 	zh:controller:endpoint: ZCL command 0x94b216fffef3cf25/1 manuSpecificTuya.defaultRsp({"cmdId":2,"statusCode":0}, {"timeout":10000,"disableResponse":false,"disableRecovery":false,"disableDefaultResponse":true,"direction":0,"reservedBits":0,"transactionSequenceNumber":23,"writeUndiv":false})
[2026-09-13 15:14:04] debug: 	zh:ember: ~~~> [ZCL to=0x94b216fffef3cf25:3595 apsFrame={"profileId":260,"clusterId":61184,"sourceEndpoint":1,"destinationEndpoint":1,"options":4352,"groupId":0,"sequence":0} header={"frameControl":{"reservedBits":0,"frameType":0,"direction":0,"disableDefaultResponse":true,"manufacturerSpecific":false},"transactionSequenceNumber":23,"commandIdentifier":11}]
[2026-09-13 15:14:04] debug: 	zh:ember:ezsp: ===> [FRAME: ID=52:"SEND_UNICAST" Seq=49 Len=26]
[2026-09-13 15:14:04] debug: 	zh:ember:uart:ash: ---> [FRAME type=DATA frmTx=1 frmRx=2](ackRx=1)
[2026-09-13 15:14:04] debug: 	z2m: Received Zigbee message from 'Nivelagua', type 'commandDataReport', cluster 'manuSpecificTuya', data '{"dpValues":[{"data":{"data":[0,0,0,81],"type":"Buffer"},"datatype":2,"dp":22}],"seq":58624}' from endpoint 1 with groupID 0
[2026-09-13 15:14:04] info: 	z2m:mqtt: MQTT publish: topic 'zigbee2mqtt/Nivelagua', payload '{"installation_height":0.75,"linkquality":136,"liquid_depth":0.38,"liquid_depth_max":0.28,"liquid_level_percent":81,"liquid_state":"high","max_set":80,"min_set":25}'
[2026-09-13 15:14:04] debug: 	zh:ember:uart:ash: <--- [FRAME type=DATA]
[2026-09-13 15:14:04] debug: 	zh:ember:uart:ash: <--- [FRAME type=DATA ackNum=2](ackRx=1 frmTx=2)
[2026-09-13 15:14:04] debug: 	zh:ember:uart:ash: <--- [FRAME type=DATA ackNum=2 frmNum=2](frmRx=2) Added to rxQueue
[2026-09-13 15:14:04] debug: 	zh:ember:uart:ash: ---> [FRAME type=ACK frmRx=3](ackRx=2)
[2026-09-13 15:14:04] debug: 	zh:ember:ezsp: <=== [FRAME: ID=52:"SEND_UNICAST" Seq=49 Len=7]
[2026-09-13 15:14:04] debug: 	zh:ember:ezsp: ~~~> [SENT type=DIRECT apsSequence=82 messageTag=16 status=OK]
[2026-09-13 15:14:04] debug: 	zh:ember:uart:ash: <--- [FRAME type=DATA]
[2026-09-13 15:14:04] debug: 	zh:ember:uart:ash: <--- [FRAME type=DATA ackNum=2](ackRx=2 frmTx=2)
[2026-09-13 15:14:04] debug: 	zh:ember:uart:ash: <--- [FRAME type=DATA ackNum=2 frmNum=3](frmRx=3) Added to rxQueue
[2026-09-13 15:14:04] debug: 	zh:ember:uart:ash: ---> [FRAME type=ACK frmRx=4](ackRx=2)
[2026-09-13 15:14:04] debug: 	zh:ember:ezsp: <=== [CBFRAME: ID=63:"MESSAGE_SENT_HANDLER" Seq=49 Len=22]
[2026-09-13 15:14:04] debug: 	zh:ember:ezsp: ezspMessageSentHandler: status=OK type=DIRECT indexOrDestination=3595 apsFrame={"profileId":260,"clusterId":61184,"sourceEndpoint":1,"destinationEndpoint":1,"options":4352,"groupId":0,"sequence":82} messageTag=16
[2026-09-13 15:14:05] debug: 	zh:ember:uart:ash: <--- [FRAME type=DATA]
[2026-09-13 15:14:05] debug: 	zh:ember:uart:ash: <--- [FRAME type=DATA ackNum=2](ackRx=2 frmTx=2)
[2026-09-13 15:14:05] debug: 	zh:ember:uart:ash: <--- [FRAME type=DATA ackNum=2 frmNum=4](frmRx=4) Added to rxQueue
[2026-09-13 15:14:05] debug: 	zh:ember:uart:ash: ---> [FRAME type=ACK frmRx=5](ackRx=2)
[2026-09-13 15:14:05] debug: 	zh:ember:ezsp: <=== [CBFRAME: ID=69:"INCOMING_MESSAGE_HANDLER" Seq=49 Len=35]
[2026-09-13 15:14:05] debug: 	zh:ember:ezsp: ezspIncomingMessageHandler: type=UNICAST apsFrame={"profileId":260,"clusterId":61184,"sourceEndpoint":1,"destinationEndpoint":1,"options":256,"groupId":0,"sequence":156} packetInfo:{"senderShortId":3595,"senderLongId":"0xffffffffffffffff","bindingIndex":255,"addressIndex":255,"lastHopLqi":136,"lastHopRssi":-66,"lastHopTimestamp":0} messageContents=09180200e60104000102
[2026-09-13 15:14:05] debug: 	zh:controller: Received payload: clusterID=61184, address=3595, groupID=0, endpoint=1, destinationEndpoint=1, wasBroadcast=false, linkQuality=136, frame={"header":{"frameControl":{"frameType":1,"manufacturerSpecific":false,"direction":1,"disableDefaultResponse":false,"reservedBits":0},"transactionSequenceNumber":24,"commandIdentifier":2},"payload":{"seq":58880,"dpValues":[{"dp":1,"datatype":4,"data":{"type":"Buffer","data":[2]}}]},"command":{"name":"dataReport","ID":2,"parameters":[{"name":"seq","type":33,"max":65535},{"name":"dpValues","type":1011}]}}
[2026-09-13 15:14:05] debug: 	zh:controller:endpoint: ZCL command 0x94b216fffef3cf25/1 manuSpecificTuya.defaultRsp({"cmdId":2,"statusCode":0}, {"timeout":10000,"disableResponse":false,"disableRecovery":false,"disableDefaultResponse":true,"direction":0,"reservedBits":0,"transactionSequenceNumber":24,"writeUndiv":false})
[2026-09-13 15:14:05] debug: 	zh:ember: ~~~> [ZCL to=0x94b216fffef3cf25:3595 apsFrame={"profileId":260,"clusterId":61184,"sourceEndpoint":1,"destinationEndpoint":1,"options":4352,"groupId":0,"sequence":0} header={"frameControl":{"reservedBits":0,"frameType":0,"direction":0,"disableDefaultResponse":true,"manufacturerSpecific":false},"transactionSequenceNumber":24,"commandIdentifier":11}]
[2026-09-13 15:14:05] debug: 	zh:ember:ezsp: ===> [FRAME: ID=52:"SEND_UNICAST" Seq=50 Len=26]
[2026-09-13 15:14:05] debug: 	zh:ember:uart:ash: ---> [FRAME type=DATA frmTx=2 frmRx=5](ackRx=2)
[2026-09-13 15:14:05] debug: 	z2m: Received Zigbee message from 'Nivelagua', type 'commandDataReport', cluster 'manuSpecificTuya', data '{"dpValues":[{"data":{"data":[2],"type":"Buffer"},"datatype":4,"dp":1}],"seq":58880}' from endpoint 1 with groupID 0
[2026-09-13 15:14:05] info: 	z2m:mqtt: MQTT publish: topic 'zigbee2mqtt/Nivelagua', payload '{"installation_height":0.75,"linkquality":136,"liquid_depth":0.38,"liquid_depth_max":0.28,"liquid_level_percent":81,"liquid_state":"high","max_set":80,"min_set":25}'
[2026-09-13 15:14:05] debug: 	zh:ember:uart:ash: <--- [FRAME type=DATA]
[2026-09-13 15:14:05] debug: 	zh:ember:uart:ash: <--- [FRAME type=DATA ackNum=3](ackRx=2 frmTx=3)
[2026-09-13 15:14:05] debug: 	zh:ember:uart:ash: <--- [FRAME type=DATA ackNum=3 frmNum=5](frmRx=5) Added to rxQueue
[2026-09-13 15:14:05] debug: 	zh:ember:uart:ash: ---> [FRAME type=ACK frmRx=6](ackRx=3)
[2026-09-13 15:14:05] debug: 	zh:ember:ezsp: <=== [FRAME: ID=52:"SEND_UNICAST" Seq=50 Len=7]
[2026-09-13 15:14:05] debug: 	zh:ember:ezsp: ~~~> [SENT type=DIRECT apsSequence=83 messageTag=17 status=OK]
[2026-09-13 15:14:05] debug: 	zh:ember:uart:ash: <--- [FRAME type=DATA]
[2026-09-13 15:14:05] debug: 	zh:ember:uart:ash: <--- [FRAME type=DATA ackNum=3](ackRx=3 frmTx=3)
[2026-09-13 15:14:05] debug: 	zh:ember:uart:ash: <--- [FRAME type=DATA ackNum=3 frmNum=6](frmRx=6) Added to rxQueue
[2026-09-13 15:14:05] debug: 	zh:ember:uart:ash: ---> [FRAME type=ACK frmRx=7](ackRx=3)
[2026-09-13 15:14:05] debug: 	zh:ember:ezsp: <=== [CBFRAME: ID=63:"MESSAGE_SENT_HANDLER" Seq=50 Len=22]
[2026-09-13 15:14:05] debug: 	zh:ember:ezsp: ezspMessageSentHandler: status=OK type=DIRECT indexOrDestination=3595 apsFrame={"profileId":260,"clusterId":61184,"sourceEndpoint":1,"destinationEndpoint":1,"options":4352,"groupId":0,"sequence":83} messageTag=17
[2026-09-13 15:14:05] debug: 	z2m:mqtt: Received MQTT message on 'zigbee2mqtt/bridge/request/permit_join' with data '{"device":null,"time":254,"transaction":"ujz9j-1"}'
[2026-09-13 15:14:05] info: 	z2m: Zigbee: allowing new devices to join.
[2026-09-13 15:14:05] debug: 	zh:ember:ezsp: ===> [FRAME: ID=273:"IMPORT_TRANSIENT_KEY" Seq=51 Len=30]
[2026-09-13 15:14:05] debug: 	zh:ember:uart:ash: ---> [FRAME type=DATA frmTx=3 frmRx=7](ackRx=3)
[2026-09-13 15:14:05] debug: 	zh:ember:uart:ash: <--- [FRAME type=DATA]
[2026-09-13 15:14:05] debug: 	zh:ember:uart:ash: <--- [FRAME type=DATA ackNum=4](ackRx=3 frmTx=4)
[2026-09-13 15:14:05] debug: 	zh:ember:uart:ash: <--- [FRAME type=DATA ackNum=4 frmNum=7](frmRx=7) Added to rxQueue
[2026-09-13 15:14:05] debug: 	zh:ember:uart:ash: ---> [FRAME type=ACK frmRx=0](ackRx=4)
[2026-09-13 15:14:05] debug: 	zh:ember:ezsp: <=== [FRAME: ID=273:"IMPORT_TRANSIENT_KEY" Seq=51 Len=9]
[2026-09-13 15:14:05] debug: 	zh:ember:ezsp: ===> [FRAME: ID=85:"SET_POLICY" Seq=52 Len=7]
[2026-09-13 15:14:05] debug: 	zh:ember:uart:ash: ---> [FRAME type=DATA frmTx=4 frmRx=0](ackRx=4)
[2026-09-13 15:14:05] debug: 	zh:ember:uart:ash: <--- [FRAME type=DATA]
[2026-09-13 15:14:05] debug: 	zh:ember:uart:ash: <--- [FRAME type=DATA ackNum=5](ackRx=4 frmTx=5)
[2026-09-13 15:14:05] debug: 	zh:ember:uart:ash: <--- [FRAME type=DATA ackNum=5 frmNum=0](frmRx=0) Added to rxQueue
[2026-09-13 15:14:05] debug: 	zh:ember:uart:ash: ---> [FRAME type=ACK frmRx=1](ackRx=5)
[2026-09-13 15:14:05] debug: 	zh:ember:ezsp: <=== [FRAME: ID=85:"SET_POLICY" Seq=52 Len=6]
[2026-09-13 15:14:05] debug: 	zh:ember: [EzspPolicyId] SET 'TRUST_CENTER_POLICY' TO '3' with status=OK.
[2026-09-13 15:14:05] debug: 	zh:ember:ezsp: ===> [FRAME: ID=34:"PERMIT_JOINING" Seq=53 Len=6]
[2026-09-13 15:14:05] debug: 	zh:ember:uart:ash: ---> [FRAME type=DATA frmTx=5 frmRx=1](ackRx=5)
[2026-09-13 15:14:05] debug: 	zh:ember:uart:ash: <--- [FRAME type=DATA]
[2026-09-13 15:14:05] debug: 	zh:ember:uart:ash: <--- [FRAME type=DATA ackNum=6](ackRx=5 frmTx=6)
[2026-09-13 15:14:05] debug: 	zh:ember:uart:ash: <--- [FRAME type=DATA ackNum=6 frmNum=1](frmRx=1) Added to rxQueue
[2026-09-13 15:14:05] debug: 	zh:ember:uart:ash: ---> [FRAME type=ACK frmRx=2](ackRx=6)
[2026-09-13 15:14:05] debug: 	zh:ember:uart:ash: <--- [FRAME type=DATA]
[2026-09-13 15:14:05] debug: 	zh:ember:uart:ash: <--- [FRAME type=DATA ackNum=6](ackRx=6 frmTx=6)
[2026-09-13 15:14:05] debug: 	zh:ember:uart:ash: <--- [FRAME type=DATA ackNum=6 frmNum=2](frmRx=2) Added to rxQueue
[2026-09-13 15:14:05] debug: 	zh:ember:uart:ash: ---> [FRAME type=ACK frmRx=3](ackRx=6)
[2026-09-13 15:14:05] debug: 	zh:ember:ezsp: <=== [FRAME: ID=34:"PERMIT_JOINING" Seq=53 Len=6]
[2026-09-13 15:14:05] debug: 	zh:ember: Permit joining on coordinator for 254 sec.
[2026-09-13 15:14:05] debug: 	zh:ember: ~~~> [ZDO PERMIT_JOINING_REQUEST BROADCAST to=65532 messageTag=1 payload=01fe01]
[2026-09-13 15:14:05] debug: 	zh:ember:ezsp: ===> [FRAME: ID=54:"SEND_BROADCAST" Seq=54 Len=24]
[2026-09-13 15:14:05] debug: 	zh:ember:uart:ash: ---> [FRAME type=DATA frmTx=6 frmRx=3](ackRx=6)
[2026-09-13 15:14:05] debug: 	zh:ember:ezsp: <=== [CBFRAME: ID=25:"STACK_STATUS_HANDLER" Seq=53 Len=6]
[2026-09-13 15:14:05] debug: 	zh:ember:ezsp: ezspStackStatusHandler: status=ZIGBEE_NETWORK_OPENED
[2026-09-13 15:14:05] info: 	zh:ember: [STACK STATUS] Network opened.
[2026-09-13 15:14:05] debug: 	zh:ember:uart:ash: <--- [FRAME type=DATA]
[2026-09-13 15:14:05] debug: 	zh:ember:uart:ash: <--- [FRAME type=DATA ackNum=7](ackRx=6 frmTx=7)
[2026-09-13 15:14:05] debug: 	zh:ember:uart:ash: <--- [FRAME type=DATA ackNum=7 frmNum=3](frmRx=3) Added to rxQueue
[2026-09-13 15:14:05] debug: 	zh:ember:uart:ash: ---> [FRAME type=ACK frmRx=4](ackRx=7)
[2026-09-13 15:14:05] debug: 	zh:ember:ezsp: <=== [FRAME: ID=54:"SEND_BROADCAST" Seq=54 Len=7]
[2026-09-13 15:14:05] debug: 	zh:ember: ~~~> [SENT ZDO BROADCAST messageTag=1 apsSequence=84 status=OK]
[2026-09-13 15:14:05] debug: 	zh:ember: ~~~> [ZCL BROADCAST apsFrame={"profileId":41440,"clusterId":33,"sourceEndpoint":242,"destinationEndpoint":242,"options":4416,"groupId":65533,"sequence":0} header={"frameControl":{"reservedBits":0,"frameType":1,"direction":1,"disableDefaultResponse":true,"manufacturerSpecific":false},"transactionSequenceNumber":8,"commandIdentifier":2}]
[2026-09-13 15:14:05] debug: 	zh:ember:ezsp: ===> [FRAME: ID=54:"SEND_BROADCAST" Seq=55 Len=27]
[2026-09-13 15:14:05] debug: 	zh:ember:uart:ash: ---> [FRAME type=DATA frmTx=7 frmRx=4](ackRx=7)
[2026-09-13 15:14:05] debug: 	zh:ember:uart:ash: <--- [FRAME type=DATA]
[2026-09-13 15:14:05] debug: 	zh:ember:uart:ash: <--- [FRAME type=DATA ackNum=7](ackRx=7 frmTx=0)
[2026-09-13 15:14:05] debug: 	zh:ember:uart:ash: <--- [FRAME type=DATA ackNum=7 frmNum=4](frmRx=4) Added to rxQueue
[2026-09-13 15:14:05] debug: 	zh:ember:uart:ash: ---> [FRAME type=ACK frmRx=5](ackRx=7)
[2026-09-13 15:14:05] debug: 	zh:ember:ezsp: <=== [CBFRAME: ID=69:"INCOMING_MESSAGE_HANDLER" Seq=54 Len=38]
[2026-09-13 15:14:05] debug: 	zh:ember:ezsp: ezspIncomingMessageHandler: type=UNICAST apsFrame={"profileId":260,"clusterId":61184,"sourceEndpoint":1,"destinationEndpoint":1,"options":256,"groupId":0,"sequence":157} packetInfo:{"senderShortId":3595,"senderLongId":"0xffffffffffffffff","bindingIndex":255,"addressIndex":255,"lastHopLqi":136,"lastHopRssi":-66,"lastHopTimestamp":0} messageContents=09190200e70202000400000026
[2026-09-13 15:14:05] debug: 	zh:controller: Received payload: clusterID=61184, address=3595, groupID=0, endpoint=1, destinationEndpoint=1, wasBroadcast=false, linkQuality=136, frame={"header":{"frameControl":{"frameType":1,"manufacturerSpecific":false,"direction":1,"disableDefaultResponse":false,"reservedBits":0},"transactionSequenceNumber":25,"commandIdentifier":2},"payload":{"seq":59136,"dpValues":[{"dp":2,"datatype":2,"data":{"type":"Buffer","data":[0,0,0,38]}}]},"command":{"name":"dataReport","ID":2,"parameters":[{"name":"seq","type":33,"max":65535},{"name":"dpValues","type":1011}]}}
[2026-09-13 15:14:05] debug: 	zh:controller:endpoint: ZCL command 0x94b216fffef3cf25/1 manuSpecificTuya.defaultRsp({"cmdId":2,"statusCode":0}, {"timeout":10000,"disableResponse":false,"disableRecovery":false,"disableDefaultResponse":true,"direction":0,"reservedBits":0,"transactionSequenceNumber":25,"writeUndiv":false})
[2026-09-13 15:14:05] debug: 	zh:ember: ~~~> [ZCL to=0x94b216fffef3cf25:3595 apsFrame={"profileId":260,"clusterId":61184,"sourceEndpoint":1,"destinationEndpoint":1,"options":4352,"groupId":0,"sequence":0} header={"frameControl":{"reservedBits":0,"frameType":0,"direction":0,"disableDefaultResponse":true,"manufacturerSpecific":false},"transactionSequenceNumber":25,"commandIdentifier":11}]
[2026-09-13 15:14:05] debug: 	z2m: Received Zigbee message from 'Nivelagua', type 'commandDataReport', cluster 'manuSpecificTuya', data '{"dpValues":[{"data":{"data":[0,0,0,38],"type":"Buffer"},"datatype":2,"dp":2}],"seq":59136}' from endpoint 1 with groupID 0
[2026-09-13 15:14:05] info: 	z2m:mqtt: MQTT publish: topic 'zigbee2mqtt/Nivelagua', payload '{"installation_height":0.75,"linkquality":136,"liquid_depth":0.38,"liquid_depth_max":0.28,"liquid_level_percent":81,"liquid_state":"high","max_set":80,"min_set":25}'
[2026-09-13 15:14:05] debug: 	zh:ember:uart:ash: <--- [FRAME type=DATA]
[2026-09-13 15:14:05] debug: 	zh:ember:uart:ash: <--- [FRAME type=DATA ackNum=0](ackRx=7 frmTx=0)
[2026-09-13 15:14:05] debug: 	zh:ember:uart:ash: <--- [FRAME type=DATA ackNum=0 frmNum=5](frmRx=5) Added to rxQueue
[2026-09-13 15:14:05] debug: 	zh:ember:uart:ash: ---> [FRAME type=ACK frmRx=6](ackRx=0)
[2026-09-13 15:14:05] debug: 	zh:ember:ezsp: <=== [FRAME: ID=54:"SEND_BROADCAST" Seq=55 Len=7]
[2026-09-13 15:14:05] debug: 	zh:ember:ezsp: ===> [FRAME: ID=52:"SEND_UNICAST" Seq=56 Len=26]
[2026-09-13 15:14:05] debug: 	zh:ember:uart:ash: ---> [FRAME type=DATA frmTx=0 frmRx=6](ackRx=0)
[2026-09-13 15:14:05] debug: 	zh:ember:ezsp: ~~~> [SENT type=BROADCAST apsSequence=85 messageTag=18 status=OK]
[2026-09-13 15:14:05] debug: 	zh:ember:uart:ash: <--- [FRAME type=DATA]
[2026-09-13 15:14:05] debug: 	zh:ember:uart:ash: <--- [FRAME type=DATA ackNum=0](ackRx=0 frmTx=1)
[2026-09-13 15:14:05] debug: 	zh:ember:uart:ash: <--- [FRAME type=DATA ackNum=0 frmNum=6](frmRx=6) Added to rxQueue
[2026-09-13 15:14:05] debug: 	zh:ember:uart:ash: ---> [FRAME type=ACK frmRx=7](ackRx=0)
[2026-09-13 15:14:05] debug: 	zh:ember:ezsp: <=== [CBFRAME: ID=69:"INCOMING_MESSAGE_HANDLER" Seq=55 Len=30]
[2026-09-13 15:14:05] debug: 	zh:ember:ezsp: ezspIncomingMessageHandler: type=BROADCAST_LOOPBACK apsFrame={"profileId":41440,"clusterId":33,"sourceEndpoint":242,"destinationEndpoint":242,"options":256,"groupId":0,"sequence":85} packetInfo:{"senderShortId":0,"senderLongId":"0xffffffffffffffff","bindingIndex":255,"addressIndex":255,"lastHopLqi":255,"lastHopRssi":0,"lastHopTimestamp":0} messageContents=1908020bfe00
[2026-09-13 15:14:05] debug: 	zh:ember:uart:ash: <--- [FRAME type=DATA]
[2026-09-13 15:14:05] debug: 	zh:ember:uart:ash: <--- [FRAME type=DATA ackNum=1](ackRx=0 frmTx=1)
[2026-09-13 15:14:05] debug: 	zh:ember:uart:ash: <--- [FRAME type=DATA ackNum=1 frmNum=7](frmRx=7) Added to rxQueue
[2026-09-13 15:14:05] debug: 	zh:ember:uart:ash: ---> [FRAME type=ACK frmRx=0](ackRx=1)
[2026-09-13 15:14:05] debug: 	zh:ember:ezsp: <=== [FRAME: ID=52:"SEND_UNICAST" Seq=56 Len=7]
[2026-09-13 15:14:05] debug: 	zh:ember:ezsp: ~~~> [SENT type=DIRECT apsSequence=86 messageTag=19 status=OK]
[2026-09-13 15:14:05] debug: 	zh:ember:uart:ash: <--- [FRAME type=DATA]
[2026-09-13 15:14:05] debug: 	zh:ember:uart:ash: <--- [FRAME type=DATA ackNum=1](ackRx=1 frmTx=1)
[2026-09-13 15:14:05] debug: 	zh:ember:uart:ash: <--- [FRAME type=DATA ackNum=1 frmNum=0](frmRx=0) Added to rxQueue
[2026-09-13 15:14:05] debug: 	zh:ember:uart:ash: ---> [FRAME type=ACK frmRx=1](ackRx=1)
[2026-09-13 15:14:05] debug: 	zh:ember:ezsp: <=== [CBFRAME: ID=63:"MESSAGE_SENT_HANDLER" Seq=56 Len=22]
[2026-09-13 15:14:05] debug: 	zh:ember:ezsp: ezspMessageSentHandler: status=OK type=DIRECT indexOrDestination=3595 apsFrame={"profileId":260,"clusterId":61184,"sourceEndpoint":1,"destinationEndpoint":1,"options":4352,"groupId":0,"sequence":86} messageTag=19
[2026-09-13 15:14:05] debug: 	zh:ember:uart:ash: <--- [FRAME type=DATA]
[2026-09-13 15:14:05] debug: 	zh:ember:uart:ash: <--- [FRAME type=DATA ackNum=1](ackRx=1 frmTx=1)
[2026-09-13 15:14:05] debug: 	zh:ember:uart:ash: <--- [FRAME type=DATA ackNum=1 frmNum=1](frmRx=1) Added to rxQueue
[2026-09-13 15:14:05] debug: 	zh:ember:uart:ash: ---> [FRAME type=ACK frmRx=2](ackRx=1)
[2026-09-13 15:14:05] debug: 	zh:ember:ezsp: <=== [CBFRAME: ID=69:"INCOMING_MESSAGE_HANDLER" Seq=56 Len=38]
[2026-09-13 15:14:05] debug: 	zh:ember:ezsp: ezspIncomingMessageHandler: type=UNICAST apsFrame={"profileId":260,"clusterId":61184,"sourceEndpoint":1,"destinationEndpoint":1,"options":256,"groupId":0,"sequence":158} packetInfo:{"senderShortId":3595,"senderLongId":"0xffffffffffffffff","bindingIndex":255,"addressIndex":255,"lastHopLqi":136,"lastHopRssi":-66,"lastHopTimestamp":0} messageContents=091a0200e81602000400000051
[2026-09-13 15:14:05] debug: 	zh:controller: Received payload: clusterID=61184, address=3595, groupID=0, endpoint=1, destinationEndpoint=1, wasBroadcast=false, linkQuality=136, frame={"header":{"frameControl":{"frameType":1,"manufacturerSpecific":false,"direction":1,"disableDefaultResponse":false,"reservedBits":0},"transactionSequenceNumber":26,"commandIdentifier":2},"payload":{"seq":59392,"dpValues":[{"dp":22,"datatype":2,"data":{"type":"Buffer","data":[0,0,0,81]}}]},"command":{"name":"dataReport","ID":2,"parameters":[{"name":"seq","type":33,"max":65535},{"name":"dpValues","type":1011}]}}
[2026-09-13 15:14:05] debug: 	zh:controller:endpoint: ZCL command 0x94b216fffef3cf25/1 manuSpecificTuya.defaultRsp({"cmdId":2,"statusCode":0}, {"timeout":10000,"disableResponse":false,"disableRecovery":false,"disableDefaultResponse":true,"direction":0,"reservedBits":0,"transactionSequenceNumber":26,"writeUndiv":false})
[2026-09-13 15:14:05] debug: 	zh:ember: ~~~> [ZCL to=0x94b216fffef3cf25:3595 apsFrame={"profileId":260,"clusterId":61184,"sourceEndpoint":1,"destinationEndpoint":1,"options":4352,"groupId":0,"sequence":0} header={"frameControl":{"reservedBits":0,"frameType":0,"direction":0,"disableDefaultResponse":true,"manufacturerSpecific":false},"transactionSequenceNumber":26,"commandIdentifier":11}]
[2026-09-13 15:14:05] debug: 	zh:ember:ezsp: ===> [FRAME: ID=52:"SEND_UNICAST" Seq=57 Len=26]
[2026-09-13 15:14:05] debug: 	zh:ember:uart:ash: ---> [FRAME type=DATA frmTx=1 frmRx=2](ackRx=1)
[2026-09-13 15:14:05] debug: 	z2m: Received Zigbee message from 'Nivelagua', type 'commandDataReport', cluster 'manuSpecificTuya', data '{"dpValues":[{"data":{"data":[0,0,0,81],"type":"Buffer"},"datatype":2,"dp":22}],"seq":59392}' from endpoint 1 with groupID 0
[2026-09-13 15:14:05] info: 	z2m:mqtt: MQTT publish: topic 'zigbee2mqtt/Nivelagua', payload '{"installation_height":0.75,"linkquality":136,"liquid_depth":0.38,"liquid_depth_max":0.28,"liquid_level_percent":81,"liquid_state":"high","max_set":80,"min_set":25}'
[2026-09-13 15:14:05] debug: 	zh:ember:uart:ash: <--- [FRAME type=DATA]
[2026-09-13 15:14:05] debug: 	zh:ember:uart:ash: <--- [FRAME type=DATA ackNum=2](ackRx=1 frmTx=2)
[2026-09-13 15:14:05] debug: 	zh:ember:uart:ash: <--- [FRAME type=DATA ackNum=2 frmNum=2](frmRx=2) Added to rxQueue
[2026-09-13 15:14:05] debug: 	zh:ember:uart:ash: ---> [FRAME type=ACK frmRx=3](ackRx=2)
[2026-09-13 15:14:05] debug: 	zh:ember:ezsp: <=== [FRAME: ID=52:"SEND_UNICAST" Seq=57 Len=7]
[2026-09-13 15:14:05] debug: 	zh:ember:ezsp: ~~~> [SENT type=DIRECT apsSequence=87 messageTag=20 status=OK]
[2026-09-13 15:14:05] debug: 	zh:ember:uart:ash: <--- [FRAME type=DATA]
[2026-09-13 15:14:05] debug: 	zh:ember:uart:ash: <--- [FRAME type=DATA ackNum=2](ackRx=2 frmTx=2)
[2026-09-13 15:14:05] debug: 	zh:ember:uart:ash: <--- [FRAME type=DATA ackNum=2 frmNum=3](frmRx=3) Added to rxQueue
[2026-09-13 15:14:05] debug: 	zh:ember:uart:ash: ---> [FRAME type=ACK frmRx=4](ackRx=2)
[2026-09-13 15:14:05] debug: 	zh:ember:ezsp: <=== [CBFRAME: ID=63:"MESSAGE_SENT_HANDLER" Seq=57 Len=22]
[2026-09-13 15:14:05] debug: 	zh:ember:ezsp: ezspMessageSentHandler: status=OK type=DIRECT indexOrDestination=3595 apsFrame={"profileId":260,"clusterId":61184,"sourceEndpoint":1,"destinationEndpoint":1,"options":4352,"groupId":0,"sequence":87} messageTag=20
[2026-09-13 15:14:06] info: 	z2m:mqtt: MQTT publish: topic 'zigbee2mqtt/bridge/response/permit_join', payload '{"data":{"time":254},"status":"ok","transaction":"ujz9j-1"}'
[2026-09-13 15:14:06] debug: 	zh:ember:uart:ash: <--- [FRAME type=DATA]
[2026-09-13 15:14:06] debug: 	zh:ember:uart:ash: <--- [FRAME type=DATA ackNum=2](ackRx=2 frmTx=2)
[2026-09-13 15:14:06] debug: 	zh:ember:uart:ash: <--- [FRAME type=DATA ackNum=2 frmNum=4](frmRx=4) Added to rxQueue
[2026-09-13 15:14:06] debug: 	zh:ember:uart:ash: ---> [FRAME type=ACK frmRx=5](ackRx=2)
[2026-09-13 15:14:06] debug: 	zh:ember:ezsp: <=== [CBFRAME: ID=63:"MESSAGE_SENT_HANDLER" Seq=57 Len=22]
[2026-09-13 15:14:06] debug: 	zh:ember:ezsp: ezspMessageSentHandler: status=OK type=BROADCAST indexOrDestination=65532 apsFrame={"profileId":0,"clusterId":54,"sourceEndpoint":0,"destinationEndpoint":0,"options":256,"groupId":0,"sequence":84} messageTag=1
[2026-09-13 15:14:06] debug: 	zh:ember:uart:ash: <--- [FRAME type=DATA]
[2026-09-13 15:14:06] debug: 	zh:ember:uart:ash: <--- [FRAME type=DATA ackNum=2](ackRx=2 frmTx=2)
[2026-09-13 15:14:06] debug: 	zh:ember:uart:ash: <--- [FRAME type=DATA ackNum=2 frmNum=5](frmRx=5) Added to rxQueue
[2026-09-13 15:14:06] debug: 	zh:ember:uart:ash: ---> [FRAME type=ACK frmRx=6](ackRx=2)
[2026-09-13 15:14:06] debug: 	zh:ember:ezsp: <=== [CBFRAME: ID=63:"MESSAGE_SENT_HANDLER" Seq=57 Len=22]
[2026-09-13 15:14:06] debug: 	zh:ember:ezsp: ezspMessageSentHandler: status=OK type=BROADCAST indexOrDestination=65533 apsFrame={"profileId":41440,"clusterId":33,"sourceEndpoint":242,"destinationEndpoint":242,"options":256,"groupId":0,"sequence":85} messageTag=18
[2026-09-13 15:14:06] debug: 	zh:ember:uart:ash: <--- [FRAME type=DATA]
[2026-09-13 15:14:06] debug: 	zh:ember:uart:ash: <--- [FRAME type=DATA ackNum=2](ackRx=2 frmTx=2)
[2026-09-13 15:14:06] debug: 	zh:ember:uart:ash: <--- [FRAME type=DATA ackNum=2 frmNum=6](frmRx=6) Added to rxQueue
[2026-09-13 15:14:06] debug: 	zh:ember:uart:ash: ---> [FRAME type=ACK frmRx=7](ackRx=2)
[2026-09-13 15:14:06] debug: 	zh:ember:ezsp: <=== [CBFRAME: ID=69:"INCOMING_MESSAGE_HANDLER" Seq=57 Len=35]
[2026-09-13 15:14:06] debug: 	zh:ember:ezsp: ezspIncomingMessageHandler: type=UNICAST apsFrame={"profileId":260,"clusterId":61184,"sourceEndpoint":1,"destinationEndpoint":1,"options":256,"groupId":0,"sequence":159} packetInfo:{"senderShortId":3595,"senderLongId":"0xffffffffffffffff","bindingIndex":255,"addressIndex":255,"lastHopLqi":136,"lastHopRssi":-66,"lastHopTimestamp":0} messageContents=091b0200e90104000102
[2026-09-13 15:14:06] debug: 	zh:controller: Received payload: clusterID=61184, address=3595, groupID=0, endpoint=1, destinationEndpoint=1, wasBroadcast=false, linkQuality=136, frame={"header":{"frameControl":{"frameType":1,"manufacturerSpecific":false,"direction":1,"disableDefaultResponse":false,"reservedBits":0},"transactionSequenceNumber":27,"commandIdentifier":2},"payload":{"seq":59648,"dpValues":[{"dp":1,"datatype":4,"data":{"type":"Buffer","data":[2]}}]},"command":{"name":"dataReport","ID":2,"parameters":[{"name":"seq","type":33,"max":65535},{"name":"dpValues","type":1011}]}}
[2026-09-13 15:14:06] debug: 	zh:controller:endpoint: ZCL command 0x94b216fffef3cf25/1 manuSpecificTuya.defaultRsp({"cmdId":2,"statusCode":0}, {"timeout":10000,"disableResponse":false,"disableRecovery":false,"disableDefaultResponse":true,"direction":0,"reservedBits":0,"transactionSequenceNumber":27,"writeUndiv":false})
[2026-09-13 15:14:06] debug: 	zh:ember: ~~~> [ZCL to=0x94b216fffef3cf25:3595 apsFrame={"profileId":260,"clusterId":61184,"sourceEndpoint":1,"destinationEndpoint":1,"options":4352,"groupId":0,"sequence":0} header={"frameControl":{"reservedBits":0,"frameType":0,"direction":0,"disableDefaultResponse":true,"manufacturerSpecific":false},"transactionSequenceNumber":27,"commandIdentifier":11}]
[2026-09-13 15:14:06] debug: 	zh:ember:ezsp: ===> [FRAME: ID=52:"SEND_UNICAST" Seq=58 Len=26]
[2026-09-13 15:14:06] debug: 	zh:ember:uart:ash: ---> [FRAME type=DATA frmTx=2 frmRx=7](ackRx=2)
[2026-09-13 15:14:06] debug: 	z2m: Received Zigbee message from 'Nivelagua', type 'commandDataReport', cluster 'manuSpecificTuya', data '{"dpValues":[{"data":{"data":[2],"type":"Buffer"},"datatype":4,"dp":1}],"seq":59648}' from endpoint 1 with groupID 0
[2026-09-13 15:14:06] info: 	z2m:mqtt: MQTT publish: topic 'zigbee2mqtt/Nivelagua', payload '{"installation_height":0.75,"linkquality":136,"liquid_depth":0.38,"liquid_depth_max":0.28,"liquid_level_percent":81,"liquid_state":"high","max_set":80,"min_set":25}'
[2026-09-13 15:14:06] debug: 	zh:ember:uart:ash: <--- [FRAME type=DATA]
[2026-09-13 15:14:06] debug: 	zh:ember:uart:ash: <--- [FRAME type=DATA ackNum=3](ackRx=2 frmTx=3)
[2026-09-13 15:14:06] debug: 	zh:ember:uart:ash: <--- [FRAME type=DATA ackNum=3 frmNum=7](frmRx=7) Added to rxQueue
[2026-09-13 15:14:06] debug: 	zh:ember:uart:ash: ---> [FRAME type=ACK frmRx=0](ackRx=3)
[2026-09-13 15:14:06] debug: 	zh:ember:ezsp: <=== [FRAME: ID=52:"SEND_UNICAST" Seq=58 Len=7]
[2026-09-13 15:14:06] debug: 	zh:ember:ezsp: ~~~> [SENT type=DIRECT apsSequence=88 messageTag=21 status=OK]
[2026-09-13 15:14:06] debug: 	zh:ember:uart:ash: <--- [FRAME type=DATA]
[2026-09-13 15:14:06] debug: 	zh:ember:uart:ash: <--- [FRAME type=DATA ackNum=3](ackRx=3 frmTx=3)
[2026-09-13 15:14:06] debug: 	zh:ember:uart:ash: <--- [FRAME type=DATA ackNum=3 frmNum=0](frmRx=0) Added to rxQueue
[2026-09-13 15:14:06] debug: 	zh:ember:uart:ash: ---> [FRAME type=ACK frmRx=1](ackRx=3)
[2026-09-13 15:14:06] debug: 	zh:ember:ezsp: <=== [CBFRAME: ID=63:"MESSAGE_SENT_HANDLER" Seq=58 Len=22]
[2026-09-13 15:14:06] debug: 	zh:ember:ezsp: ezspMessageSentHandler: status=OK type=DIRECT indexOrDestination=3595 apsFrame={"profileId":260,"clusterId":61184,"sourceEndpoint":1,"destinationEndpoint":1,"options":4352,"groupId":0,"sequence":88} messageTag=21
[2026-09-13 15:14:06] debug: 	zh:ember:uart:ash: <--- [FRAME type=DATA]
[2026-09-13 15:14:06] debug: 	zh:ember:uart:ash: <--- [FRAME type=DATA ackNum=3](ackRx=3 frmTx=3)
[2026-09-13 15:14:06] debug: 	zh:ember:uart:ash: <--- [FRAME type=DATA ackNum=3 frmNum=1](frmRx=1) Added to rxQueue
[2026-09-13 15:14:06] debug: 	zh:ember:uart:ash: ---> [FRAME type=ACK frmRx=2](ackRx=3)
[2026-09-13 15:14:06] debug: 	zh:ember:ezsp: <=== [CBFRAME: ID=69:"INCOMING_MESSAGE_HANDLER" Seq=58 Len=38]
[2026-09-13 15:14:06] debug: 	zh:ember:ezsp: ezspIncomingMessageHandler: type=UNICAST apsFrame={"profileId":260,"clusterId":61184,"sourceEndpoint":1,"destinationEndpoint":1,"options":256,"groupId":0,"sequence":160} packetInfo:{"senderShortId":3595,"senderLongId":"0xffffffffffffffff","bindingIndex":255,"addressIndex":255,"lastHopLqi":136,"lastHopRssi":-66,"lastHopTimestamp":0} messageContents=091c0200ea0202000400000026
[2026-09-13 15:14:06] debug: 	zh:controller: Received payload: clusterID=61184, address=3595, groupID=0, endpoint=1, destinationEndpoint=1, wasBroadcast=false, linkQuality=136, frame={"header":{"frameControl":{"frameType":1,"manufacturerSpecific":false,"direction":1,"disableDefaultResponse":false,"reservedBits":0},"transactionSequenceNumber":28,"commandIdentifier":2},"payload":{"seq":59904,"dpValues":[{"dp":2,"datatype":2,"data":{"type":"Buffer","data":[0,0,0,38]}}]},"command":{"name":"dataReport","ID":2,"parameters":[{"name":"seq","type":33,"max":65535},{"name":"dpValues","type":1011}]}}
[2026-09-13 15:14:06] debug: 	zh:controller:endpoint: ZCL command 0x94b216fffef3cf25/1 manuSpecificTuya.defaultRsp({"cmdId":2,"statusCode":0}, {"timeout":10000,"disableResponse":false,"disableRecovery":false,"disableDefaultResponse":true,"direction":0,"reservedBits":0,"transactionSequenceNumber":28,"writeUndiv":false})
[2026-09-13 15:14:06] debug: 	zh:ember: ~~~> [ZCL to=0x94b216fffef3cf25:3595 apsFrame={"profileId":260,"clusterId":61184,"sourceEndpoint":1,"destinationEndpoint":1,"options":4352,"groupId":0,"sequence":0} header={"frameControl":{"reservedBits":0,"frameType":0,"direction":0,"disableDefaultResponse":true,"manufacturerSpecific":false},"transactionSequenceNumber":28,"commandIdentifier":11}]
[2026-09-13 15:14:06] debug: 	zh:ember:ezsp: ===> [FRAME: ID=52:"SEND_UNICAST" Seq=59 Len=26]
[2026-09-13 15:14:06] debug: 	zh:ember:uart:ash: ---> [FRAME type=DATA frmTx=3 frmRx=2](ackRx=3)
[2026-09-13 15:14:06] debug: 	z2m: Received Zigbee message from 'Nivelagua', type 'commandDataReport', cluster 'manuSpecificTuya', data '{"dpValues":[{"data":{"data":[0,0,0,38],"type":"Buffer"},"datatype":2,"dp":2}],"seq":59904}' from endpoint 1 with groupID 0
[2026-09-13 15:14:06] info: 	z2m:mqtt: MQTT publish: topic 'zigbee2mqtt/Nivelagua', payload '{"installation_height":0.75,"linkquality":136,"liquid_depth":0.38,"liquid_depth_max":0.28,"liquid_level_percent":81,"liquid_state":"high","max_set":80,"min_set":25}'
[2026-09-13 15:14:06] debug: 	zh:ember:uart:ash: <--- [FRAME type=DATA]
[2026-09-13 15:14:06] debug: 	zh:ember:uart:ash: <--- [FRAME type=DATA ackNum=4](ackRx=3 frmTx=4)
[2026-09-13 15:14:06] debug: 	zh:ember:uart:ash: <--- [FRAME type=DATA ackNum=4 frmNum=2](frmRx=2) Added to rxQueue
[2026-09-13 15:14:06] debug: 	zh:ember:uart:ash: ---> [FRAME type=ACK frmRx=3](ackRx=4)
[2026-09-13 15:14:06] debug: 	zh:ember:ezsp: <=== [FRAME: ID=52:"SEND_UNICAST" Seq=59 Len=7]
[2026-09-13 15:14:06] debug: 	zh:ember:ezsp: ~~~> [SENT type=DIRECT apsSequence=89 messageTag=22 status=OK]
[2026-09-13 15:14:06] debug: 	zh:ember:uart:ash: <--- [FRAME type=DATA]
[2026-09-13 15:14:06] debug: 	zh:ember:uart:ash: <--- [FRAME type=DATA ackNum=4](ackRx=4 frmTx=4)
[2026-09-13 15:14:06] debug: 	zh:ember:uart:ash: <--- [FRAME type=DATA ackNum=4 frmNum=3](frmRx=3) Added to rxQueue
[2026-09-13 15:14:06] debug: 	zh:ember:uart:ash: ---> [FRAME type=ACK frmRx=4](ackRx=4)
[2026-09-13 15:14:06] debug: 	zh:ember:ezsp: <=== [CBFRAME: ID=63:"MESSAGE_SENT_HANDLER" Seq=59 Len=22]
[2026-09-13 15:14:06] debug: 	zh:ember:ezsp: ezspMessageSentHandler: status=OK type=DIRECT indexOrDestination=3595 apsFrame={"profileId":260,"clusterId":61184,"sourceEndpoint":1,"destinationEndpoint":1,"options":4352,"groupId":0,"sequence":89} messageTag=22
[2026-09-13 15:14:06] debug: 	zh:ember:uart:ash: <--- [FRAME type=DATA]
[2026-09-13 15:14:06] debug: 	zh:ember:uart:ash: <--- [FRAME type=DATA ackNum=4](ackRx=4 frmTx=4)
[2026-09-13 15:14:06] debug: 	zh:ember:uart:ash: <--- [FRAME type=DATA ackNum=4 frmNum=4](frmRx=4) Added to rxQueue
[2026-09-13 15:14:06] debug: 	zh:ember:uart:ash: ---> [FRAME type=ACK frmRx=5](ackRx=4)
[2026-09-13 15:14:06] debug: 	zh:ember:ezsp: <=== [CBFRAME: ID=69:"INCOMING_MESSAGE_HANDLER" Seq=59 Len=38]
[2026-09-13 15:14:06] debug: 	zh:ember:ezsp: ezspIncomingMessageHandler: type=UNICAST apsFrame={"profileId":260,"clusterId":61184,"sourceEndpoint":1,"destinationEndpoint":1,"options":256,"groupId":0,"sequence":161} packetInfo:{"senderShortId":3595,"senderLongId":"0xffffffffffffffff","bindingIndex":255,"addressIndex":255,"lastHopLqi":136,"lastHopRssi":-66,"lastHopTimestamp":0} messageContents=091d0200eb1602000400000051
[2026-09-13 15:14:06] debug: 	zh:controller: Received payload: clusterID=61184, address=3595, groupID=0, endpoint=1, destinationEndpoint=1, wasBroadcast=false, linkQuality=136, frame={"header":{"frameControl":{"frameType":1,"manufacturerSpecific":false,"direction":1,"disableDefaultResponse":false,"reservedBits":0},"transactionSequenceNumber":29,"commandIdentifier":2},"payload":{"seq":60160,"dpValues":[{"dp":22,"datatype":2,"data":{"type":"Buffer","data":[0,0,0,81]}}]},"command":{"name":"dataReport","ID":2,"parameters":[{"name":"seq","type":33,"max":65535},{"name":"dpValues","type":1011}]}}
[2026-09-13 15:14:06] debug: 	zh:controller:endpoint: ZCL command 0x94b216fffef3cf25/1 manuSpecificTuya.defaultRsp({"cmdId":2,"statusCode":0}, {"timeout":10000,"disableResponse":false,"disableRecovery":false,"disableDefaultResponse":true,"direction":0,"reservedBits":0,"transactionSequenceNumber":29,"writeUndiv":false})
[2026-09-13 15:14:06] debug: 	zh:ember: ~~~> [ZCL to=0x94b216fffef3cf25:3595 apsFrame={"profileId":260,"clusterId":61184,"sourceEndpoint":1,"destinationEndpoint":1,"options":4352,"groupId":0,"sequence":0} header={"frameControl":{"reservedBits":0,"frameType":0,"direction":0,"disableDefaultResponse":true,"manufacturerSpecific":false},"transactionSequenceNumber":29,"commandIdentifier":11}]
[2026-09-13 15:14:06] debug: 	zh:ember:ezsp: ===> [FRAME: ID=52:"SEND_UNICAST" Seq=60 Len=26]
[2026-09-13 15:14:06] debug: 	zh:ember:uart:ash: ---> [FRAME type=DATA frmTx=4 frmRx=5](ackRx=4)
[2026-09-13 15:14:06] debug: 	z2m: Received Zigbee message from 'Nivelagua', type 'commandDataReport', cluster 'manuSpecificTuya', data '{"dpValues":[{"data":{"data":[0,0,0,81],"type":"Buffer"},"datatype":2,"dp":22}],"seq":60160}' from endpoint 1 with groupID 0
[2026-09-13 15:14:06] info: 	z2m:mqtt: MQTT publish: topic 'zigbee2mqtt/Nivelagua', payload '{"installation_height":0.75,"linkquality":136,"liquid_depth":0.38,"liquid_depth_max":0.28,"liquid_level_percent":81,"liquid_state":"high","max_set":80,"min_set":25}'
[2026-09-13 15:14:06] debug: 	zh:ember:uart:ash: <--- [FRAME type=DATA]
[2026-09-13 15:14:06] debug: 	zh:ember:uart:ash: <--- [FRAME type=DATA ackNum=5](ackRx=4 frmTx=5)
[2026-09-13 15:14:06] debug: 	zh:ember:uart:ash: <--- [FRAME type=DATA ackNum=5 frmNum=5](frmRx=5) Added to rxQueue
[2026-09-13 15:14:06] debug: 	zh:ember:uart:ash: ---> [FRAME type=ACK frmRx=6](ackRx=5)
[2026-09-13 15:14:06] debug: 	zh:ember:ezsp: <=== [FRAME: ID=52:"SEND_UNICAST" Seq=60 Len=7]
[2026-09-13 15:14:06] debug: 	zh:ember:ezsp: ~~~> [SENT type=DIRECT apsSequence=90 messageTag=23 status=OK]
[2026-09-13 15:14:06] debug: 	zh:ember:uart:ash: <--- [FRAME type=DATA]
[2026-09-13 15:14:06] debug: 	zh:ember:uart:ash: <--- [FRAME type=DATA ackNum=5](ackRx=5 frmTx=5)
[2026-09-13 15:14:06] debug: 	zh:ember:uart:ash: <--- [FRAME type=DATA ackNum=5 frmNum=6](frmRx=6) Added to rxQueue
[2026-09-13 15:14:06] debug: 	zh:ember:uart:ash: ---> [FRAME type=ACK frmRx=7](ackRx=5)
[2026-09-13 15:14:06] debug: 	zh:ember:ezsp: <=== [CBFRAME: ID=63:"MESSAGE_SENT_HANDLER" Seq=60 Len=22]
[2026-09-13 15:14:06] debug: 	zh:ember:ezsp: ezspMessageSentHandler: status=OK type=DIRECT indexOrDestination=3595 apsFrame={"profileId":260,"clusterId":61184,"sourceEndpoint":1,"destinationEndpoint":1,"options":4352,"groupId":0,"sequence":90} messageTag=23
[2026-09-13 15:14:07] debug: 	zh:ember:uart:ash: <--- [FRAME type=DATA]
[2026-09-13 15:14:07] debug: 	zh:ember:uart:ash: <--- [FRAME type=DATA ackNum=5](ackRx=5 frmTx=5)
[2026-09-13 15:14:07] debug: 	zh:ember:uart:ash: <--- [FRAME type=DATA ackNum=5 frmNum=7](frmRx=7) Added to rxQueue
[2026-09-13 15:14:07] debug: 	zh:ember:uart:ash: ---> [FRAME type=ACK frmRx=0](ackRx=5)
[2026-09-13 15:14:07] debug: 	zh:ember:ezsp: <=== [CBFRAME: ID=69:"INCOMING_MESSAGE_HANDLER" Seq=60 Len=35]
[2026-09-13 15:14:07] debug: 	zh:ember:ezsp: ezspIncomingMessageHandler: type=UNICAST apsFrame={"profileId":260,"clusterId":61184,"sourceEndpoint":1,"destinationEndpoint":1,"options":256,"groupId":0,"sequence":162} packetInfo:{"senderShortId":3595,"senderLongId":"0xffffffffffffffff","bindingIndex":255,"addressIndex":255,"lastHopLqi":136,"lastHopRssi":-66,"lastHopTimestamp":0} messageContents=091e0200ec0104000102
[2026-09-13 15:14:07] debug: 	zh:controller: Received payload: clusterID=61184, address=3595, groupID=0, endpoint=1, destinationEndpoint=1, wasBroadcast=false, linkQuality=136, frame={"header":{"frameControl":{"frameType":1,"manufacturerSpecific":false,"direction":1,"disableDefaultResponse":false,"reservedBits":0},"transactionSequenceNumber":30,"commandIdentifier":2},"payload":{"seq":60416,"dpValues":[{"dp":1,"datatype":4,"data":{"type":"Buffer","data":[2]}}]},"command":{"name":"dataReport","ID":2,"parameters":[{"name":"seq","type":33,"max":65535},{"name":"dpValues","type":1011}]}}
[2026-09-13 15:14:07] debug: 	zh:controller:endpoint: ZCL command 0x94b216fffef3cf25/1 manuSpecificTuya.defaultRsp({"cmdId":2,"statusCode":0}, {"timeout":10000,"disableResponse":false,"disableRecovery":false,"disableDefaultResponse":true,"direction":0,"reservedBits":0,"transactionSequenceNumber":30,"writeUndiv":false})
[2026-09-13 15:14:07] debug: 	zh:ember: ~~~> [ZCL to=0x94b216fffef3cf25:3595 apsFrame={"profileId":260,"clusterId":61184,"sourceEndpoint":1,"destinationEndpoint":1,"options":4352,"groupId":0,"sequence":0} header={"frameControl":{"reservedBits":0,"frameType":0,"direction":0,"disableDefaultResponse":true,"manufacturerSpecific":false},"transactionSequenceNumber":30,"commandIdentifier":11}]
[2026-09-13 15:14:07] debug: 	zh:ember:ezsp: ===> [FRAME: ID=52:"SEND_UNICAST" Seq=61 Len=26]
[2026-09-13 15:14:07] debug: 	zh:ember:uart:ash: ---> [FRAME type=DATA frmTx=5 frmRx=0](ackRx=5)
[2026-09-13 15:14:07] debug: 	z2m: Received Zigbee message from 'Nivelagua', type 'commandDataReport', cluster 'manuSpecificTuya', data '{"dpValues":[{"data":{"data":[2],"type":"Buffer"},"datatype":4,"dp":1}],"seq":60416}' from endpoint 1 with groupID 0
[2026-09-13 15:14:07] info: 	z2m:mqtt: MQTT publish: topic 'zigbee2mqtt/Nivelagua', payload '{"installation_height":0.75,"linkquality":136,"liquid_depth":0.38,"liquid_depth_max":0.28,"liquid_level_percent":81,"liquid_state":"high","max_set":80,"min_set":25}'
[2026-09-13 15:14:07] debug: 	zh:ember:uart:ash: <--- [FRAME type=DATA]
[2026-09-13 15:14:07] debug: 	zh:ember:uart:ash: <--- [FRAME type=DATA ackNum=6](ackRx=5 frmTx=6)
[2026-09-13 15:14:07] debug: 	zh:ember:uart:ash: <--- [FRAME type=DATA ackNum=6 frmNum=0](frmRx=0) Added to rxQueue
[2026-09-13 15:14:07] debug: 	zh:ember:uart:ash: ---> [FRAME type=ACK frmRx=1](ackRx=6)
[2026-09-13 15:14:07] debug: 	zh:ember:ezsp: <=== [FRAME: ID=52:"SEND_UNICAST" Seq=61 Len=7]
[2026-09-13 15:14:07] debug: 	zh:ember:ezsp: ~~~> [SENT type=DIRECT apsSequence=91 messageTag=24 status=OK]
[2026-09-13 15:14:07] debug: 	zh:ember:uart:ash: <--- [FRAME type=DATA]
[2026-09-13 15:14:07] debug: 	zh:ember:uart:ash: <--- [FRAME type=DATA ackNum=6](ackRx=6 frmTx=6)
[2026-09-13 15:14:07] debug: 	zh:ember:uart:ash: <--- [FRAME type=DATA ackNum=6 frmNum=1](frmRx=1) Added to rxQueue
[2026-09-13 15:14:07] debug: 	zh:ember:uart:ash: ---> [FRAME type=ACK frmRx=2](ackRx=6)
[2026-09-13 15:14:07] debug: 	zh:ember:ezsp: <=== [CBFRAME: ID=63:"MESSAGE_SENT_HANDLER" Seq=61 Len=22]
[2026-09-13 15:14:07] debug: 	zh:ember:ezsp: ezspMessageSentHandler: status=OK type=DIRECT indexOrDestination=3595 apsFrame={"profileId":260,"clusterId":61184,"sourceEndpoint":1,"destinationEndpoint":1,"options":4352,"groupId":0,"sequence":91} messageTag=24
[2026-09-13 15:14:07] debug: 	zh:ember:uart:ash: <--- [FRAME type=DATA]
[2026-09-13 15:14:07] debug: 	zh:ember:uart:ash: <--- [FRAME type=DATA ackNum=6](ackRx=6 frmTx=6)
[2026-09-13 15:14:07] debug: 	zh:ember:uart:ash: <--- [FRAME type=DATA ackNum=6 frmNum=2](frmRx=2) Added to rxQueue
[2026-09-13 15:14:07] debug: 	zh:ember:uart:ash: ---> [FRAME type=ACK frmRx=3](ackRx=6)
[2026-09-13 15:14:07] debug: 	zh:ember:ezsp: <=== [CBFRAME: ID=69:"INCOMING_MESSAGE_HANDLER" Seq=61 Len=38]
[2026-09-13 15:14:07] debug: 	zh:ember:ezsp: ezspIncomingMessageHandler: type=UNICAST apsFrame={"profileId":260,"clusterId":61184,"sourceEndpoint":1,"destinationEndpoint":1,"options":256,"groupId":0,"sequence":163} packetInfo:{"senderShortId":3595,"senderLongId":"0xffffffffffffffff","bindingIndex":255,"addressIndex":255,"lastHopLqi":136,"lastHopRssi":-66,"lastHopTimestamp":0} messageContents=091f0200ed0202000400000026
[2026-09-13 15:14:07] debug: 	zh:controller: Received payload: clusterID=61184, address=3595, groupID=0, endpoint=1, destinationEndpoint=1, wasBroadcast=false, linkQuality=136, frame={"header":{"frameControl":{"frameType":1,"manufacturerSpecific":false,"direction":1,"disableDefaultResponse":false,"reservedBits":0},"transactionSequenceNumber":31,"commandIdentifier":2},"payload":{"seq":60672,"dpValues":[{"dp":2,"datatype":2,"data":{"type":"Buffer","data":[0,0,0,38]}}]},"command":{"name":"dataReport","ID":2,"parameters":[{"name":"seq","type":33,"max":65535},{"name":"dpValues","type":1011}]}}
[2026-09-13 15:14:07] debug: 	zh:controller:endpoint: ZCL command 0x94b216fffef3cf25/1 manuSpecificTuya.defaultRsp({"cmdId":2,"statusCode":0}, {"timeout":10000,"disableResponse":false,"disableRecovery":false,"disableDefaultResponse":true,"direction":0,"reservedBits":0,"transactionSequenceNumber":31,"writeUndiv":false})
[2026-09-13 15:14:07] debug: 	zh:ember: ~~~> [ZCL to=0x94b216fffef3cf25:3595 apsFrame={"profileId":260,"clusterId":61184,"sourceEndpoint":1,"destinationEndpoint":1,"options":4352,"groupId":0,"sequence":0} header={"frameControl":{"reservedBits":0,"frameType":0,"direction":0,"disableDefaultResponse":true,"manufacturerSpecific":false},"transactionSequenceNumber":31,"commandIdentifier":11}]
[2026-09-13 15:14:07] debug: 	zh:ember:ezsp: ===> [FRAME: ID=52:"SEND_UNICAST" Seq=62 Len=26]
[2026-09-13 15:14:07] debug: 	zh:ember:uart:ash: ---> [FRAME type=DATA frmTx=6 frmRx=3](ackRx=6)
[2026-09-13 15:14:07] debug: 	z2m: Received Zigbee message from 'Nivelagua', type 'commandDataReport', cluster 'manuSpecificTuya', data '{"dpValues":[{"data":{"data":[0,0,0,38],"type":"Buffer"},"datatype":2,"dp":2}],"seq":60672}' from endpoint 1 with groupID 0
[2026-09-13 15:14:07] info: 	z2m:mqtt: MQTT publish: topic 'zigbee2mqtt/Nivelagua', payload '{"installation_height":0.75,"linkquality":136,"liquid_depth":0.38,"liquid_depth_max":0.28,"liquid_level_percent":81,"liquid_state":"high","max_set":80,"min_set":25}'
[2026-09-13 15:14:07] debug: 	zh:ember:uart:ash: <--- [FRAME type=DATA]
[2026-09-13 15:14:07] debug: 	zh:ember:uart:ash: <--- [FRAME type=DATA ackNum=7](ackRx=6 frmTx=7)
[2026-09-13 15:14:07] debug: 	zh:ember:uart:ash: <--- [FRAME type=DATA ackNum=7 frmNum=3](frmRx=3) Added to rxQueue
[2026-09-13 15:14:07] debug: 	zh:ember:uart:ash: ---> [FRAME type=ACK frmRx=4](ackRx=7)
[2026-09-13 15:14:07] debug: 	zh:ember:ezsp: <=== [FRAME: ID=52:"SEND_UNICAST" Seq=62 Len=7]
[2026-09-13 15:14:07] debug: 	zh:ember:ezsp: ~~~> [SENT type=DIRECT apsSequence=92 messageTag=25 status=OK]
[2026-09-13 15:14:07] debug: 	zh:ember:uart:ash: <--- [FRAME type=DATA]
[2026-09-13 15:14:07] debug: 	zh:ember:uart:ash: <--- [FRAME type=DATA ackNum=7](ackRx=7 frmTx=7)
[2026-09-13 15:14:07] debug: 	zh:ember:uart:ash: <--- [FRAME type=DATA ackNum=7 frmNum=4](frmRx=4) Added to rxQueue
[2026-09-13 15:14:07] debug: 	zh:ember:uart:ash: ---> [FRAME type=ACK frmRx=5](ackRx=7)
[2026-09-13 15:14:07] debug: 	zh:ember:ezsp: <=== [CBFRAME: ID=63:"MESSAGE_SENT_HANDLER" Seq=62 Len=22]
[2026-09-13 15:14:07] debug: 	zh:ember:ezsp: ezspMessageSentHandler: status=OK type=DIRECT indexOrDestination=3595 apsFrame={"profileId":260,"clusterId":61184,"sourceEndpoint":1,"destinationEndpoint":1,"options":4352,"groupId":0,"sequence":92} messageTag=25
[2026-09-13 15:14:08] debug: 	zh:ember:uart:ash: <--- [FRAME type=DATA]
[2026-09-13 15:14:08] debug: 	zh:ember:uart:ash: <--- [FRAME type=DATA ackNum=7](ackRx=7 frmTx=7)
[2026-09-13 15:14:08] debug: 	zh:ember:uart:ash: <--- [FRAME type=DATA ackNum=7 frmNum=5](frmRx=5) Added to rxQueue
[2026-09-13 15:14:08] debug: 	zh:ember:uart:ash: ---> [FRAME type=ACK frmRx=6](ackRx=7)
[2026-09-13 15:14:08] debug: 	zh:ember:ezsp: <=== [CBFRAME: ID=69:"INCOMING_MESSAGE_HANDLER" Seq=62 Len=38]
[2026-09-13 15:14:08] debug: 	zh:ember:ezsp: ezspIncomingMessageHandler: type=UNICAST apsFrame={"profileId":260,"clusterId":61184,"sourceEndpoint":1,"destinationEndpoint":1,"options":256,"groupId":0,"sequence":164} packetInfo:{"senderShortId":3595,"senderLongId":"0xffffffffffffffff","bindingIndex":255,"addressIndex":255,"lastHopLqi":136,"lastHopRssi":-66,"lastHopTimestamp":0} messageContents=09200200ee1602000400000051
[2026-09-13 15:14:08] debug: 	zh:controller: Received payload: clusterID=61184, address=3595, groupID=0, endpoint=1, destinationEndpoint=1, wasBroadcast=false, linkQuality=136, frame={"header":{"frameControl":{"frameType":1,"manufacturerSpecific":false,"direction":1,"disableDefaultResponse":false,"reservedBits":0},"transactionSequenceNumber":32,"commandIdentifier":2},"payload":{"seq":60928,"dpValues":[{"dp":22,"datatype":2,"data":{"type":"Buffer","data":[0,0,0,81]}}]},"command":{"name":"dataReport","ID":2,"parameters":[{"name":"seq","type":33,"max":65535},{"name":"dpValues","type":1011}]}}
[2026-09-13 15:14:08] debug: 	zh:controller:endpoint: ZCL command 0x94b216fffef3cf25/1 manuSpecificTuya.defaultRsp({"cmdId":2,"statusCode":0}, {"timeout":10000,"disableResponse":false,"disableRecovery":false,"disableDefaultResponse":true,"direction":0,"reservedBits":0,"transactionSequenceNumber":32,"writeUndiv":false})
[2026-09-13 15:14:08] debug: 	zh:ember: ~~~> [ZCL to=0x94b216fffef3cf25:3595 apsFrame={"profileId":260,"clusterId":61184,"sourceEndpoint":1,"destinationEndpoint":1,"options":4352,"groupId":0,"sequence":0} header={"frameControl":{"reservedBits":0,"frameType":0,"direction":0,"disableDefaultResponse":true,"manufacturerSpecific":false},"transactionSequenceNumber":32,"commandIdentifier":11}]
[2026-09-13 15:14:08] debug: 	zh:ember:ezsp: ===> [FRAME: ID=52:"SEND_UNICAST" Seq=63 Len=26]
[2026-09-13 15:14:08] debug: 	zh:ember:uart:ash: ---> [FRAME type=DATA frmTx=7 frmRx=6](ackRx=7)
[2026-09-13 15:14:08] debug: 	z2m: Received Zigbee message from 'Nivelagua', type 'commandDataReport', cluster 'manuSpecificTuya', data '{"dpValues":[{"data":{"data":[0,0,0,81],"type":"Buffer"},"datatype":2,"dp":22}],"seq":60928}' from endpoint 1 with groupID 0
[2026-09-13 15:14:08] info: 	z2m:mqtt: MQTT publish: topic 'zigbee2mqtt/Nivelagua', payload '{"installation_height":0.75,"linkquality":136,"liquid_depth":0.38,"liquid_depth_max":0.28,"liquid_level_percent":81,"liquid_state":"high","max_set":80,"min_set":25}'
[2026-09-13 15:14:08] debug: 	zh:ember:uart:ash: <--- [FRAME type=DATA]
[2026-09-13 15:14:08] debug: 	zh:ember:uart:ash: <--- [FRAME type=DATA ackNum=0](ackRx=7 frmTx=0)
[2026-09-13 15:14:08] debug: 	zh:ember:uart:ash: <--- [FRAME type=DATA ackNum=0 frmNum=6](frmRx=6) Added to rxQueue
[2026-09-13 15:14:08] debug: 	zh:ember:uart:ash: ---> [FRAME type=ACK frmRx=7](ackRx=0)
[2026-09-13 15:14:08] debug: 	zh:ember:ezsp: <=== [FRAME: ID=52:"SEND_UNICAST" Seq=63 Len=7]
[2026-09-13 15:14:08] debug: 	zh:ember:ezsp: ~~~> [SENT type=DIRECT apsSequence=93 messageTag=26 status=OK]
[2026-09-13 15:14:08] debug: 	zh:ember:uart:ash: <--- [FRAME type=DATA]
[2026-09-13 15:14:08] debug: 	zh:ember:uart:ash: <--- [FRAME type=DATA ackNum=0](ackRx=0 frmTx=0)
[2026-09-13 15:14:08] debug: 	zh:ember:uart:ash: <--- [FRAME type=DATA ackNum=0 frmNum=7](frmRx=7) Added to rxQueue
[2026-09-13 15:14:08] debug: 	zh:ember:uart:ash: ---> [FRAME type=ACK frmRx=0](ackRx=0)
[2026-09-13 15:14:08] debug: 	zh:ember:ezsp: <=== [CBFRAME: ID=63:"MESSAGE_SENT_HANDLER" Seq=63 Len=22]
[2026-09-13 15:14:08] debug: 	zh:ember:ezsp: ezspMessageSentHandler: status=OK type=DIRECT indexOrDestination=3595 apsFrame={"profileId":260,"clusterId":61184,"sourceEndpoint":1,"destinationEndpoint":1,"options":4352,"groupId":0,"sequence":93} messageTag=26
[2026-09-13 15:14:08] debug: 	zh:ember:uart:ash: <--- [FRAME type=DATA]
[2026-09-13 15:14:08] debug: 	zh:ember:uart:ash: <--- [FRAME type=DATA ackNum=0](ackRx=0 frmTx=0)
[2026-09-13 15:14:08] debug: 	zh:ember:uart:ash: <--- [FRAME type=DATA ackNum=0 frmNum=0](frmRx=0) Added to rxQueue
[2026-09-13 15:14:08] debug: 	zh:ember:uart:ash: ---> [FRAME type=ACK frmRx=1](ackRx=0)
[2026-09-13 15:14:08] debug: 	zh:ember:ezsp: <=== [CBFRAME: ID=69:"INCOMING_MESSAGE_HANDLER" Seq=63 Len=35]
[2026-09-13 15:14:08] debug: 	zh:ember:ezsp: ezspIncomingMessageHandler: type=UNICAST apsFrame={"profileId":260,"clusterId":61184,"sourceEndpoint":1,"destinationEndpoint":1,"options":256,"groupId":0,"sequence":165} packetInfo:{"senderShortId":3595,"senderLongId":"0xffffffffffffffff","bindingIndex":255,"addressIndex":255,"lastHopLqi":136,"lastHopRssi":-66,"lastHopTimestamp":0} messageContents=09210200ef0104000102
[2026-09-13 15:14:08] debug: 	zh:controller: Received payload: clusterID=61184, address=3595, groupID=0, endpoint=1, destinationEndpoint=1, wasBroadcast=false, linkQuality=136, frame={"header":{"frameControl":{"frameType":1,"manufacturerSpecific":false,"direction":1,"disableDefaultResponse":false,"reservedBits":0},"transactionSequenceNumber":33,"commandIdentifier":2},"payload":{"seq":61184,"dpValues":[{"dp":1,"datatype":4,"data":{"type":"Buffer","data":[2]}}]},"command":{"name":"dataReport","ID":2,"parameters":[{"name":"seq","type":33,"max":65535},{"name":"dpValues","type":1011}]}}
[2026-09-13 15:14:08] debug: 	zh:controller:endpoint: ZCL command 0x94b216fffef3cf25/1 manuSpecificTuya.defaultRsp({"cmdId":2,"statusCode":0}, {"timeout":10000,"disableResponse":false,"disableRecovery":false,"disableDefaultResponse":true,"direction":0,"reservedBits":0,"transactionSequenceNumber":33,"writeUndiv":false})
[2026-09-13 15:14:08] debug: 	zh:ember: ~~~> [ZCL to=0x94b216fffef3cf25:3595 apsFrame={"profileId":260,"clusterId":61184,"sourceEndpoint":1,"destinationEndpoint":1,"options":4352,"groupId":0,"sequence":0} header={"frameControl":{"reservedBits":0,"frameType":0,"direction":0,"disableDefaultResponse":true,"manufacturerSpecific":false},"transactionSequenceNumber":33,"commandIdentifier":11}]
[2026-09-13 15:14:08] debug: 	zh:ember:ezsp: ===> [FRAME: ID=52:"SEND_UNICAST" Seq=64 Len=26]
[2026-09-13 15:14:08] debug: 	zh:ember:uart:ash: ---> [FRAME type=DATA frmTx=0 frmRx=1](ackRx=0)
[2026-09-13 15:14:08] debug: 	z2m: Received Zigbee message from 'Nivelagua', type 'commandDataReport', cluster 'manuSpecificTuya', data '{"dpValues":[{"data":{"data":[2],"type":"Buffer"},"datatype":4,"dp":1}],"seq":61184}' from endpoint 1 with groupID 0
[2026-09-13 15:14:08] info: 	z2m:mqtt: MQTT publish: topic 'zigbee2mqtt/Nivelagua', payload '{"installation_height":0.75,"linkquality":136,"liquid_depth":0.38,"liquid_depth_max":0.28,"liquid_level_percent":81,"liquid_state":"high","max_set":80,"min_set":25}'
[2026-09-13 15:14:08] debug: 	zh:ember:uart:ash: <--- [FRAME type=DATA]
[2026-09-13 15:14:08] debug: 	zh:ember:uart:ash: <--- [FRAME type=DATA ackNum=1](ackRx=0 frmTx=1)
[2026-09-13 15:14:08] debug: 	zh:ember:uart:ash: <--- [FRAME type=DATA ackNum=1 frmNum=1](frmRx=1) Added to rxQueue
[2026-09-13 15:14:08] debug: 	zh:ember:uart:ash: ---> [FRAME type=ACK frmRx=2](ackRx=1)
[2026-09-13 15:14:08] debug: 	zh:ember:ezsp: <=== [FRAME: ID=52:"SEND_UNICAST" Seq=64 Len=7]
[2026-09-13 15:14:08] debug: 	zh:ember:ezsp: ~~~> [SENT type=DIRECT apsSequence=94 messageTag=27 status=OK]
[2026-09-13 15:14:08] debug: 	zh:ember:uart:ash: <--- [FRAME type=DATA]
[2026-09-13 15:14:08] debug: 	zh:ember:uart:ash: <--- [FRAME type=DATA ackNum=1](ackRx=1 frmTx=1)
[2026-09-13 15:14:08] debug: 	zh:ember:uart:ash: <--- [FRAME type=DATA ackNum=1 frmNum=2](frmRx=2) Added to rxQueue
[2026-09-13 15:14:08] debug: 	zh:ember:uart:ash: ---> [FRAME type=ACK frmRx=3](ackRx=1)
[2026-09-13 15:14:08] debug: 	zh:ember:ezsp: <=== [CBFRAME: ID=63:"MESSAGE_SENT_HANDLER" Seq=64 Len=22]
[2026-09-13 15:14:08] debug: 	zh:ember:ezsp: ezspMessageSentHandler: status=OK type=DIRECT indexOrDestination=3595 apsFrame={"profileId":260,"clusterId":61184,"sourceEndpoint":1,"destinationEndpoint":1,"options":4352,"groupId":0,"sequence":94} messageTag=27
[2026-09-13 15:14:08] debug: 	zh:ember:uart:ash: <--- [FRAME type=DATA]
[2026-09-13 15:14:08] debug: 	zh:ember:uart:ash: <--- [FRAME type=DATA ackNum=1](ackRx=1 frmTx=1)
[2026-09-13 15:14:08] debug: 	zh:ember:uart:ash: <--- [FRAME type=DATA ackNum=1 frmNum=3](frmRx=3) Added to rxQueue
[2026-09-13 15:14:08] debug: 	zh:ember:uart:ash: ---> [FRAME type=ACK frmRx=4](ackRx=1)
[2026-09-13 15:14:08] debug: 	zh:ember:ezsp: <=== [CBFRAME: ID=69:"INCOMING_MESSAGE_HANDLER" Seq=64 Len=38]
[2026-09-13 15:14:08] debug: 	zh:ember:ezsp: ezspIncomingMessageHandler: type=UNICAST apsFrame={"profileId":260,"clusterId":61184,"sourceEndpoint":1,"destinationEndpoint":1,"options":256,"groupId":0,"sequence":166} packetInfo:{"senderShortId":3595,"senderLongId":"0xffffffffffffffff","bindingIndex":255,"addressIndex":255,"lastHopLqi":136,"lastHopRssi":-66,"lastHopTimestamp":0} messageContents=09220200f00202000400000026
[2026-09-13 15:14:08] debug: 	zh:controller: Received payload: clusterID=61184, address=3595, groupID=0, endpoint=1, destinationEndpoint=1, wasBroadcast=false, linkQuality=136, frame={"header":{"frameControl":{"frameType":1,"manufacturerSpecific":false,"direction":1,"disableDefaultResponse":false,"reservedBits":0},"transactionSequenceNumber":34,"commandIdentifier":2},"payload":{"seq":61440,"dpValues":[{"dp":2,"datatype":2,"data":{"type":"Buffer","data":[0,0,0,38]}}]},"command":{"name":"dataReport","ID":2,"parameters":[{"name":"seq","type":33,"max":65535},{"name":"dpValues","type":1011}]}}
[2026-09-13 15:14:08] debug: 	zh:controller:endpoint: ZCL command 0x94b216fffef3cf25/1 manuSpecificTuya.defaultRsp({"cmdId":2,"statusCode":0}, {"timeout":10000,"disableResponse":false,"disableRecovery":false,"disableDefaultResponse":true,"direction":0,"reservedBits":0,"transactionSequenceNumber":34,"writeUndiv":false})
[2026-09-13 15:14:08] debug: 	zh:ember: ~~~> [ZCL to=0x94b216fffef3cf25:3595 apsFrame={"profileId":260,"clusterId":61184,"sourceEndpoint":1,"destinationEndpoint":1,"options":4352,"groupId":0,"sequence":0} header={"frameControl":{"reservedBits":0,"frameType":0,"direction":0,"disableDefaultResponse":true,"manufacturerSpecific":false},"transactionSequenceNumber":34,"commandIdentifier":11}]
[2026-09-13 15:14:08] debug: 	zh:ember:ezsp: ===> [FRAME: ID=52:"SEND_UNICAST" Seq=65 Len=26]
[2026-09-13 15:14:08] debug: 	zh:ember:uart:ash: ---> [FRAME type=DATA frmTx=1 frmRx=4](ackRx=1)
[2026-09-13 15:14:08] debug: 	z2m: Received Zigbee message from 'Nivelagua', type 'commandDataReport', cluster 'manuSpecificTuya', data '{"dpValues":[{"data":{"data":[0,0,0,38],"type":"Buffer"},"datatype":2,"dp":2}],"seq":61440}' from endpoint 1 with groupID 0
[2026-09-13 15:14:08] info: 	z2m:mqtt: MQTT publish: topic 'zigbee2mqtt/Nivelagua', payload '{"installation_height":0.75,"linkquality":136,"liquid_depth":0.38,"liquid_depth_max":0.28,"liquid_level_percent":81,"liquid_state":"high","max_set":80,"min_set":25}'
[2026-09-13 15:14:08] debug: 	zh:ember:uart:ash: <--- [FRAME type=DATA]
[2026-09-13 15:14:08] debug: 	zh:ember:uart:ash: <--- [FRAME type=DATA ackNum=2](ackRx=1 frmTx=2)
[2026-09-13 15:14:08] debug: 	zh:ember:uart:ash: <--- [FRAME type=DATA ackNum=2 frmNum=4](frmRx=4) Added to rxQueue
[2026-09-13 15:14:08] debug: 	zh:ember:uart:ash: ---> [FRAME type=ACK frmRx=5](ackRx=2)
[2026-09-13 15:14:08] debug: 	zh:ember:ezsp: <=== [FRAME: ID=52:"SEND_UNICAST" Seq=65 Len=7]
[2026-09-13 15:14:08] debug: 	zh:ember:ezsp: ~~~> [SENT type=DIRECT apsSequence=95 messageTag=28 status=OK]
[2026-09-13 15:14:08] debug: 	zh:ember:uart:ash: <--- [FRAME type=DATA]
[2026-09-13 15:14:08] debug: 	zh:ember:uart:ash: <--- [FRAME type=DATA ackNum=2](ackRx=2 frmTx=2)
[2026-09-13 15:14:08] debug: 	zh:ember:uart:ash: <--- [FRAME type=DATA ackNum=2 frmNum=5](frmRx=5) Added to rxQueue
[2026-09-13 15:14:08] debug: 	zh:ember:uart:ash: ---> [FRAME type=ACK frmRx=6](ackRx=2)
[2026-09-13 15:14:08] debug: 	zh:ember:ezsp: <=== [CBFRAME: ID=63:"MESSAGE_SENT_HANDLER" Seq=65 Len=22]
[2026-09-13 15:14:08] debug: 	zh:ember:ezsp: ezspMessageSentHandler: status=OK type=DIRECT indexOrDestination=3595 apsFrame={"profileId":260,"clusterId":61184,"sourceEndpoint":1,"destinationEndpoint":1,"options":4352,"groupId":0,"sequence":95} messageTag=28
[2026-09-13 15:14:09] debug: 	zh:ember:uart:ash: <--- [FRAME type=DATA]
[2026-09-13 15:14:09] debug: 	zh:ember:uart:ash: <--- [FRAME type=DATA ackNum=2](ackRx=2 frmTx=2)
[2026-09-13 15:14:09] debug: 	zh:ember:uart:ash: <--- [FRAME type=DATA ackNum=2 frmNum=6](frmRx=6) Added to rxQueue
[2026-09-13 15:14:09] debug: 	zh:ember:uart:ash: ---> [FRAME type=ACK frmRx=7](ackRx=2)
[2026-09-13 15:14:09] debug: 	zh:ember:ezsp: <=== [CBFRAME: ID=69:"INCOMING_MESSAGE_HANDLER" Seq=65 Len=38]
[2026-09-13 15:14:09] debug: 	zh:ember:ezsp: ezspIncomingMessageHandler: type=UNICAST apsFrame={"profileId":260,"clusterId":61184,"sourceEndpoint":1,"destinationEndpoint":1,"options":256,"groupId":0,"sequence":167} packetInfo:{"senderShortId":3595,"senderLongId":"0xffffffffffffffff","bindingIndex":255,"addressIndex":255,"lastHopLqi":136,"lastHopRssi":-66,"lastHopTimestamp":0} messageContents=09230200f11602000400000051
[2026-09-13 15:14:09] debug: 	zh:controller: Received payload: clusterID=61184, address=3595, groupID=0, endpoint=1, destinationEndpoint=1, wasBroadcast=false, linkQuality=136, frame={"header":{"frameControl":{"frameType":1,"manufacturerSpecific":false,"direction":1,"disableDefaultResponse":false,"reservedBits":0},"transactionSequenceNumber":35,"commandIdentifier":2},"payload":{"seq":61696,"dpValues":[{"dp":22,"datatype":2,"data":{"type":"Buffer","data":[0,0,0,81]}}]},"command":{"name":"dataReport","ID":2,"parameters":[{"name":"seq","type":33,"max":65535},{"name":"dpValues","type":1011}]}}
[2026-09-13 15:14:09] debug: 	zh:controller:endpoint: ZCL command 0x94b216fffef3cf25/1 manuSpecificTuya.defaultRsp({"cmdId":2,"statusCode":0}, {"timeout":10000,"disableResponse":false,"disableRecovery":false,"disableDefaultResponse":true,"direction":0,"reservedBits":0,"transactionSequenceNumber":35,"writeUndiv":false})
[2026-09-13 15:14:09] debug: 	zh:ember: ~~~> [ZCL to=0x94b216fffef3cf25:3595 apsFrame={"profileId":260,"clusterId":61184,"sourceEndpoint":1,"destinationEndpoint":1,"options":4352,"groupId":0,"sequence":0} header={"frameControl":{"reservedBits":0,"frameType":0,"direction":0,"disableDefaultResponse":true,"manufacturerSpecific":false},"transactionSequenceNumber":35,"commandIdentifier":11}]
[2026-09-13 15:14:09] debug: 	zh:ember:ezsp: ===> [FRAME: ID=52:"SEND_UNICAST" Seq=66 Len=26]
[2026-09-13 15:14:09] debug: 	zh:ember:uart:ash: ---> [FRAME type=DATA frmTx=2 frmRx=7](ackRx=2)
[2026-09-13 15:14:09] debug: 	z2m: Received Zigbee message from 'Nivelagua', type 'commandDataReport', cluster 'manuSpecificTuya', data '{"dpValues":[{"data":{"data":[0,0,0,81],"type":"Buffer"},"datatype":2,"dp":22}],"seq":61696}' from endpoint 1 with groupID 0
[2026-09-13 15:14:09] info: 	z2m:mqtt: MQTT publish: topic 'zigbee2mqtt/Nivelagua', payload '{"installation_height":0.75,"linkquality":136,"liquid_depth":0.38,"liquid_depth_max":0.28,"liquid_level_percent":81,"liquid_state":"high","max_set":80,"min_set":25}'
[2026-09-13 15:14:09] debug: 	zh:ember:uart:ash: <--- [FRAME type=DATA]
[2026-09-13 15:14:09] debug: 	zh:ember:uart:ash: <--- [FRAME type=DATA ackNum=3](ackRx=2 frmTx=3)
[2026-09-13 15:14:09] debug: 	zh:ember:uart:ash: <--- [FRAME type=DATA ackNum=3 frmNum=7](frmRx=7) Added to rxQueue
[2026-09-13 15:14:09] debug: 	zh:ember:uart:ash: ---> [FRAME type=ACK frmRx=0](ackRx=3)
[2026-09-13 15:14:09] debug: 	zh:ember:ezsp: <=== [FRAME: ID=52:"SEND_UNICAST" Seq=66 Len=7]
[2026-09-13 15:14:09] debug: 	zh:ember:ezsp: ~~~> [SENT type=DIRECT apsSequence=96 messageTag=29 status=OK]
[2026-09-13 15:14:09] debug: 	zh:ember:uart:ash: <--- [FRAME type=DATA]
[2026-09-13 15:14:09] debug: 	zh:ember:uart:ash: <--- [FRAME type=DATA ackNum=3](ackRx=3 frmTx=3)
[2026-09-13 15:14:09] debug: 	zh:ember:uart:ash: <--- [FRAME type=DATA ackNum=3 frmNum=0](frmRx=0) Added to rxQueue
[2026-09-13 15:14:09] debug: 	zh:ember:uart:ash: ---> [FRAME type=ACK frmRx=1](ackRx=3)
[2026-09-13 15:14:09] debug: 	zh:ember:ezsp: <=== [CBFRAME: ID=63:"MESSAGE_SENT_HANDLER" Seq=66 Len=22]
[2026-09-13 15:14:09] debug: 	zh:ember:ezsp: ezspMessageSentHandler: status=OK type=DIRECT indexOrDestination=3595 apsFrame={"profileId":260,"clusterId":61184,"sourceEndpoint":1,"destinationEndpoint":1,"options":4352,"groupId":0,"sequence":96} messageTag=29
[2026-09-13 15:14:09] debug: 	zh:ember:uart:ash: <--- [FRAME type=DATA]
[2026-09-13 15:14:09] debug: 	zh:ember:uart:ash: <--- [FRAME type=DATA ackNum=3](ackRx=3 frmTx=3)
[2026-09-13 15:14:09] debug: 	zh:ember:uart:ash: <--- [FRAME type=DATA ackNum=3 frmNum=1](frmRx=1) Added to rxQueue
[2026-09-13 15:14:09] debug: 	zh:ember:uart:ash: ---> [FRAME type=ACK frmRx=2](ackRx=3)
[2026-09-13 15:14:09] debug: 	zh:ember:ezsp: <=== [CBFRAME: ID=69:"INCOMING_MESSAGE_HANDLER" Seq=66 Len=35]
[2026-09-13 15:14:09] debug: 	zh:ember:ezsp: ezspIncomingMessageHandler: type=UNICAST apsFrame={"profileId":260,"clusterId":61184,"sourceEndpoint":1,"destinationEndpoint":1,"options":256,"groupId":0,"sequence":168} packetInfo:{"senderShortId":3595,"senderLongId":"0xffffffffffffffff","bindingIndex":255,"addressIndex":255,"lastHopLqi":136,"lastHopRssi":-66,"lastHopTimestamp":0} messageContents=09240200f20104000102
[2026-09-13 15:14:09] debug: 	zh:controller: Received payload: clusterID=61184, address=3595, groupID=0, endpoint=1, destinationEndpoint=1, wasBroadcast=false, linkQuality=136, frame={"header":{"frameControl":{"frameType":1,"manufacturerSpecific":false,"direction":1,"disableDefaultResponse":false,"reservedBits":0},"transactionSequenceNumber":36,"commandIdentifier":2},"payload":{"seq":61952,"dpValues":[{"dp":1,"datatype":4,"data":{"type":"Buffer","data":[2]}}]},"command":{"name":"dataReport","ID":2,"parameters":[{"name":"seq","type":33,"max":65535},{"name":"dpValues","type":1011}]}}
[2026-09-13 15:14:09] debug: 	zh:controller:endpoint: ZCL command 0x94b216fffef3cf25/1 manuSpecificTuya.defaultRsp({"cmdId":2,"statusCode":0}, {"timeout":10000,"disableResponse":false,"disableRecovery":false,"disableDefaultResponse":true,"direction":0,"reservedBits":0,"transactionSequenceNumber":36,"writeUndiv":false})
[2026-09-13 15:14:09] debug: 	zh:ember: ~~~> [ZCL to=0x94b216fffef3cf25:3595 apsFrame={"profileId":260,"clusterId":61184,"sourceEndpoint":1,"destinationEndpoint":1,"options":4352,"groupId":0,"sequence":0} header={"frameControl":{"reservedBits":0,"frameType":0,"direction":0,"disableDefaultResponse":true,"manufacturerSpecific":false},"transactionSequenceNumber":36,"commandIdentifier":11}]
[2026-09-13 15:14:09] debug: 	zh:ember:ezsp: ===> [FRAME: ID=52:"SEND_UNICAST" Seq=67 Len=26]
[2026-09-13 15:14:09] debug: 	zh:ember:uart:ash: ---> [FRAME type=DATA frmTx=3 frmRx=2](ackRx=3)
[2026-09-13 15:14:09] debug: 	z2m: Received Zigbee message from 'Nivelagua', type 'commandDataReport', cluster 'manuSpecificTuya', data '{"dpValues":[{"data":{"data":[2],"type":"Buffer"},"datatype":4,"dp":1}],"seq":61952}' from endpoint 1 with groupID 0
[2026-09-13 15:14:09] info: 	z2m:mqtt: MQTT publish: topic 'zigbee2mqtt/Nivelagua', payload '{"installation_height":0.75,"linkquality":136,"liquid_depth":0.38,"liquid_depth_max":0.28,"liquid_level_percent":81,"liquid_state":"high","max_set":80,"min_set":25}'
[2026-09-13 15:14:09] debug: 	zh:ember:uart:ash: <--- [FRAME type=DATA]
[2026-09-13 15:14:09] debug: 	zh:ember:uart:ash: <--- [FRAME type=DATA ackNum=4](ackRx=3 frmTx=4)
[2026-09-13 15:14:09] debug: 	zh:ember:uart:ash: <--- [FRAME type=DATA ackNum=4 frmNum=2](frmRx=2) Added to rxQueue
[2026-09-13 15:14:09] debug: 	zh:ember:uart:ash: ---> [FRAME type=ACK frmRx=3](ackRx=4)
[2026-09-13 15:14:09] debug: 	zh:ember:ezsp: <=== [FRAME: ID=52:"SEND_UNICAST" Seq=67 Len=7]
[2026-09-13 15:14:09] debug: 	zh:ember:ezsp: ~~~> [SENT type=DIRECT apsSequence=97 messageTag=30 status=OK]
[2026-09-13 15:14:09] debug: 	zh:ember:uart:ash: <--- [FRAME type=DATA]
[2026-09-13 15:14:09] debug: 	zh:ember:uart:ash: <--- [FRAME type=DATA ackNum=4](ackRx=4 frmTx=4)
[2026-09-13 15:14:09] debug: 	zh:ember:uart:ash: <--- [FRAME type=DATA ackNum=4 frmNum=3](frmRx=3) Added to rxQueue
[2026-09-13 15:14:09] debug: 	zh:ember:uart:ash: ---> [FRAME type=ACK frmRx=4](ackRx=4)
[2026-09-13 15:14:09] debug: 	zh:ember:ezsp: <=== [CBFRAME: ID=63:"MESSAGE_SENT_HANDLER" Seq=67 Len=22]
[2026-09-13 15:14:09] debug: 	zh:ember:ezsp: ezspMessageSentHandler: status=OK type=DIRECT indexOrDestination=3595 apsFrame={"profileId":260,"clusterId":61184,"sourceEndpoint":1,"destinationEndpoint":1,"options":4352,"groupId":0,"sequence":97} messageTag=30
[2026-09-13 15:14:09] debug: 	zh:ember:uart:ash: <--- [FRAME type=DATA]
[2026-09-13 15:14:09] debug: 	zh:ember:uart:ash: <--- [FRAME type=DATA ackNum=4](ackRx=4 frmTx=4)
[2026-09-13 15:14:09] debug: 	zh:ember:uart:ash: <--- [FRAME type=DATA ackNum=4 frmNum=4](frmRx=4) Added to rxQueue
[2026-09-13 15:14:09] debug: 	zh:ember:uart:ash: ---> [FRAME type=ACK frmRx=5](ackRx=4)
[2026-09-13 15:14:09] debug: 	zh:ember:ezsp: <=== [CBFRAME: ID=69:"INCOMING_MESSAGE_HANDLER" Seq=67 Len=38]
[2026-09-13 15:14:09] debug: 	zh:ember:ezsp: ezspIncomingMessageHandler: type=UNICAST apsFrame={"profileId":260,"clusterId":61184,"sourceEndpoint":1,"destinationEndpoint":1,"options":256,"groupId":0,"sequence":169} packetInfo:{"senderShortId":3595,"senderLongId":"0xffffffffffffffff","bindingIndex":255,"addressIndex":255,"lastHopLqi":136,"lastHopRssi":-66,"lastHopTimestamp":0} messageContents=09250200f30202000400000026
[2026-09-13 15:14:09] debug: 	zh:controller: Received payload: clusterID=61184, address=3595, groupID=0, endpoint=1, destinationEndpoint=1, wasBroadcast=false, linkQuality=136, frame={"header":{"frameControl":{"frameType":1,"manufacturerSpecific":false,"direction":1,"disableDefaultResponse":false,"reservedBits":0},"transactionSequenceNumber":37,"commandIdentifier":2},"payload":{"seq":62208,"dpValues":[{"dp":2,"datatype":2,"data":{"type":"Buffer","data":[0,0,0,38]}}]},"command":{"name":"dataReport","ID":2,"parameters":[{"name":"seq","type":33,"max":65535},{"name":"dpValues","type":1011}]}}
[2026-09-13 15:14:09] debug: 	zh:controller:endpoint: ZCL command 0x94b216fffef3cf25/1 manuSpecificTuya.defaultRsp({"cmdId":2,"statusCode":0}, {"timeout":10000,"disableResponse":false,"disableRecovery":false,"disableDefaultResponse":true,"direction":0,"reservedBits":0,"transactionSequenceNumber":37,"writeUndiv":false})
[2026-09-13 15:14:09] debug: 	zh:ember: ~~~> [ZCL to=0x94b216fffef3cf25:3595 apsFrame={"profileId":260,"clusterId":61184,"sourceEndpoint":1,"destinationEndpoint":1,"options":4352,"groupId":0,"sequence":0} header={"frameControl":{"reservedBits":0,"frameType":0,"direction":0,"disableDefaultResponse":true,"manufacturerSpecific":false},"transactionSequenceNumber":37,"commandIdentifier":11}]
[2026-09-13 15:14:09] debug: 	zh:ember:ezsp: ===> [FRAME: ID=52:"SEND_UNICAST" Seq=68 Len=26]
[2026-09-13 15:14:09] debug: 	zh:ember:uart:ash: ---> [FRAME type=DATA frmTx=4 frmRx=5](ackRx=4)
[2026-09-13 15:14:09] debug: 	z2m: Received Zigbee message from 'Nivelagua', type 'commandDataReport', cluster 'manuSpecificTuya', data '{"dpValues":[{"data":{"data":[0,0,0,38],"type":"Buffer"},"datatype":2,"dp":2}],"seq":62208}' from endpoint 1 with groupID 0
[2026-09-13 15:14:09] info: 	z2m:mqtt: MQTT publish: topic 'zigbee2mqtt/Nivelagua', payload '{"installation_height":0.75,"linkquality":136,"liquid_depth":0.38,"liquid_depth_max":0.28,"liquid_level_percent":81,"liquid_state":"high","max_set":80,"min_set":25}'
[2026-09-13 15:14:10] debug: 	zh:ember:uart:ash: <--- [FRAME type=DATA]
[2026-09-13 15:14:10] debug: 	zh:ember:uart:ash: <--- [FRAME type=DATA ackNum=5](ackRx=4 frmTx=5)
[2026-09-13 15:14:10] debug: 	zh:ember:uart:ash: <--- [FRAME type=DATA ackNum=5 frmNum=5](frmRx=5) Added to rxQueue
[2026-09-13 15:14:10] debug: 	zh:ember:uart:ash: ---> [FRAME type=ACK frmRx=6](ackRx=5)
[2026-09-13 15:14:10] debug: 	zh:ember:ezsp: <=== [FRAME: ID=52:"SEND_UNICAST" Seq=68 Len=7]
[2026-09-13 15:14:10] debug: 	zh:ember:ezsp: ~~~> [SENT type=DIRECT apsSequence=98 messageTag=31 status=OK]
[2026-09-13 15:14:10] debug: 	zh:ember:uart:ash: <--- [FRAME type=DATA]
[2026-09-13 15:14:10] debug: 	zh:ember:uart:ash: <--- [FRAME type=DATA ackNum=5](ackRx=5 frmTx=5)
[2026-09-13 15:14:10] debug: 	zh:ember:uart:ash: <--- [FRAME type=DATA ackNum=5 frmNum=6](frmRx=6) Added to rxQueue
[2026-09-13 15:14:10] debug: 	zh:ember:uart:ash: ---> [FRAME type=ACK frmRx=7](ackRx=5)
[2026-09-13 15:14:10] debug: 	zh:ember:ezsp: <=== [CBFRAME: ID=63:"MESSAGE_SENT_HANDLER" Seq=68 Len=22]
[2026-09-13 15:14:10] debug: 	zh:ember:ezsp: ezspMessageSentHandler: status=OK type=DIRECT indexOrDestination=3595 apsFrame={"profileId":260,"clusterId":61184,"sourceEndpoint":1,"destinationEndpoint":1,"options":4352,"groupId":0,"sequence":98} messageTag=31
[2026-09-13 15:14:10] debug: 	zh:ember:uart:ash: <--- [FRAME type=DATA]
[2026-09-13 15:14:10] debug: 	zh:ember:uart:ash: <--- [FRAME type=DATA ackNum=5](ackRx=5 frmTx=5)
[2026-09-13 15:14:10] debug: 	zh:ember:uart:ash: <--- [FRAME type=DATA ackNum=5 frmNum=7](frmRx=7) Added to rxQueue
[2026-09-13 15:14:10] debug: 	zh:ember:uart:ash: ---> [FRAME type=ACK frmRx=0](ackRx=5)
[2026-09-13 15:14:10] debug: 	zh:ember:ezsp: <=== [CBFRAME: ID=69:"INCOMING_MESSAGE_HANDLER" Seq=68 Len=38]
[2026-09-13 15:14:10] debug: 	zh:ember:ezsp: ezspIncomingMessageHandler: type=UNICAST apsFrame={"profileId":260,"clusterId":61184,"sourceEndpoint":1,"destinationEndpoint":1,"options":256,"groupId":0,"sequence":170} packetInfo:{"senderShortId":3595,"senderLongId":"0xffffffffffffffff","bindingIndex":255,"addressIndex":255,"lastHopLqi":136,"lastHopRssi":-66,"lastHopTimestamp":0} messageContents=09260200f41602000400000051
[2026-09-13 15:14:10] debug: 	zh:controller: Received payload: clusterID=61184, address=3595, groupID=0, endpoint=1, destinationEndpoint=1, wasBroadcast=false, linkQuality=136, frame={"header":{"frameControl":{"frameType":1,"manufacturerSpecific":false,"direction":1,"disableDefaultResponse":false,"reservedBits":0},"transactionSequenceNumber":38,"commandIdentifier":2},"payload":{"seq":62464,"dpValues":[{"dp":22,"datatype":2,"data":{"type":"Buffer","data":[0,0,0,81]}}]},"command":{"name":"dataReport","ID":2,"parameters":[{"name":"seq","type":33,"max":65535},{"name":"dpValues","type":1011}]}}
[2026-09-13 15:14:10] debug: 	zh:controller:endpoint: ZCL command 0x94b216fffef3cf25/1 manuSpecificTuya.defaultRsp({"cmdId":2,"statusCode":0}, {"timeout":10000,"disableResponse":false,"disableRecovery":false,"disableDefaultResponse":true,"direction":0,"reservedBits":0,"transactionSequenceNumber":38,"writeUndiv":false})
[2026-09-13 15:14:10] debug: 	zh:ember: ~~~> [ZCL to=0x94b216fffef3cf25:3595 apsFrame={"profileId":260,"clusterId":61184,"sourceEndpoint":1,"destinationEndpoint":1,"options":4352,"groupId":0,"sequence":0} header={"frameControl":{"reservedBits":0,"frameType":0,"direction":0,"disableDefaultResponse":true,"manufacturerSpecific":false},"transactionSequenceNumber":38,"commandIdentifier":11}]
[2026-09-13 15:14:10] debug: 	zh:ember:ezsp: ===> [FRAME: ID=52:"SEND_UNICAST" Seq=69 Len=26]
[2026-09-13 15:14:10] debug: 	zh:ember:uart:ash: ---> [FRAME type=DATA frmTx=5 frmRx=0](ackRx=5)
[2026-09-13 15:14:10] debug: 	z2m: Received Zigbee message from 'Nivelagua', type 'commandDataReport', cluster 'manuSpecificTuya', data '{"dpValues":[{"data":{"data":[0,0,0,81],"type":"Buffer"},"datatype":2,"dp":22}],"seq":62464}' from endpoint 1 with groupID 0
[2026-09-13 15:14:10] info: 	z2m:mqtt: MQTT publish: topic 'zigbee2mqtt/Nivelagua', payload '{"installation_height":0.75,"linkquality":136,"liquid_depth":0.38,"liquid_depth_max":0.28,"liquid_level_percent":81,"liquid_state":"high","max_set":80,"min_set":25}'
[2026-09-13 15:14:10] debug: 	zh:ember:uart:ash: <--- [FRAME type=DATA]
[2026-09-13 15:14:10] debug: 	zh:ember:uart:ash: <--- [FRAME type=DATA ackNum=6](ackRx=5 frmTx=6)
[2026-09-13 15:14:10] debug: 	zh:ember:uart:ash: <--- [FRAME type=DATA ackNum=6 frmNum=0](frmRx=0) Added to rxQueue
[2026-09-13 15:14:10] debug: 	zh:ember:uart:ash: ---> [FRAME type=ACK frmRx=1](ackRx=6)
[2026-09-13 15:14:10] debug: 	zh:ember:ezsp: <=== [FRAME: ID=52:"SEND_UNICAST" Seq=69 Len=7]
[2026-09-13 15:14:10] debug: 	zh:ember:ezsp: ~~~> [SENT type=DIRECT apsSequence=99 messageTag=32 status=OK]
[2026-09-13 15:14:10] debug: 	zh:ember:uart:ash: <--- [FRAME type=DATA]
[2026-09-13 15:14:10] debug: 	zh:ember:uart:ash: <--- [FRAME type=DATA ackNum=6](ackRx=6 frmTx=6)
[2026-09-13 15:14:10] debug: 	zh:ember:uart:ash: <--- [FRAME type=DATA ackNum=6 frmNum=1](frmRx=1) Added to rxQueue
[2026-09-13 15:14:10] debug: 	zh:ember:uart:ash: ---> [FRAME type=ACK frmRx=2](ackRx=6)
[2026-09-13 15:14:10] debug: 	zh:ember:ezsp: <=== [CBFRAME: ID=63:"MESSAGE_SENT_HANDLER" Seq=69 Len=22]
[2026-09-13 15:14:10] debug: 	zh:ember:ezsp: ezspMessageSentHandler: status=OK type=DIRECT indexOrDestination=3595 apsFrame={"profileId":260,"clusterId":61184,"sourceEndpoint":1,"destinationEndpoint":1,"options":4352,"groupId":0,"sequence":99} messageTag=32
[2026-09-13 15:14:10] debug: 	zh:ember:uart:ash: <--- [FRAME type=DATA]
[2026-09-13 15:14:10] debug: 	zh:ember:uart:ash: <--- [FRAME type=DATA ackNum=6](ackRx=6 frmTx=6)
[2026-09-13 15:14:10] debug: 	zh:ember:uart:ash: <--- [FRAME type=DATA ackNum=6 frmNum=2](frmRx=2) Added to rxQueue
[2026-09-13 15:14:10] debug: 	zh:ember:uart:ash: ---> [FRAME type=ACK frmRx=3](ackRx=6)
[2026-09-13 15:14:10] debug: 	zh:ember:ezsp: <=== [CBFRAME: ID=69:"INCOMING_MESSAGE_HANDLER" Seq=69 Len=35]
[2026-09-13 15:14:10] debug: 	zh:ember:ezsp: ezspIncomingMessageHandler: type=UNICAST apsFrame={"profileId":260,"clusterId":61184,"sourceEndpoint":1,"destinationEndpoint":1,"options":256,"groupId":0,"sequence":171} packetInfo:{"senderShortId":3595,"senderLongId":"0xffffffffffffffff","bindingIndex":255,"addressIndex":255,"lastHopLqi":136,"lastHopRssi":-66,"lastHopTimestamp":0} messageContents=09270200f50104000102
[2026-09-13 15:14:10] debug: 	zh:controller: Received payload: clusterID=61184, address=3595, groupID=0, endpoint=1, destinationEndpoint=1, wasBroadcast=false, linkQuality=136, frame={"header":{"frameControl":{"frameType":1,"manufacturerSpecific":false,"direction":1,"disableDefaultResponse":false,"reservedBits":0},"transactionSequenceNumber":39,"commandIdentifier":2},"payload":{"seq":62720,"dpValues":[{"dp":1,"datatype":4,"data":{"type":"Buffer","data":[2]}}]},"command":{"name":"dataReport","ID":2,"parameters":[{"name":"seq","type":33,"max":65535},{"name":"dpValues","type":1011}]}}
[2026-09-13 15:14:10] debug: 	zh:controller:endpoint: ZCL command 0x94b216fffef3cf25/1 manuSpecificTuya.defaultRsp({"cmdId":2,"statusCode":0}, {"timeout":10000,"disableResponse":false,"disableRecovery":false,"disableDefaultResponse":true,"direction":0,"reservedBits":0,"transactionSequenceNumber":39,"writeUndiv":false})
[2026-09-13 15:14:10] debug: 	zh:ember: ~~~> [ZCL to=0x94b216fffef3cf25:3595 apsFrame={"profileId":260,"clusterId":61184,"sourceEndpoint":1,"destinationEndpoint":1,"options":4352,"groupId":0,"sequence":0} header={"frameControl":{"reservedBits":0,"frameType":0,"direction":0,"disableDefaultResponse":true,"manufacturerSpecific":false},"transactionSequenceNumber":39,"commandIdentifier":11}]
[2026-09-13 15:14:10] debug: 	zh:ember:ezsp: ===> [FRAME: ID=52:"SEND_UNICAST" Seq=70 Len=26]
[2026-09-13 15:14:10] debug: 	zh:ember:uart:ash: ---> [FRAME type=DATA frmTx=6 frmRx=3](ackRx=6)
[2026-09-13 15:14:10] debug: 	z2m: Received Zigbee message from 'Nivelagua', type 'commandDataReport', cluster 'manuSpecificTuya', data '{"dpValues":[{"data":{"data":[2],"type":"Buffer"},"datatype":4,"dp":1}],"seq":62720}' from endpoint 1 with groupID 0
[2026-09-13 15:14:10] info: 	z2m:mqtt: MQTT publish: topic 'zigbee2mqtt/Nivelagua', payload '{"installation_height":0.75,"linkquality":136,"liquid_depth":0.38,"liquid_depth_max":0.28,"liquid_level_percent":81,"liquid_state":"high","max_set":80,"min_set":25}'
[2026-09-13 15:14:10] debug: 	zh:ember:uart:ash: <--- [FRAME type=DATA]
[2026-09-13 15:14:10] debug: 	zh:ember:uart:ash: <--- [FRAME type=DATA ackNum=7](ackRx=6 frmTx=7)
[2026-09-13 15:14:10] debug: 	zh:ember:uart:ash: <--- [FRAME type=DATA ackNum=7 frmNum=3](frmRx=3) Added to rxQueue
[2026-09-13 15:14:10] debug: 	zh:ember:uart:ash: ---> [FRAME type=ACK frmRx=4](ackRx=7)
[2026-09-13 15:14:10] debug: 	zh:ember:ezsp: <=== [FRAME: ID=52:"SEND_UNICAST" Seq=70 Len=7]
[2026-09-13 15:14:10] debug: 	zh:ember:ezsp: ~~~> [SENT type=DIRECT apsSequence=100 messageTag=33 status=OK]
[2026-09-13 15:14:10] debug: 	zh:ember:uart:ash: <--- [FRAME type=DATA]
[2026-09-13 15:14:10] debug: 	zh:ember:uart:ash: <--- [FRAME type=DATA ackNum=7](ackRx=7 frmTx=7)
[2026-09-13 15:14:10] debug: 	zh:ember:uart:ash: <--- [FRAME type=DATA ackNum=7 frmNum=4](frmRx=4) Added to rxQueue
[2026-09-13 15:14:10] debug: 	zh:ember:uart:ash: ---> [FRAME type=ACK frmRx=5](ackRx=7)
[2026-09-13 15:14:10] debug: 	zh:ember:ezsp: <=== [CBFRAME: ID=63:"MESSAGE_SENT_HANDLER" Seq=70 Len=22]
[2026-09-13 15:14:10] debug: 	zh:ember:ezsp: ezspMessageSentHandler: status=OK type=DIRECT indexOrDestination=3595 apsFrame={"profileId":260,"clusterId":61184,"sourceEndpoint":1,"destinationEndpoint":1,"options":4352,"groupId":0,"sequence":100} messageTag=33
[2026-09-13 15:14:11] debug: 	zh:ember:uart:ash: <--- [FRAME type=DATA]
[2026-09-13 15:14:11] debug: 	zh:ember:uart:ash: <--- [FRAME type=DATA ackNum=7](ackRx=7 frmTx=7)
[2026-09-13 15:14:11] debug: 	zh:ember:uart:ash: <--- [FRAME type=DATA ackNum=7 frmNum=5](frmRx=5) Added to rxQueue
[2026-09-13 15:14:11] debug: 	zh:ember:uart:ash: ---> [FRAME type=ACK frmRx=6](ackRx=7)
[2026-09-13 15:14:11] debug: 	zh:ember:ezsp: <=== [CBFRAME: ID=69:"INCOMING_MESSAGE_HANDLER" Seq=70 Len=38]
[2026-09-13 15:14:11] debug: 	zh:ember:ezsp: ezspIncomingMessageHandler: type=UNICAST apsFrame={"profileId":260,"clusterId":61184,"sourceEndpoint":1,"destinationEndpoint":1,"options":256,"groupId":0,"sequence":172} packetInfo:{"senderShortId":3595,"senderLongId":"0xffffffffffffffff","bindingIndex":255,"addressIndex":255,"lastHopLqi":136,"lastHopRssi":-66,"lastHopTimestamp":0} messageContents=09280200f60202000400000026
[2026-09-13 15:14:11] debug: 	zh:controller: Received payload: clusterID=61184, address=3595, groupID=0, endpoint=1, destinationEndpoint=1, wasBroadcast=false, linkQuality=136, frame={"header":{"frameControl":{"frameType":1,"manufacturerSpecific":false,"direction":1,"disableDefaultResponse":false,"reservedBits":0},"transactionSequenceNumber":40,"commandIdentifier":2},"payload":{"seq":62976,"dpValues":[{"dp":2,"datatype":2,"data":{"type":"Buffer","data":[0,0,0,38]}}]},"command":{"name":"dataReport","ID":2,"parameters":[{"name":"seq","type":33,"max":65535},{"name":"dpValues","type":1011}]}}
[2026-09-13 15:14:11] debug: 	zh:controller:endpoint: ZCL command 0x94b216fffef3cf25/1 manuSpecificTuya.defaultRsp({"cmdId":2,"statusCode":0}, {"timeout":10000,"disableResponse":false,"disableRecovery":false,"disableDefaultResponse":true,"direction":0,"reservedBits":0,"transactionSequenceNumber":40,"writeUndiv":false})
[2026-09-13 15:14:11] debug: 	zh:ember: ~~~> [ZCL to=0x94b216fffef3cf25:3595 apsFrame={"profileId":260,"clusterId":61184,"sourceEndpoint":1,"destinationEndpoint":1,"options":4352,"groupId":0,"sequence":0} header={"frameControl":{"reservedBits":0,"frameType":0,"direction":0,"disableDefaultResponse":true,"manufacturerSpecific":false},"transactionSequenceNumber":40,"commandIdentifier":11}]
[2026-09-13 15:14:11] debug: 	zh:ember:ezsp: ===> [FRAME: ID=52:"SEND_UNICAST" Seq=71 Len=26]
[2026-09-13 15:14:11] debug: 	zh:ember:uart:ash: ---> [FRAME type=DATA frmTx=7 frmRx=6](ackRx=7)
[2026-09-13 15:14:11] debug: 	z2m: Received Zigbee message from 'Nivelagua', type 'commandDataReport', cluster 'manuSpecificTuya', data '{"dpValues":[{"data":{"data":[0,0,0,38],"type":"Buffer"},"datatype":2,"dp":2}],"seq":62976}' from endpoint 1 with groupID 0
[2026-09-13 15:14:11] info: 	z2m:mqtt: MQTT publish: topic 'zigbee2mqtt/Nivelagua', payload '{"installation_height":0.75,"linkquality":136,"liquid_depth":0.38,"liquid_depth_max":0.28,"liquid_level_percent":81,"liquid_state":"high","max_set":80,"min_set":25}'
[2026-09-13 15:14:11] debug: 	zh:ember:uart:ash: <--- [FRAME type=DATA]
[2026-09-13 15:14:11] debug: 	zh:ember:uart:ash: <--- [FRAME type=DATA ackNum=0](ackRx=7 frmTx=0)
[2026-09-13 15:14:11] debug: 	zh:ember:uart:ash: <--- [FRAME type=DATA ackNum=0 frmNum=6](frmRx=6) Added to rxQueue
[2026-09-13 15:14:11] debug: 	zh:ember:uart:ash: ---> [FRAME type=ACK frmRx=7](ackRx=0)
[2026-09-13 15:14:11] debug: 	zh:ember:ezsp: <=== [FRAME: ID=52:"SEND_UNICAST" Seq=71 Len=7]
[2026-09-13 15:14:11] debug: 	zh:ember:ezsp: ~~~> [SENT type=DIRECT apsSequence=101 messageTag=34 status=OK]
[2026-09-13 15:14:11] debug: 	zh:ember:uart:ash: <--- [FRAME type=DATA]
[2026-09-13 15:14:11] debug: 	zh:ember:uart:ash: <--- [FRAME type=DATA ackNum=0](ackRx=0 frmTx=0)
[2026-09-13 15:14:11] debug: 	zh:ember:uart:ash: <--- [FRAME type=DATA ackNum=0 frmNum=7](frmRx=7) Added to rxQueue
[2026-09-13 15:14:11] debug: 	zh:ember:uart:ash: ---> [FRAME type=ACK frmRx=0](ackRx=0)
[2026-09-13 15:14:11] debug: 	zh:ember:ezsp: <=== [CBFRAME: ID=63:"MESSAGE_SENT_HANDLER" Seq=71 Len=22]
[2026-09-13 15:14:11] debug: 	zh:ember:ezsp: ezspMessageSentHandler: status=OK type=DIRECT indexOrDestination=3595 apsFrame={"profileId":260,"clusterId":61184,"sourceEndpoint":1,"destinationEndpoint":1,"options":4352,"groupId":0,"sequence":101} messageTag=34
[2026-09-13 15:14:11] debug: 	zh:ember:uart:ash: <--- [FRAME type=DATA]
[2026-09-13 15:14:11] debug: 	zh:ember:uart:ash: <--- [FRAME type=DATA ackNum=0](ackRx=0 frmTx=0)
[2026-09-13 15:14:11] debug: 	zh:ember:uart:ash: <--- [FRAME type=DATA ackNum=0 frmNum=0](frmRx=0) Added to rxQueue
[2026-09-13 15:14:11] debug: 	zh:ember:uart:ash: ---> [FRAME type=ACK frmRx=1](ackRx=0)
[2026-09-13 15:14:11] debug: 	zh:ember:ezsp: <=== [CBFRAME: ID=69:"INCOMING_MESSAGE_HANDLER" Seq=71 Len=38]
[2026-09-13 15:14:11] debug: 	zh:ember:ezsp: ezspIncomingMessageHandler: type=UNICAST apsFrame={"profileId":260,"clusterId":61184,"sourceEndpoint":1,"destinationEndpoint":1,"options":256,"groupId":0,"sequence":173} packetInfo:{"senderShortId":3595,"senderLongId":"0xffffffffffffffff","bindingIndex":255,"addressIndex":255,"lastHopLqi":136,"lastHopRssi":-66,"lastHopTimestamp":0} messageContents=09290200f71602000400000051
[2026-09-13 15:14:11] debug: 	zh:controller: Received payload: clusterID=61184, address=3595, groupID=0, endpoint=1, destinationEndpoint=1, wasBroadcast=false, linkQuality=136, frame={"header":{"frameControl":{"frameType":1,"manufacturerSpecific":false,"direction":1,"disableDefaultResponse":false,"reservedBits":0},"transactionSequenceNumber":41,"commandIdentifier":2},"payload":{"seq":63232,"dpValues":[{"dp":22,"datatype":2,"data":{"type":"Buffer","data":[0,0,0,81]}}]},"command":{"name":"dataReport","ID":2,"parameters":[{"name":"seq","type":33,"max":65535},{"name":"dpValues","type":1011}]}}
[2026-09-13 15:14:11] debug: 	zh:controller:endpoint: ZCL command 0x94b216fffef3cf25/1 manuSpecificTuya.defaultRsp({"cmdId":2,"statusCode":0}, {"timeout":10000,"disableResponse":false,"disableRecovery":false,"disableDefaultResponse":true,"direction":0,"reservedBits":0,"transactionSequenceNumber":41,"writeUndiv":false})
[2026-09-13 15:14:11] debug: 	zh:ember: ~~~> [ZCL to=0x94b216fffef3cf25:3595 apsFrame={"profileId":260,"clusterId":61184,"sourceEndpoint":1,"destinationEndpoint":1,"options":4352,"groupId":0,"sequence":0} header={"frameControl":{"reservedBits":0,"frameType":0,"direction":0,"disableDefaultResponse":true,"manufacturerSpecific":false},"transactionSequenceNumber":41,"commandIdentifier":11}]
[2026-09-13 15:14:11] debug: 	zh:ember:ezsp: ===> [FRAME: ID=52:"SEND_UNICAST" Seq=72 Len=26]
[2026-09-13 15:14:11] debug: 	zh:ember:uart:ash: ---> [FRAME type=DATA frmTx=0 frmRx=1](ackRx=0)
[2026-09-13 15:14:11] debug: 	z2m: Received Zigbee message from 'Nivelagua', type 'commandDataReport', cluster 'manuSpecificTuya', data '{"dpValues":[{"data":{"data":[0,0,0,81],"type":"Buffer"},"datatype":2,"dp":22}],"seq":63232}' from endpoint 1 with groupID 0
[2026-09-13 15:14:11] info: 	z2m:mqtt: MQTT publish: topic 'zigbee2mqtt/Nivelagua', payload '{"installation_height":0.75,"linkquality":136,"liquid_depth":0.38,"liquid_depth_max":0.28,"liquid_level_percent":81,"liquid_state":"high","max_set":80,"min_set":25}'
[2026-09-13 15:14:11] debug: 	zh:ember:uart:ash: <--- [FRAME type=DATA]
[2026-09-13 15:14:11] debug: 	zh:ember:uart:ash: <--- [FRAME type=DATA ackNum=1](ackRx=0 frmTx=1)
[2026-09-13 15:14:11] debug: 	zh:ember:uart:ash: <--- [FRAME type=DATA ackNum=1 frmNum=1](frmRx=1) Added to rxQueue
[2026-09-13 15:14:11] debug: 	zh:ember:uart:ash: ---> [FRAME type=ACK frmRx=2](ackRx=1)
[2026-09-13 15:14:11] debug: 	zh:ember:ezsp: <=== [FRAME: ID=52:"SEND_UNICAST" Seq=72 Len=7]
[2026-09-13 15:14:11] debug: 	zh:ember:ezsp: ~~~> [SENT type=DIRECT apsSequence=102 messageTag=35 status=OK]
[2026-09-13 15:14:11] debug: 	zh:ember:uart:ash: <--- [FRAME type=DATA]
[2026-09-13 15:14:11] debug: 	zh:ember:uart:ash: <--- [FRAME type=DATA ackNum=1](ackRx=1 frmTx=1)
[2026-09-13 15:14:11] debug: 	zh:ember:uart:ash: <--- [FRAME type=DATA ackNum=1 frmNum=2](frmRx=2) Added to rxQueue
[2026-09-13 15:14:11] debug: 	zh:ember:uart:ash: ---> [FRAME type=ACK frmRx=3](ackRx=1)
[2026-09-13 15:14:11] debug: 	zh:ember:ezsp: <=== [CBFRAME: ID=63:"MESSAGE_SENT_HANDLER" Seq=72 Len=22]
[2026-09-13 15:14:11] debug: 	zh:ember:ezsp: ezspMessageSentHandler: status=OK type=DIRECT indexOrDestination=3595 apsFrame={"profileId":260,"clusterId":61184,"sourceEndpoint":1,"destinationEndpoint":1,"options":4352,"groupId":0,"sequence":102} messageTag=35
[2026-09-13 15:14:11] debug: 	zh:ember:uart:ash: <--- [FRAME type=DATA]
[2026-09-13 15:14:11] debug: 	zh:ember:uart:ash: <--- [FRAME type=DATA ackNum=1](ackRx=1 frmTx=1)
[2026-09-13 15:14:11] debug: 	zh:ember:uart:ash: <--- [FRAME type=DATA ackNum=1 frmNum=3](frmRx=3) Added to rxQueue
[2026-09-13 15:14:11] debug: 	zh:ember:uart:ash: ---> [FRAME type=ACK frmRx=4](ackRx=1)
[2026-09-13 15:14:11] debug: 	zh:ember:ezsp: <=== [CBFRAME: ID=69:"INCOMING_MESSAGE_HANDLER" Seq=72 Len=35]
[2026-09-13 15:14:11] debug: 	zh:ember:ezsp: ezspIncomingMessageHandler: type=UNICAST apsFrame={"profileId":260,"clusterId":61184,"sourceEndpoint":1,"destinationEndpoint":1,"options":256,"groupId":0,"sequence":174} packetInfo:{"senderShortId":3595,"senderLongId":"0xffffffffffffffff","bindingIndex":255,"addressIndex":255,"lastHopLqi":136,"lastHopRssi":-66,"lastHopTimestamp":0} messageContents=092a0200f80104000102
[2026-09-13 15:14:11] debug: 	zh:controller: Received payload: clusterID=61184, address=3595, groupID=0, endpoint=1, destinationEndpoint=1, wasBroadcast=false, linkQuality=136, frame={"header":{"frameControl":{"frameType":1,"manufacturerSpecific":false,"direction":1,"disableDefaultResponse":false,"reservedBits":0},"transactionSequenceNumber":42,"commandIdentifier":2},"payload":{"seq":63488,"dpValues":[{"dp":1,"datatype":4,"data":{"type":"Buffer","data":[2]}}]},"command":{"name":"dataReport","ID":2,"parameters":[{"name":"seq","type":33,"max":65535},{"name":"dpValues","type":1011}]}}
[2026-09-13 15:14:11] debug: 	zh:controller:endpoint: ZCL command 0x94b216fffef3cf25/1 manuSpecificTuya.defaultRsp({"cmdId":2,"statusCode":0}, {"timeout":10000,"disableResponse":false,"disableRecovery":false,"disableDefaultResponse":true,"direction":0,"reservedBits":0,"transactionSequenceNumber":42,"writeUndiv":false})
[2026-09-13 15:14:11] debug: 	zh:ember: ~~~> [ZCL to=0x94b216fffef3cf25:3595 apsFrame={"profileId":260,"clusterId":61184,"sourceEndpoint":1,"destinationEndpoint":1,"options":4352,"groupId":0,"sequence":0} header={"frameControl":{"reservedBits":0,"frameType":0,"direction":0,"disableDefaultResponse":true,"manufacturerSpecific":false},"transactionSequenceNumber":42,"commandIdentifier":11}]
[2026-09-13 15:14:11] debug: 	zh:ember:ezsp: ===> [FRAME: ID=52:"SEND_UNICAST" Seq=73 Len=26]
[2026-09-13 15:14:11] debug: 	zh:ember:uart:ash: ---> [FRAME type=DATA frmTx=1 frmRx=4](ackRx=1)
[2026-09-13 15:14:11] debug: 	z2m: Received Zigbee message from 'Nivelagua', type 'commandDataReport', cluster 'manuSpecificTuya', data '{"dpValues":[{"data":{"data":[2],"type":"Buffer"},"datatype":4,"dp":1}],"seq":63488}' from endpoint 1 with groupID 0
[2026-09-13 15:14:11] info: 	z2m:mqtt: MQTT publish: topic 'zigbee2mqtt/Nivelagua', payload '{"installation_height":0.75,"linkquality":136,"liquid_depth":0.38,"liquid_depth_max":0.28,"liquid_level_percent":81,"liquid_state":"high","max_set":80,"min_set":25}'
[2026-09-13 15:14:11] debug: 	zh:ember:uart:ash: <--- [FRAME type=DATA]
[2026-09-13 15:14:11] debug: 	zh:ember:uart:ash: <--- [FRAME type=DATA ackNum=2](ackRx=1 frmTx=2)
[2026-09-13 15:14:11] debug: 	zh:ember:uart:ash: <--- [FRAME type=DATA ackNum=2 frmNum=4](frmRx=4) Added to rxQueue
[2026-09-13 15:14:11] debug: 	zh:ember:uart:ash: ---> [FRAME type=ACK frmRx=5](ackRx=2)
[2026-09-13 15:14:11] debug: 	zh:ember:ezsp: <=== [FRAME: ID=52:"SEND_UNICAST" Seq=73 Len=7]
[2026-09-13 15:14:11] debug: 	zh:ember:ezsp: ~~~> [SENT type=DIRECT apsSequence=103 messageTag=36 status=OK]
[2026-09-13 15:14:11] debug: 	zh:ember:uart:ash: <--- [FRAME type=DATA]
[2026-09-13 15:14:11] debug: 	zh:ember:uart:ash: <--- [FRAME type=DATA ackNum=2](ackRx=2 frmTx=2)
[2026-09-13 15:14:11] debug: 	zh:ember:uart:ash: <--- [FRAME type=DATA ackNum=2 frmNum=5](frmRx=5) Added to rxQueue
[2026-09-13 15:14:11] debug: 	zh:ember:uart:ash: ---> [FRAME type=ACK frmRx=6](ackRx=2)
[2026-09-13 15:14:11] debug: 	zh:ember:ezsp: <=== [CBFRAME: ID=63:"MESSAGE_SENT_HANDLER" Seq=73 Len=22]
[2026-09-13 15:14:11] debug: 	zh:ember:ezsp: ezspMessageSentHandler: status=OK type=DIRECT indexOrDestination=3595 apsFrame={"profileId":260,"clusterId":61184,"sourceEndpoint":1,"destinationEndpoint":1,"options":4352,"groupId":0,"sequence":103} messageTag=36
[2026-09-13 15:14:12] debug: 	zh:ember:uart:ash: <--- [FRAME type=DATA]
[2026-09-13 15:14:12] debug: 	zh:ember:uart:ash: <--- [FRAME type=DATA ackNum=2](ackRx=2 frmTx=2)
[2026-09-13 15:14:12] debug: 	zh:ember:uart:ash: <--- [FRAME type=DATA ackNum=2 frmNum=6](frmRx=6) Added to rxQueue
[2026-09-13 15:14:12] debug: 	zh:ember:uart:ash: ---> [FRAME type=ACK frmRx=7](ackRx=2)
[2026-09-13 15:14:12] debug: 	zh:ember:ezsp: <=== [CBFRAME: ID=69:"INCOMING_MESSAGE_HANDLER" Seq=73 Len=38]
[2026-09-13 15:14:12] debug: 	zh:ember:ezsp: ezspIncomingMessageHandler: type=UNICAST apsFrame={"profileId":260,"clusterId":61184,"sourceEndpoint":1,"destinationEndpoint":1,"options":256,"groupId":0,"sequence":175} packetInfo:{"senderShortId":3595,"senderLongId":"0xffffffffffffffff","bindingIndex":255,"addressIndex":255,"lastHopLqi":136,"lastHopRssi":-66,"lastHopTimestamp":0} messageContents=092b0200f90202000400000026
[2026-09-13 15:14:12] debug: 	zh:controller: Received payload: clusterID=61184, address=3595, groupID=0, endpoint=1, destinationEndpoint=1, wasBroadcast=false, linkQuality=136, frame={"header":{"frameControl":{"frameType":1,"manufacturerSpecific":false,"direction":1,"disableDefaultResponse":false,"reservedBits":0},"transactionSequenceNumber":43,"commandIdentifier":2},"payload":{"seq":63744,"dpValues":[{"dp":2,"datatype":2,"data":{"type":"Buffer","data":[0,0,0,38]}}]},"command":{"name":"dataReport","ID":2,"parameters":[{"name":"seq","type":33,"max":65535},{"name":"dpValues","type":1011}]}}
[2026-09-13 15:14:12] debug: 	zh:controller:endpoint: ZCL command 0x94b216fffef3cf25/1 manuSpecificTuya.defaultRsp({"cmdId":2,"statusCode":0}, {"timeout":10000,"disableResponse":false,"disableRecovery":false,"disableDefaultResponse":true,"direction":0,"reservedBits":0,"transactionSequenceNumber":43,"writeUndiv":false})
[2026-09-13 15:14:12] debug: 	zh:ember: ~~~> [ZCL to=0x94b216fffef3cf25:3595 apsFrame={"profileId":260,"clusterId":61184,"sourceEndpoint":1,"destinationEndpoint":1,"options":4352,"groupId":0,"sequence":0} header={"frameControl":{"reservedBits":0,"frameType":0,"direction":0,"disableDefaultResponse":true,"manufacturerSpecific":false},"transactionSequenceNumber":43,"commandIdentifier":11}]
[2026-09-13 15:14:12] debug: 	zh:ember:ezsp: ===> [FRAME: ID=52:"SEND_UNICAST" Seq=74 Len=26]
[2026-09-13 15:14:12] debug: 	zh:ember:uart:ash: ---> [FRAME type=DATA frmTx=2 frmRx=7](ackRx=2)
[2026-09-13 15:14:12] debug: 	z2m: Received Zigbee message from 'Nivelagua', type 'commandDataReport', cluster 'manuSpecificTuya', data '{"dpValues":[{"data":{"data":[0,0,0,38],"type":"Buffer"},"datatype":2,"dp":2}],"seq":63744}' from endpoint 1 with groupID 0
[2026-09-13 15:14:12] info: 	z2m:mqtt: MQTT publish: topic 'zigbee2mqtt/Nivelagua', payload '{"installation_height":0.75,"linkquality":136,"liquid_depth":0.38,"liquid_depth_max":0.28,"liquid_level_percent":81,"liquid_state":"high","max_set":80,"min_set":25}'
[2026-09-13 15:14:12] debug: 	zh:ember:uart:ash: <--- [FRAME type=DATA]
[2026-09-13 15:14:12] debug: 	zh:ember:uart:ash: <--- [FRAME type=DATA ackNum=3](ackRx=2 frmTx=3)
[2026-09-13 15:14:12] debug: 	zh:ember:uart:ash: <--- [FRAME type=DATA ackNum=3 frmNum=7](frmRx=7) Added to rxQueue
[2026-09-13 15:14:12] debug: 	zh:ember:uart:ash: ---> [FRAME type=ACK frmRx=0](ackRx=3)
[2026-09-13 15:14:12] debug: 	zh:ember:ezsp: <=== [FRAME: ID=52:"SEND_UNICAST" Seq=74 Len=7]
[2026-09-13 15:14:12] debug: 	zh:ember:ezsp: ~~~> [SENT type=DIRECT apsSequence=104 messageTag=37 status=OK]
[2026-09-13 15:14:12] debug: 	zh:ember:uart:ash: <--- [FRAME type=DATA]
[2026-09-13 15:14:12] debug: 	zh:ember:uart:ash: <--- [FRAME type=DATA ackNum=3](ackRx=3 frmTx=3)
[2026-09-13 15:14:12] debug: 	zh:ember:uart:ash: <--- [FRAME type=DATA ackNum=3 frmNum=0](frmRx=0) Added to rxQueue
[2026-09-13 15:14:12] debug: 	zh:ember:uart:ash: ---> [FRAME type=ACK frmRx=1](ackRx=3)
[2026-09-13 15:14:12] debug: 	zh:ember:ezsp: <=== [CBFRAME: ID=63:"MESSAGE_SENT_HANDLER" Seq=74 Len=22]
[2026-09-13 15:14:12] debug: 	zh:ember:ezsp: ezspMessageSentHandler: status=OK type=DIRECT indexOrDestination=3595 apsFrame={"profileId":260,"clusterId":61184,"sourceEndpoint":1,"destinationEndpoint":1,"options":4352,"groupId":0,"sequence":104} messageTag=37
[2026-09-13 15:14:12] debug: 	zh:ember:uart:ash: <--- [FRAME type=DATA]
[2026-09-13 15:14:12] debug: 	zh:ember:uart:ash: <--- [FRAME type=DATA ackNum=3](ackRx=3 frmTx=3)
[2026-09-13 15:14:12] debug: 	zh:ember:uart:ash: <--- [FRAME type=DATA ackNum=3 frmNum=1](frmRx=1) Added to rxQueue
[2026-09-13 15:14:12] debug: 	zh:ember:uart:ash: ---> [FRAME type=ACK frmRx=2](ackRx=3)
[2026-09-13 15:14:12] debug: 	zh:ember:ezsp: <=== [CBFRAME: ID=69:"INCOMING_MESSAGE_HANDLER" Seq=74 Len=38]
[2026-09-13 15:14:12] debug: 	zh:ember:ezsp: ezspIncomingMessageHandler: type=UNICAST apsFrame={"profileId":260,"clusterId":61184,"sourceEndpoint":1,"destinationEndpoint":1,"options":256,"groupId":0,"sequence":176} packetInfo:{"senderShortId":3595,"senderLongId":"0xffffffffffffffff","bindingIndex":255,"addressIndex":255,"lastHopLqi":136,"lastHopRssi":-66,"lastHopTimestamp":0} messageContents=092c0200fa1602000400000051
[2026-09-13 15:14:12] debug: 	zh:controller: Received payload: clusterID=61184, address=3595, groupID=0, endpoint=1, destinationEndpoint=1, wasBroadcast=false, linkQuality=136, frame={"header":{"frameControl":{"frameType":1,"manufacturerSpecific":false,"direction":1,"disableDefaultResponse":false,"reservedBits":0},"transactionSequenceNumber":44,"commandIdentifier":2},"payload":{"seq":64000,"dpValues":[{"dp":22,"datatype":2,"data":{"type":"Buffer","data":[0,0,0,81]}}]},"command":{"name":"dataReport","ID":2,"parameters":[{"name":"seq","type":33,"max":65535},{"name":"dpValues","type":1011}]}}
[2026-09-13 15:14:12] debug: 	zh:controller:endpoint: ZCL command 0x94b216fffef3cf25/1 manuSpecificTuya.defaultRsp({"cmdId":2,"statusCode":0}, {"timeout":10000,"disableResponse":false,"disableRecovery":false,"disableDefaultResponse":true,"direction":0,"reservedBits":0,"transactionSequenceNumber":44,"writeUndiv":false})
[2026-09-13 15:14:12] debug: 	zh:ember: ~~~> [ZCL to=0x94b216fffef3cf25:3595 apsFrame={"profileId":260,"clusterId":61184,"sourceEndpoint":1,"destinationEndpoint":1,"options":4352,"groupId":0,"sequence":0} header={"frameControl":{"reservedBits":0,"frameType":0,"direction":0,"disableDefaultResponse":true,"manufacturerSpecific":false},"transactionSequenceNumber":44,"commandIdentifier":11}]
[2026-09-13 15:14:12] debug: 	zh:ember:ezsp: ===> [FRAME: ID=52:"SEND_UNICAST" Seq=75 Len=26]
[2026-09-13 15:14:12] debug: 	zh:ember:uart:ash: ---> [FRAME type=DATA frmTx=3 frmRx=2](ackRx=3)
[2026-09-13 15:14:12] debug: 	z2m: Received Zigbee message from 'Nivelagua', type 'commandDataReport', cluster 'manuSpecificTuya', data '{"dpValues":[{"data":{"data":[0,0,0,81],"type":"Buffer"},"datatype":2,"dp":22}],"seq":64000}' from endpoint 1 with groupID 0
[2026-09-13 15:14:12] info: 	z2m:mqtt: MQTT publish: topic 'zigbee2mqtt/Nivelagua', payload '{"installation_height":0.75,"linkquality":136,"liquid_depth":0.38,"liquid_depth_max":0.28,"liquid_level_percent":81,"liquid_state":"high","max_set":80,"min_set":25}'
[2026-09-13 15:14:12] debug: 	zh:ember:uart:ash: <--- [FRAME type=DATA]
[2026-09-13 15:14:12] debug: 	zh:ember:uart:ash: <--- [FRAME type=DATA ackNum=4](ackRx=3 frmTx=4)
[2026-09-13 15:14:12] debug: 	zh:ember:uart:ash: <--- [FRAME type=DATA ackNum=4 frmNum=2](frmRx=2) Added to rxQueue
[2026-09-13 15:14:12] debug: 	zh:ember:uart:ash: ---> [FRAME type=ACK frmRx=3](ackRx=4)
[2026-09-13 15:14:12] debug: 	zh:ember:ezsp: <=== [FRAME: ID=52:"SEND_UNICAST" Seq=75 Len=7]
[2026-09-13 15:14:12] debug: 	zh:ember:ezsp: ~~~> [SENT type=DIRECT apsSequence=105 messageTag=38 status=OK]
[2026-09-13 15:14:12] debug: 	zh:ember:uart:ash: <--- [FRAME type=DATA]
[2026-09-13 15:14:12] debug: 	zh:ember:uart:ash: <--- [FRAME type=DATA ackNum=4](ackRx=4 frmTx=4)
[2026-09-13 15:14:12] debug: 	zh:ember:uart:ash: <--- [FRAME type=DATA ackNum=4 frmNum=3](frmRx=3) Added to rxQueue
[2026-09-13 15:14:12] debug: 	zh:ember:uart:ash: ---> [FRAME type=ACK frmRx=4](ackRx=4)
[2026-09-13 15:14:12] debug: 	zh:ember:ezsp: <=== [CBFRAME: ID=63:"MESSAGE_SENT_HANDLER" Seq=75 Len=22]
[2026-09-13 15:14:12] debug: 	zh:ember:ezsp: ezspMessageSentHandler: status=OK type=DIRECT indexOrDestination=3595 apsFrame={"profileId":260,"clusterId":61184,"sourceEndpoint":1,"destinationEndpoint":1,"options":4352,"groupId":0,"sequence":105} messageTag=38
[2026-09-13 15:14:13] debug: 	zh:ember:uart:ash: <--- [FRAME type=DATA]
[2026-09-13 15:14:13] debug: 	zh:ember:uart:ash: <--- [FRAME type=DATA ackNum=4](ackRx=4 frmTx=4)
[2026-09-13 15:14:13] debug: 	zh:ember:uart:ash: <--- [FRAME type=DATA ackNum=4 frmNum=4](frmRx=4) Added to rxQueue
[2026-09-13 15:14:13] debug: 	zh:ember:uart:ash: ---> [FRAME type=ACK frmRx=5](ackRx=4)
[2026-09-13 15:14:13] debug: 	zh:ember:ezsp: <=== [CBFRAME: ID=69:"INCOMING_MESSAGE_HANDLER" Seq=75 Len=35]
[2026-09-13 15:14:13] debug: 	zh:ember:ezsp: ezspIncomingMessageHandler: type=UNICAST apsFrame={"profileId":260,"clusterId":61184,"sourceEndpoint":1,"destinationEndpoint":1,"options":256,"groupId":0,"sequence":177} packetInfo:{"senderShortId":3595,"senderLongId":"0xffffffffffffffff","bindingIndex":255,"addressIndex":255,"lastHopLqi":136,"lastHopRssi":-66,"lastHopTimestamp":0} messageContents=092d0200fb0104000102
[2026-09-13 15:14:13] debug: 	zh:controller: Received payload: clusterID=61184, address=3595, groupID=0, endpoint=1, destinationEndpoint=1, wasBroadcast=false, linkQuality=136, frame={"header":{"frameControl":{"frameType":1,"manufacturerSpecific":false,"direction":1,"disableDefaultResponse":false,"reservedBits":0},"transactionSequenceNumber":45,"commandIdentifier":2},"payload":{"seq":64256,"dpValues":[{"dp":1,"datatype":4,"data":{"type":"Buffer","data":[2]}}]},"command":{"name":"dataReport","ID":2,"parameters":[{"name":"seq","type":33,"max":65535},{"name":"dpValues","type":1011}]}}
[2026-09-13 15:14:13] debug: 	zh:controller:endpoint: ZCL command 0x94b216fffef3cf25/1 manuSpecificTuya.defaultRsp({"cmdId":2,"statusCode":0}, {"timeout":10000,"disableResponse":false,"disableRecovery":false,"disableDefaultResponse":true,"direction":0,"reservedBits":0,"transactionSequenceNumber":45,"writeUndiv":false})
[2026-09-13 15:14:13] debug: 	zh:ember: ~~~> [ZCL to=0x94b216fffef3cf25:3595 apsFrame={"profileId":260,"clusterId":61184,"sourceEndpoint":1,"destinationEndpoint":1,"options":4352,"groupId":0,"sequence":0} header={"frameControl":{"reservedBits":0,"frameType":0,"direction":0,"disableDefaultResponse":true,"manufacturerSpecific":false},"transactionSequenceNumber":45,"commandIdentifier":11}]
[2026-09-13 15:14:13] debug: 	zh:ember:ezsp: ===> [FRAME: ID=52:"SEND_UNICAST" Seq=76 Len=26]
[2026-09-13 15:14:13] debug: 	zh:ember:uart:ash: ---> [FRAME type=DATA frmTx=4 frmRx=5](ackRx=4)
[2026-09-13 15:14:13] debug: 	z2m: Received Zigbee message from 'Nivelagua', type 'commandDataReport', cluster 'manuSpecificTuya', data '{"dpValues":[{"data":{"data":[2],"type":"Buffer"},"datatype":4,"dp":1}],"seq":64256}' from endpoint 1 with groupID 0
[2026-09-13 15:14:13] info: 	z2m:mqtt: MQTT publish: topic 'zigbee2mqtt/Nivelagua', payload '{"installation_height":0.75,"linkquality":136,"liquid_depth":0.38,"liquid_depth_max":0.28,"liquid_level_percent":81,"liquid_state":"high","max_set":80,"min_set":25}'
[2026-09-13 15:14:13] debug: 	zh:ember:uart:ash: <--- [FRAME type=DATA]
[2026-09-13 15:14:13] debug: 	zh:ember:uart:ash: <--- [FRAME type=DATA ackNum=5](ackRx=4 frmTx=5)
[2026-09-13 15:14:13] debug: 	zh:ember:uart:ash: <--- [FRAME type=DATA ackNum=5 frmNum=5](frmRx=5) Added to rxQueue
[2026-09-13 15:14:13] debug: 	zh:ember:uart:ash: ---> [FRAME type=ACK frmRx=6](ackRx=5)
[2026-09-13 15:14:13] debug: 	zh:ember:ezsp: <=== [FRAME: ID=52:"SEND_UNICAST" Seq=76 Len=7]
[2026-09-13 15:14:13] debug: 	zh:ember:ezsp: ~~~> [SENT type=DIRECT apsSequence=106 messageTag=39 status=OK]
[2026-09-13 15:14:13] debug: 	zh:ember:uart:ash: <--- [FRAME type=DATA]
[2026-09-13 15:14:13] debug: 	zh:ember:uart:ash: <--- [FRAME type=DATA ackNum=5](ackRx=5 frmTx=5)
[2026-09-13 15:14:13] debug: 	zh:ember:uart:ash: <--- [FRAME type=DATA ackNum=5 frmNum=6](frmRx=6) Added to rxQueue
[2026-09-13 15:14:13] debug: 	zh:ember:uart:ash: ---> [FRAME type=ACK frmRx=7](ackRx=5)
[2026-09-13 15:14:13] debug: 	zh:ember:ezsp: <=== [CBFRAME: ID=63:"MESSAGE_SENT_HANDLER" Seq=76 Len=22]
[2026-09-13 15:14:13] debug: 	zh:ember:ezsp: ezspMessageSentHandler: status=OK type=DIRECT indexOrDestination=3595 apsFrame={"profileId":260,"clusterId":61184,"sourceEndpoint":1,"destinationEndpoint":1,"options":4352,"groupId":0,"sequence":106} messageTag=39
[2026-09-13 15:14:13] debug: 	zh:ember:uart:ash: <--- [FRAME type=DATA]
[2026-09-13 15:14:13] debug: 	zh:ember:uart:ash: <--- [FRAME type=DATA ackNum=5](ackRx=5 frmTx=5)
[2026-09-13 15:14:13] debug: 	zh:ember:uart:ash: <--- [FRAME type=DATA ackNum=5 frmNum=7](frmRx=7) Added to rxQueue
[2026-09-13 15:14:13] debug: 	zh:ember:uart:ash: ---> [FRAME type=ACK frmRx=0](ackRx=5)
[2026-09-13 15:14:13] debug: 	zh:ember:ezsp: <=== [CBFRAME: ID=69:"INCOMING_MESSAGE_HANDLER" Seq=76 Len=38]
[2026-09-13 15:14:13] debug: 	zh:ember:ezsp: ezspIncomingMessageHandler: type=UNICAST apsFrame={"profileId":260,"clusterId":61184,"sourceEndpoint":1,"destinationEndpoint":1,"options":256,"groupId":0,"sequence":178} packetInfo:{"senderShortId":3595,"senderLongId":"0xffffffffffffffff","bindingIndex":255,"addressIndex":255,"lastHopLqi":136,"lastHopRssi":-66,"lastHopTimestamp":0} messageContents=092e0200fc0202000400000026
[2026-09-13 15:14:13] debug: 	zh:controller: Received payload: clusterID=61184, address=3595, groupID=0, endpoint=1, destinationEndpoint=1, wasBroadcast=false, linkQuality=136, frame={"header":{"frameControl":{"frameType":1,"manufacturerSpecific":false,"direction":1,"disableDefaultResponse":false,"reservedBits":0},"transactionSequenceNumber":46,"commandIdentifier":2},"payload":{"seq":64512,"dpValues":[{"dp":2,"datatype":2,"data":{"type":"Buffer","data":[0,0,0,38]}}]},"command":{"name":"dataReport","ID":2,"parameters":[{"name":"seq","type":33,"max":65535},{"name":"dpValues","type":1011}]}}
[2026-09-13 15:14:13] debug: 	zh:controller:endpoint: ZCL command 0x94b216fffef3cf25/1 manuSpecificTuya.defaultRsp({"cmdId":2,"statusCode":0}, {"timeout":10000,"disableResponse":false,"disableRecovery":false,"disableDefaultResponse":true,"direction":0,"reservedBits":0,"transactionSequenceNumber":46,"writeUndiv":false})
[2026-09-13 15:14:13] debug: 	zh:ember: ~~~> [ZCL to=0x94b216fffef3cf25:3595 apsFrame={"profileId":260,"clusterId":61184,"sourceEndpoint":1,"destinationEndpoint":1,"options":4352,"groupId":0,"sequence":0} header={"frameControl":{"reservedBits":0,"frameType":0,"direction":0,"disableDefaultResponse":true,"manufacturerSpecific":false},"transactionSequenceNumber":46,"commandIdentifier":11}]
[2026-09-13 15:14:13] debug: 	zh:ember:ezsp: ===> [FRAME: ID=52:"SEND_UNICAST" Seq=77 Len=26]
[2026-09-13 15:14:13] debug: 	zh:ember:uart:ash: ---> [FRAME type=DATA frmTx=5 frmRx=0](ackRx=5)
[2026-09-13 15:14:13] debug: 	z2m: Received Zigbee message from 'Nivelagua', type 'commandDataReport', cluster 'manuSpecificTuya', data '{"dpValues":[{"data":{"data":[0,0,0,38],"type":"Buffer"},"datatype":2,"dp":2}],"seq":64512}' from endpoint 1 with groupID 0
[2026-09-13 15:14:13] info: 	z2m:mqtt: MQTT publish: topic 'zigbee2mqtt/Nivelagua', payload '{"installation_height":0.75,"linkquality":136,"liquid_depth":0.38,"liquid_depth_max":0.28,"liquid_level_percent":81,"liquid_state":"high","max_set":80,"min_set":25}'
[2026-09-13 15:14:13] debug: 	zh:ember:uart:ash: <--- [FRAME type=DATA]
[2026-09-13 15:14:13] debug: 	zh:ember:uart:ash: <--- [FRAME type=DATA ackNum=6](ackRx=5 frmTx=6)
[2026-09-13 15:14:13] debug: 	zh:ember:uart:ash: <--- [FRAME type=DATA ackNum=6 frmNum=0](frmRx=0) Added to rxQueue
[2026-09-13 15:14:13] debug: 	zh:ember:uart:ash: ---> [FRAME type=ACK frmRx=1](ackRx=6)
[2026-09-13 15:14:13] debug: 	zh:ember:ezsp: <=== [FRAME: ID=52:"SEND_UNICAST" Seq=77 Len=7]
[2026-09-13 15:14:13] debug: 	zh:ember:ezsp: ~~~> [SENT type=DIRECT apsSequence=107 messageTag=40 status=OK]
[2026-09-13 15:14:13] debug: 	zh:ember:uart:ash: <--- [FRAME type=DATA]
[2026-09-13 15:14:13] debug: 	zh:ember:uart:ash: <--- [FRAME type=DATA ackNum=6](ackRx=6 frmTx=6)
[2026-09-13 15:14:13] debug: 	zh:ember:uart:ash: <--- [FRAME type=DATA ackNum=6 frmNum=1](frmRx=1) Added to rxQueue
[2026-09-13 15:14:13] debug: 	zh:ember:uart:ash: ---> [FRAME type=ACK frmRx=2](ackRx=6)
[2026-09-13 15:14:13] debug: 	zh:ember:ezsp: <=== [CBFRAME: ID=63:"MESSAGE_SENT_HANDLER" Seq=77 Len=22]
[2026-09-13 15:14:13] debug: 	zh:ember:ezsp: ezspMessageSentHandler: status=OK type=DIRECT indexOrDestination=3595 apsFrame={"profileId":260,"clusterId":61184,"sourceEndpoint":1,"destinationEndpoint":1,"options":4352,"groupId":0,"sequence":107} messageTag=40
[2026-09-13 15:14:13] debug: 	zh:ember:uart:ash: <--- [FRAME type=DATA]
[2026-09-13 15:14:13] debug: 	zh:ember:uart:ash: <--- [FRAME type=DATA ackNum=6](ackRx=6 frmTx=6)
[2026-09-13 15:14:13] debug: 	zh:ember:uart:ash: <--- [FRAME type=DATA ackNum=6 frmNum=2](frmRx=2) Added to rxQueue
[2026-09-13 15:14:13] debug: 	zh:ember:uart:ash: ---> [FRAME type=ACK frmRx=3](ackRx=6)
[2026-09-13 15:14:13] debug: 	zh:ember:ezsp: <=== [CBFRAME: ID=69:"INCOMING_MESSAGE_HANDLER" Seq=77 Len=38]
[2026-09-13 15:14:13] debug: 	zh:ember:ezsp: ezspIncomingMessageHandler: type=UNICAST apsFrame={"profileId":260,"clusterId":61184,"sourceEndpoint":1,"destinationEndpoint":1,"options":256,"groupId":0,"sequence":179} packetInfo:{"senderShortId":3595,"senderLongId":"0xffffffffffffffff","bindingIndex":255,"addressIndex":255,"lastHopLqi":136,"lastHopRssi":-66,"lastHopTimestamp":0} messageContents=092f0200fd1602000400000051
[2026-09-13 15:14:13] debug: 	zh:controller: Received payload: clusterID=61184, address=3595, groupID=0, endpoint=1, destinationEndpoint=1, wasBroadcast=false, linkQuality=136, frame={"header":{"frameControl":{"frameType":1,"manufacturerSpecific":false,"direction":1,"disableDefaultResponse":false,"reservedBits":0},"transactionSequenceNumber":47,"commandIdentifier":2},"payload":{"seq":64768,"dpValues":[{"dp":22,"datatype":2,"data":{"type":"Buffer","data":[0,0,0,81]}}]},"command":{"name":"dataReport","ID":2,"parameters":[{"name":"seq","type":33,"max":65535},{"name":"dpValues","type":1011}]}}
[2026-09-13 15:14:13] debug: 	zh:controller:endpoint: ZCL command 0x94b216fffef3cf25/1 manuSpecificTuya.defaultRsp({"cmdId":2,"statusCode":0}, {"timeout":10000,"disableResponse":false,"disableRecovery":false,"disableDefaultResponse":true,"direction":0,"reservedBits":0,"transactionSequenceNumber":47,"writeUndiv":false})
[2026-09-13 15:14:13] debug: 	zh:ember: ~~~> [ZCL to=0x94b216fffef3cf25:3595 apsFrame={"profileId":260,"clusterId":61184,"sourceEndpoint":1,"destinationEndpoint":1,"options":4352,"groupId":0,"sequence":0} header={"frameControl":{"reservedBits":0,"frameType":0,"direction":0,"disableDefaultResponse":true,"manufacturerSpecific":false},"transactionSequenceNumber":47,"commandIdentifier":11}]
[2026-09-13 15:14:13] debug: 	zh:ember:ezsp: ===> [FRAME: ID=52:"SEND_UNICAST" Seq=78 Len=26]
[2026-09-13 15:14:13] debug: 	zh:ember:uart:ash: ---> [FRAME type=DATA frmTx=6 frmRx=3](ackRx=6)
[2026-09-13 15:14:13] debug: 	z2m: Received Zigbee message from 'Nivelagua', type 'commandDataReport', cluster 'manuSpecificTuya', data '{"dpValues":[{"data":{"data":[0,0,0,81],"type":"Buffer"},"datatype":2,"dp":22}],"seq":64768}' from endpoint 1 with groupID 0
[2026-09-13 15:14:13] info: 	z2m:mqtt: MQTT publish: topic 'zigbee2mqtt/Nivelagua', payload '{"installation_height":0.75,"linkquality":136,"liquid_depth":0.38,"liquid_depth_max":0.28,"liquid_level_percent":81,"liquid_state":"high","max_set":80,"min_set":25}'
[2026-09-13 15:14:13] debug: 	zh:ember:uart:ash: <--- [FRAME type=DATA]
[2026-09-13 15:14:13] debug: 	zh:ember:uart:ash: <--- [FRAME type=DATA ackNum=7](ackRx=6 frmTx=7)
[2026-09-13 15:14:13] debug: 	zh:ember:uart:ash: <--- [FRAME type=DATA ackNum=7 frmNum=3](frmRx=3) Added to rxQueue
[2026-09-13 15:14:13] debug: 	zh:ember:uart:ash: ---> [FRAME type=ACK frmRx=4](ackRx=7)
[2026-09-13 15:14:13] debug: 	zh:ember:ezsp: <=== [FRAME: ID=52:"SEND_UNICAST" Seq=78 Len=7]
[2026-09-13 15:14:13] debug: 	zh:ember:ezsp: ~~~> [SENT type=DIRECT apsSequence=108 messageTag=41 status=OK]
[2026-09-13 15:14:13] debug: 	zh:ember:uart:ash: <--- [FRAME type=DATA]
[2026-09-13 15:14:13] debug: 	zh:ember:uart:ash: <--- [FRAME type=DATA ackNum=7](ackRx=7 frmTx=7)
[2026-09-13 15:14:13] debug: 	zh:ember:uart:ash: <--- [FRAME type=DATA ackNum=7 frmNum=4](frmRx=4) Added to rxQueue
[2026-09-13 15:14:13] debug: 	zh:ember:uart:ash: ---> [FRAME type=ACK frmRx=5](ackRx=7)
[2026-09-13 15:14:13] debug: 	zh:ember:ezsp: <=== [CBFRAME: ID=63:"MESSAGE_SENT_HANDLER" Seq=78 Len=22]
[2026-09-13 15:14:13] debug: 	zh:ember:ezsp: ezspMessageSentHandler: status=OK type=DIRECT indexOrDestination=3595 apsFrame={"profileId":260,"clusterId":61184,"sourceEndpoint":1,"destinationEndpoint":1,"options":4352,"groupId":0,"sequence":108} messageTag=41
[2026-09-13 15:14:14] debug: 	zh:ember:uart:ash: <--- [FRAME type=DATA]
[2026-09-13 15:14:14] debug: 	zh:ember:uart:ash: <--- [FRAME type=DATA ackNum=7](ackRx=7 frmTx=7)
[2026-09-13 15:14:14] debug: 	zh:ember:uart:ash: <--- [FRAME type=DATA ackNum=7 frmNum=5](frmRx=5) Added to rxQueue
[2026-09-13 15:14:14] debug: 	zh:ember:uart:ash: ---> [FRAME type=ACK frmRx=6](ackRx=7)
[2026-09-13 15:14:14] debug: 	zh:ember:ezsp: <=== [CBFRAME: ID=69:"INCOMING_MESSAGE_HANDLER" Seq=78 Len=35]
[2026-09-13 15:14:14] debug: 	zh:ember:ezsp: ezspIncomingMessageHandler: type=UNICAST apsFrame={"profileId":260,"clusterId":61184,"sourceEndpoint":1,"destinationEndpoint":1,"options":256,"groupId":0,"sequence":180} packetInfo:{"senderShortId":3595,"senderLongId":"0xffffffffffffffff","bindingIndex":255,"addressIndex":255,"lastHopLqi":136,"lastHopRssi":-66,"lastHopTimestamp":0} messageContents=09300200fe0104000102
[2026-09-13 15:14:14] debug: 	zh:controller: Received payload: clusterID=61184, address=3595, groupID=0, endpoint=1, destinationEndpoint=1, wasBroadcast=false, linkQuality=136, frame={"header":{"frameControl":{"frameType":1,"manufacturerSpecific":false,"direction":1,"disableDefaultResponse":false,"reservedBits":0},"transactionSequenceNumber":48,"commandIdentifier":2},"payload":{"seq":65024,"dpValues":[{"dp":1,"datatype":4,"data":{"type":"Buffer","data":[2]}}]},"command":{"name":"dataReport","ID":2,"parameters":[{"name":"seq","type":33,"max":65535},{"name":"dpValues","type":1011}]}}
[2026-09-13 15:14:14] debug: 	zh:controller:endpoint: ZCL command 0x94b216fffef3cf25/1 manuSpecificTuya.defaultRsp({"cmdId":2,"statusCode":0}, {"timeout":10000,"disableResponse":false,"disableRecovery":false,"disableDefaultResponse":true,"direction":0,"reservedBits":0,"transactionSequenceNumber":48,"writeUndiv":false})
[2026-09-13 15:14:14] debug: 	zh:ember: ~~~> [ZCL to=0x94b216fffef3cf25:3595 apsFrame={"profileId":260,"clusterId":61184,"sourceEndpoint":1,"destinationEndpoint":1,"options":4352,"groupId":0,"sequence":0} header={"frameControl":{"reservedBits":0,"frameType":0,"direction":0,"disableDefaultResponse":true,"manufacturerSpecific":false},"transactionSequenceNumber":48,"commandIdentifier":11}]
[2026-09-13 15:14:14] debug: 	zh:ember:ezsp: ===> [FRAME: ID=52:"SEND_UNICAST" Seq=79 Len=26]
[2026-09-13 15:14:14] debug: 	zh:ember:uart:ash: ---> [FRAME type=DATA frmTx=7 frmRx=6](ackRx=7)
[2026-09-13 15:14:14] debug: 	z2m: Received Zigbee message from 'Nivelagua', type 'commandDataReport', cluster 'manuSpecificTuya', data '{"dpValues":[{"data":{"data":[2],"type":"Buffer"},"datatype":4,"dp":1}],"seq":65024}' from endpoint 1 with groupID 0
[2026-09-13 15:14:14] info: 	z2m:mqtt: MQTT publish: topic 'zigbee2mqtt/Nivelagua', payload '{"installation_height":0.75,"linkquality":136,"liquid_depth":0.38,"liquid_depth_max":0.28,"liquid_level_percent":81,"liquid_state":"high","max_set":80,"min_set":25}'
[2026-09-13 15:14:14] debug: 	zh:ember:uart:ash: <--- [FRAME type=DATA]
[2026-09-13 15:14:14] debug: 	zh:ember:uart:ash: <--- [FRAME type=DATA ackNum=0](ackRx=7 frmTx=0)
[2026-09-13 15:14:14] debug: 	zh:ember:uart:ash: <--- [FRAME type=DATA ackNum=0 frmNum=6](frmRx=6) Added to rxQueue
[2026-09-13 15:14:14] debug: 	zh:ember:uart:ash: ---> [FRAME type=ACK frmRx=7](ackRx=0)
[2026-09-13 15:14:14] debug: 	zh:ember:ezsp: <=== [FRAME: ID=52:"SEND_UNICAST" Seq=79 Len=7]
[2026-09-13 15:14:14] debug: 	zh:ember:ezsp: ~~~> [SENT type=DIRECT apsSequence=109 messageTag=42 status=OK]
[2026-09-13 15:14:14] debug: 	zh:ember:uart:ash: <--- [FRAME type=DATA]
[2026-09-13 15:14:14] debug: 	zh:ember:uart:ash: <--- [FRAME type=DATA ackNum=0](ackRx=0 frmTx=0)
[2026-09-13 15:14:14] debug: 	zh:ember:uart:ash: <--- [FRAME type=DATA ackNum=0 frmNum=7](frmRx=7) Added to rxQueue
[2026-09-13 15:14:14] debug: 	zh:ember:uart:ash: ---> [FRAME type=ACK frmRx=0](ackRx=0)
[2026-09-13 15:14:14] debug: 	zh:ember:ezsp: <=== [CBFRAME: ID=63:"MESSAGE_SENT_HANDLER" Seq=79 Len=22]
[2026-09-13 15:14:14] debug: 	zh:ember:ezsp: ezspMessageSentHandler: status=OK type=DIRECT indexOrDestination=3595 apsFrame={"profileId":260,"clusterId":61184,"sourceEndpoint":1,"destinationEndpoint":1,"options":4352,"groupId":0,"sequence":109} messageTag=42
[2026-09-13 15:14:14] debug: 	zh:ember:uart:ash: <--- [FRAME type=DATA]
[2026-09-13 15:14:14] debug: 	zh:ember:uart:ash: <--- [FRAME type=DATA ackNum=0](ackRx=0 frmTx=0)
[2026-09-13 15:14:14] debug: 	zh:ember:uart:ash: <--- [FRAME type=DATA ackNum=0 frmNum=0](frmRx=0) Added to rxQueue
[2026-09-13 15:14:14] debug: 	zh:ember:uart:ash: ---> [FRAME type=ACK frmRx=1](ackRx=0)
[2026-09-13 15:14:14] debug: 	zh:ember:ezsp: <=== [CBFRAME: ID=69:"INCOMING_MESSAGE_HANDLER" Seq=79 Len=38]
[2026-09-13 15:14:14] debug: 	zh:ember:ezsp: ezspIncomingMessageHandler: type=UNICAST apsFrame={"profileId":260,"clusterId":61184,"sourceEndpoint":1,"destinationEndpoint":1,"options":256,"groupId":0,"sequence":181} packetInfo:{"senderShortId":3595,"senderLongId":"0xffffffffffffffff","bindingIndex":255,"addressIndex":255,"lastHopLqi":136,"lastHopRssi":-66,"lastHopTimestamp":0} messageContents=09310200ff0202000400000026
[2026-09-13 15:14:14] debug: 	zh:controller: Received payload: clusterID=61184, address=3595, groupID=0, endpoint=1, destinationEndpoint=1, wasBroadcast=false, linkQuality=136, frame={"header":{"frameControl":{"frameType":1,"manufacturerSpecific":false,"direction":1,"disableDefaultResponse":false,"reservedBits":0},"transactionSequenceNumber":49,"commandIdentifier":2},"payload":{"seq":65280,"dpValues":[{"dp":2,"datatype":2,"data":{"type":"Buffer","data":[0,0,0,38]}}]},"command":{"name":"dataReport","ID":2,"parameters":[{"name":"seq","type":33,"max":65535},{"name":"dpValues","type":1011}]}}
[2026-09-13 15:14:14] debug: 	zh:controller:endpoint: ZCL command 0x94b216fffef3cf25/1 manuSpecificTuya.defaultRsp({"cmdId":2,"statusCode":0}, {"timeout":10000,"disableResponse":false,"disableRecovery":false,"disableDefaultResponse":true,"direction":0,"reservedBits":0,"transactionSequenceNumber":49,"writeUndiv":false})
[2026-09-13 15:14:14] debug: 	zh:ember: ~~~> [ZCL to=0x94b216fffef3cf25:3595 apsFrame={"profileId":260,"clusterId":61184,"sourceEndpoint":1,"destinationEndpoint":1,"options":4352,"groupId":0,"sequence":0} header={"frameControl":{"reservedBits":0,"frameType":0,"direction":0,"disableDefaultResponse":true,"manufacturerSpecific":false},"transactionSequenceNumber":49,"commandIdentifier":11}]
[2026-09-13 15:14:14] debug: 	zh:ember:ezsp: ===> [FRAME: ID=52:"SEND_UNICAST" Seq=80 Len=26]
[2026-09-13 15:14:14] debug: 	zh:ember:uart:ash: ---> [FRAME type=DATA frmTx=0 frmRx=1](ackRx=0)
[2026-09-13 15:14:14] debug: 	z2m: Received Zigbee message from 'Nivelagua', type 'commandDataReport', cluster 'manuSpecificTuya', data '{"dpValues":[{"data":{"data":[0,0,0,38],"type":"Buffer"},"datatype":2,"dp":2}],"seq":65280}' from endpoint 1 with groupID 0
[2026-09-13 15:14:14] info: 	z2m:mqtt: MQTT publish: topic 'zigbee2mqtt/Nivelagua', payload '{"installation_height":0.75,"linkquality":136,"liquid_depth":0.38,"liquid_depth_max":0.28,"liquid_level_percent":81,"liquid_state":"high","max_set":80,"min_set":25}'
[2026-09-13 15:14:14] debug: 	zh:ember:uart:ash: <--- [FRAME type=DATA]
[2026-09-13 15:14:14] debug: 	zh:ember:uart:ash: <--- [FRAME type=DATA ackNum=1](ackRx=0 frmTx=1)
[2026-09-13 15:14:14] debug: 	zh:ember:uart:ash: <--- [FRAME type=DATA ackNum=1 frmNum=1](frmRx=1) Added to rxQueue
[2026-09-13 15:14:14] debug: 	zh:ember:uart:ash: ---> [FRAME type=ACK frmRx=2](ackRx=1)
[2026-09-13 15:14:14] debug: 	zh:ember:ezsp: <=== [FRAME: ID=52:"SEND_UNICAST" Seq=80 Len=7]
[2026-09-13 15:14:14] debug: 	zh:ember:ezsp: ~~~> [SENT type=DIRECT apsSequence=110 messageTag=43 status=OK]
[2026-09-13 15:14:14] debug: 	zh:ember:uart:ash: <--- [FRAME type=DATA]
[2026-09-13 15:14:14] debug: 	zh:ember:uart:ash: <--- [FRAME type=DATA ackNum=1](ackRx=1 frmTx=1)
[2026-09-13 15:14:14] debug: 	zh:ember:uart:ash: <--- [FRAME type=DATA ackNum=1 frmNum=2](frmRx=2) Added to rxQueue
[2026-09-13 15:14:14] debug: 	zh:ember:uart:ash: ---> [FRAME type=ACK frmRx=3](ackRx=1)
[2026-09-13 15:14:14] debug: 	zh:ember:ezsp: <=== [CBFRAME: ID=63:"MESSAGE_SENT_HANDLER" Seq=80 Len=22]
[2026-09-13 15:14:14] debug: 	zh:ember:ezsp: ezspMessageSentHandler: status=OK type=DIRECT indexOrDestination=3595 apsFrame={"profileId":260,"clusterId":61184,"sourceEndpoint":1,"destinationEndpoint":1,"options":4352,"groupId":0,"sequence":110} messageTag=43
[2026-09-13 15:14:14] debug: 	zh:ember:uart:ash: <--- [FRAME type=DATA]
[2026-09-13 15:14:14] debug: 	zh:ember:uart:ash: <--- [FRAME type=DATA ackNum=1](ackRx=1 frmTx=1)
[2026-09-13 15:14:14] debug: 	zh:ember:uart:ash: <--- [FRAME type=DATA ackNum=1 frmNum=3](frmRx=3) Added to rxQueue
[2026-09-13 15:14:14] debug: 	zh:ember:uart:ash: ---> [FRAME type=ACK frmRx=4](ackRx=1)
[2026-09-13 15:14:14] debug: 	zh:ember:ezsp: <=== [CBFRAME: ID=69:"INCOMING_MESSAGE_HANDLER" Seq=80 Len=38]
[2026-09-13 15:14:14] debug: 	zh:ember:ezsp: ezspIncomingMessageHandler: type=UNICAST apsFrame={"profileId":260,"clusterId":61184,"sourceEndpoint":1,"destinationEndpoint":1,"options":256,"groupId":0,"sequence":182} packetInfo:{"senderShortId":3595,"senderLongId":"0xffffffffffffffff","bindingIndex":255,"addressIndex":255,"lastHopLqi":136,"lastHopRssi":-66,"lastHopTimestamp":0} messageContents=09320200001602000400000051
[2026-09-13 15:14:14] debug: 	zh:controller: Received payload: clusterID=61184, address=3595, groupID=0, endpoint=1, destinationEndpoint=1, wasBroadcast=false, linkQuality=136, frame={"header":{"frameControl":{"frameType":1,"manufacturerSpecific":false,"direction":1,"disableDefaultResponse":false,"reservedBits":0},"transactionSequenceNumber":50,"commandIdentifier":2},"payload":{"seq":0,"dpValues":[{"dp":22,"datatype":2,"data":{"type":"Buffer","data":[0,0,0,81]}}]},"command":{"name":"dataReport","ID":2,"parameters":[{"name":"seq","type":33,"max":65535},{"name":"dpValues","type":1011}]}}
[2026-09-13 15:14:14] debug: 	zh:controller:endpoint: ZCL command 0x94b216fffef3cf25/1 manuSpecificTuya.defaultRsp({"cmdId":2,"statusCode":0}, {"timeout":10000,"disableResponse":false,"disableRecovery":false,"disableDefaultResponse":true,"direction":0,"reservedBits":0,"transactionSequenceNumber":50,"writeUndiv":false})
[2026-09-13 15:14:14] debug: 	zh:ember: ~~~> [ZCL to=0x94b216fffef3cf25:3595 apsFrame={"profileId":260,"clusterId":61184,"sourceEndpoint":1,"destinationEndpoint":1,"options":4352,"groupId":0,"sequence":0} header={"frameControl":{"reservedBits":0,"frameType":0,"direction":0,"disableDefaultResponse":true,"manufacturerSpecific":false},"transactionSequenceNumber":50,"commandIdentifier":11}]
[2026-09-13 15:14:14] debug: 	zh:ember:ezsp: ===> [FRAME: ID=52:"SEND_UNICAST" Seq=81 Len=26]
[2026-09-13 15:14:14] debug: 	zh:ember:uart:ash: ---> [FRAME type=DATA frmTx=1 frmRx=4](ackRx=1)
[2026-09-13 15:14:14] debug: 	z2m: Received Zigbee message from 'Nivelagua', type 'commandDataReport', cluster 'manuSpecificTuya', data '{"dpValues":[{"data":{"data":[0,0,0,81],"type":"Buffer"},"datatype":2,"dp":22}],"seq":0}' from endpoint 1 with groupID 0
[2026-09-13 15:14:14] info: 	z2m:mqtt: MQTT publish: topic 'zigbee2mqtt/Nivelagua', payload '{"installation_height":0.75,"linkquality":136,"liquid_depth":0.38,"liquid_depth_max":0.28,"liquid_level_percent":81,"liquid_state":"high","max_set":80,"min_set":25}'
[2026-09-13 15:14:14] debug: 	zh:ember:uart:ash: <--- [FRAME type=DATA]
[2026-09-13 15:14:14] debug: 	zh:ember:uart:ash: <--- [FRAME type=DATA ackNum=2](ackRx=1 frmTx=2)
[2026-09-13 15:14:14] debug: 	zh:ember:uart:ash: <--- [FRAME type=DATA ackNum=2 frmNum=4](frmRx=4) Added to rxQueue
[2026-09-13 15:14:14] debug: 	zh:ember:uart:ash: ---> [FRAME type=ACK frmRx=5](ackRx=2)
[2026-09-13 15:14:14] debug: 	zh:ember:ezsp: <=== [FRAME: ID=52:"SEND_UNICAST" Seq=81 Len=7]
[2026-09-13 15:14:14] debug: 	zh:ember:ezsp: ~~~> [SENT type=DIRECT apsSequence=111 messageTag=44 status=OK]
[2026-09-13 15:14:14] debug: 	zh:ember:uart:ash: <--- [FRAME type=DATA]
[2026-09-13 15:14:14] debug: 	zh:ember:uart:ash: <--- [FRAME type=DATA ackNum=2](ackRx=2 frmTx=2)
[2026-09-13 15:14:14] debug: 	zh:ember:uart:ash: <--- [FRAME type=DATA ackNum=2 frmNum=5](frmRx=5) Added to rxQueue
[2026-09-13 15:14:14] debug: 	zh:ember:uart:ash: ---> [FRAME type=ACK frmRx=6](ackRx=2)
[2026-09-13 15:14:14] debug: 	zh:ember:ezsp: <=== [CBFRAME: ID=63:"MESSAGE_SENT_HANDLER" Seq=81 Len=22]
[2026-09-13 15:14:14] debug: 	zh:ember:ezsp: ezspMessageSentHandler: status=OK type=DIRECT indexOrDestination=3595 apsFrame={"profileId":260,"clusterId":61184,"sourceEndpoint":1,"destinationEndpoint":1,"options":4352,"groupId":0,"sequence":111} messageTag=44
[2026-09-13 15:14:15] debug: 	zh:ember:uart:ash: <--- [FRAME type=DATA]
[2026-09-13 15:14:15] debug: 	zh:ember:uart:ash: <--- [FRAME type=DATA ackNum=2](ackRx=2 frmTx=2)
[2026-09-13 15:14:15] debug: 	zh:ember:uart:ash: <--- [FRAME type=DATA ackNum=2 frmNum=6](frmRx=6) Added to rxQueue
[2026-09-13 15:14:15] debug: 	zh:ember:uart:ash: ---> [FRAME type=ACK frmRx=7](ackRx=2)
[2026-09-13 15:14:15] debug: 	zh:ember:ezsp: <=== [CBFRAME: ID=69:"INCOMING_MESSAGE_HANDLER" Seq=81 Len=35]
[2026-09-13 15:14:15] debug: 	zh:ember:ezsp: ezspIncomingMessageHandler: type=UNICAST apsFrame={"profileId":260,"clusterId":61184,"sourceEndpoint":1,"destinationEndpoint":1,"options":256,"groupId":0,"sequence":183} packetInfo:{"senderShortId":3595,"senderLongId":"0xffffffffffffffff","bindingIndex":255,"addressIndex":255,"lastHopLqi":136,"lastHopRssi":-66,"lastHopTimestamp":0} messageContents=09330200010104000102
[2026-09-13 15:14:15] debug: 	zh:controller: Received payload: clusterID=61184, address=3595, groupID=0, endpoint=1, destinationEndpoint=1, wasBroadcast=false, linkQuality=136, frame={"header":{"frameControl":{"frameType":1,"manufacturerSpecific":false,"direction":1,"disableDefaultResponse":false,"reservedBits":0},"transactionSequenceNumber":51,"commandIdentifier":2},"payload":{"seq":256,"dpValues":[{"dp":1,"datatype":4,"data":{"type":"Buffer","data":[2]}}]},"command":{"name":"dataReport","ID":2,"parameters":[{"name":"seq","type":33,"max":65535},{"name":"dpValues","type":1011}]}}
[2026-09-13 15:14:15] debug: 	zh:controller:endpoint: ZCL command 0x94b216fffef3cf25/1 manuSpecificTuya.defaultRsp({"cmdId":2,"statusCode":0}, {"timeout":10000,"disableResponse":false,"disableRecovery":false,"disableDefaultResponse":true,"direction":0,"reservedBits":0,"transactionSequenceNumber":51,"writeUndiv":false})
[2026-09-13 15:14:15] debug: 	zh:ember: ~~~> [ZCL to=0x94b216fffef3cf25:3595 apsFrame={"profileId":260,"clusterId":61184,"sourceEndpoint":1,"destinationEndpoint":1,"options":4352,"groupId":0,"sequence":0} header={"frameControl":{"reservedBits":0,"frameType":0,"direction":0,"disableDefaultResponse":true,"manufacturerSpecific":false},"transactionSequenceNumber":51,"commandIdentifier":11}]
[2026-09-13 15:14:15] debug: 	zh:ember:ezsp: ===> [FRAME: ID=52:"SEND_UNICAST" Seq=82 Len=26]
[2026-09-13 15:14:15] debug: 	zh:ember:uart:ash: ---> [FRAME type=DATA frmTx=2 frmRx=7](ackRx=2)
[2026-09-13 15:14:15] debug: 	z2m: Received Zigbee message from 'Nivelagua', type 'commandDataReport', cluster 'manuSpecificTuya', data '{"dpValues":[{"data":{"data":[2],"type":"Buffer"},"datatype":4,"dp":1}],"seq":256}' from endpoint 1 with groupID 0
[2026-09-13 15:14:15] info: 	z2m:mqtt: MQTT publish: topic 'zigbee2mqtt/Nivelagua', payload '{"installation_height":0.75,"linkquality":136,"liquid_depth":0.38,"liquid_depth_max":0.28,"liquid_level_percent":81,"liquid_state":"high","max_set":80,"min_set":25}'
[2026-09-13 15:14:15] debug: 	zh:ember:uart:ash: <--- [FRAME type=DATA]
[2026-09-13 15:14:15] debug: 	zh:ember:uart:ash: <--- [FRAME type=DATA ackNum=3](ackRx=2 frmTx=3)
[2026-09-13 15:14:15] debug: 	zh:ember:uart:ash: <--- [FRAME type=DATA ackNum=3 frmNum=7](frmRx=7) Added to rxQueue
[2026-09-13 15:14:15] debug: 	zh:ember:uart:ash: ---> [FRAME type=ACK frmRx=0](ackRx=3)
[2026-09-13 15:14:15] debug: 	zh:ember:ezsp: <=== [FRAME: ID=52:"SEND_UNICAST" Seq=82 Len=7]
[2026-09-13 15:14:15] debug: 	zh:ember:ezsp: ~~~> [SENT type=DIRECT apsSequence=112 messageTag=45 status=OK]
[2026-09-13 15:14:15] debug: 	zh:ember:uart:ash: <--- [FRAME type=DATA]
[2026-09-13 15:14:15] debug: 	zh:ember:uart:ash: <--- [FRAME type=DATA ackNum=3](ackRx=3 frmTx=3)
[2026-09-13 15:14:15] debug: 	zh:ember:uart:ash: <--- [FRAME type=DATA ackNum=3 frmNum=0](frmRx=0) Added to rxQueue
[2026-09-13 15:14:15] debug: 	zh:ember:uart:ash: ---> [FRAME type=ACK frmRx=1](ackRx=3)
[2026-09-13 15:14:15] debug: 	zh:ember:ezsp: <=== [CBFRAME: ID=63:"MESSAGE_SENT_HANDLER" Seq=82 Len=22]
[2026-09-13 15:14:15] debug: 	zh:ember:ezsp: ezspMessageSentHandler: status=OK type=DIRECT indexOrDestination=3595 apsFrame={"profileId":260,"clusterId":61184,"sourceEndpoint":1,"destinationEndpoint":1,"options":4352,"groupId":0,"sequence":112} messageTag=45
[2026-09-13 15:14:15] debug: 	zh:ember:uart:ash: <--- [FRAME type=DATA]
[2026-09-13 15:14:15] debug: 	zh:ember:uart:ash: <--- [FRAME type=DATA ackNum=3](ackRx=3 frmTx=3)
[2026-09-13 15:14:15] debug: 	zh:ember:uart:ash: <--- [FRAME type=DATA ackNum=3 frmNum=1](frmRx=1) Added to rxQueue
[2026-09-13 15:14:15] debug: 	zh:ember:uart:ash: ---> [FRAME type=ACK frmRx=2](ackRx=3)
[2026-09-13 15:14:15] debug: 	zh:ember:ezsp: <=== [CBFRAME: ID=69:"INCOMING_MESSAGE_HANDLER" Seq=82 Len=38]
[2026-09-13 15:14:15] debug: 	zh:ember:ezsp: ezspIncomingMessageHandler: type=UNICAST apsFrame={"profileId":260,"clusterId":61184,"sourceEndpoint":1,"destinationEndpoint":1,"options":256,"groupId":0,"sequence":184} packetInfo:{"senderShortId":3595,"senderLongId":"0xffffffffffffffff","bindingIndex":255,"addressIndex":255,"lastHopLqi":136,"lastHopRssi":-66,"lastHopTimestamp":0} messageContents=09340200020202000400000026
[2026-09-13 15:14:15] debug: 	zh:controller: Received payload: clusterID=61184, address=3595, groupID=0, endpoint=1, destinationEndpoint=1, wasBroadcast=false, linkQuality=136, frame={"header":{"frameControl":{"frameType":1,"manufacturerSpecific":false,"direction":1,"disableDefaultResponse":false,"reservedBits":0},"transactionSequenceNumber":52,"commandIdentifier":2},"payload":{"seq":512,"dpValues":[{"dp":2,"datatype":2,"data":{"type":"Buffer","data":[0,0,0,38]}}]},"command":{"name":"dataReport","ID":2,"parameters":[{"name":"seq","type":33,"max":65535},{"name":"dpValues","type":1011}]}}
[2026-09-13 15:14:15] debug: 	zh:controller:endpoint: ZCL command 0x94b216fffef3cf25/1 manuSpecificTuya.defaultRsp({"cmdId":2,"statusCode":0}, {"timeout":10000,"disableResponse":false,"disableRecovery":false,"disableDefaultResponse":true,"direction":0,"reservedBits":0,"transactionSequenceNumber":52,"writeUndiv":false})
[2026-09-13 15:14:15] debug: 	zh:ember: ~~~> [ZCL to=0x94b216fffef3cf25:3595 apsFrame={"profileId":260,"clusterId":61184,"sourceEndpoint":1,"destinationEndpoint":1,"options":4352,"groupId":0,"sequence":0} header={"frameControl":{"reservedBits":0,"frameType":0,"direction":0,"disableDefaultResponse":true,"manufacturerSpecific":false},"transactionSequenceNumber":52,"commandIdentifier":11}]
[2026-09-13 15:14:15] debug: 	zh:ember:ezsp: ===> [FRAME: ID=52:"SEND_UNICAST" Seq=83 Len=26]
[2026-09-13 15:14:15] debug: 	zh:ember:uart:ash: ---> [FRAME type=DATA frmTx=3 frmRx=2](ackRx=3)
[2026-09-13 15:14:15] debug: 	z2m: Received Zigbee message from 'Nivelagua', type 'commandDataReport', cluster 'manuSpecificTuya', data '{"dpValues":[{"data":{"data":[0,0,0,38],"type":"Buffer"},"datatype":2,"dp":2}],"seq":512}' from endpoint 1 with groupID 0
[2026-09-13 15:14:15] info: 	z2m:mqtt: MQTT publish: topic 'zigbee2mqtt/Nivelagua', payload '{"installation_height":0.75,"linkquality":136,"liquid_depth":0.38,"liquid_depth_max":0.28,"liquid_level_percent":81,"liquid_state":"high","max_set":80,"min_set":25}'
[2026-09-13 15:14:15] debug: 	zh:ember:uart:ash: <--- [FRAME type=DATA]
[2026-09-13 15:14:15] debug: 	zh:ember:uart:ash: <--- [FRAME type=DATA ackNum=4](ackRx=3 frmTx=4)
[2026-09-13 15:14:15] debug: 	zh:ember:uart:ash: <--- [FRAME type=DATA ackNum=4 frmNum=2](frmRx=2) Added to rxQueue
[2026-09-13 15:14:15] debug: 	zh:ember:uart:ash: ---> [FRAME type=ACK frmRx=3](ackRx=4)
[2026-09-13 15:14:15] debug: 	zh:ember:ezsp: <=== [FRAME: ID=52:"SEND_UNICAST" Seq=83 Len=7]
[2026-09-13 15:14:15] debug: 	zh:ember:ezsp: ~~~> [SENT type=DIRECT apsSequence=113 messageTag=46 status=OK]
[2026-09-13 15:14:15] debug: 	zh:ember:uart:ash: <--- [FRAME type=DATA]
[2026-09-13 15:14:15] debug: 	zh:ember:uart:ash: <--- [FRAME type=DATA ackNum=4](ackRx=4 frmTx=4)
[2026-09-13 15:14:15] debug: 	zh:ember:uart:ash: <--- [FRAME type=DATA ackNum=4 frmNum=3](frmRx=3) Added to rxQueue
[2026-09-13 15:14:15] debug: 	zh:ember:uart:ash: ---> [FRAME type=ACK frmRx=4](ackRx=4)
[2026-09-13 15:14:15] debug: 	zh:ember:ezsp: <=== [CBFRAME: ID=63:"MESSAGE_SENT_HANDLER" Seq=83 Len=22]
[2026-09-13 15:14:15] debug: 	zh:ember:ezsp: ezspMessageSentHandler: status=OK type=DIRECT indexOrDestination=3595 apsFrame={"profileId":260,"clusterId":61184,"sourceEndpoint":1,"destinationEndpoint":1,"options":4352,"groupId":0,"sequence":113} messageTag=46
[2026-09-13 15:14:15] debug: 	zh:ember:uart:ash: <--- [FRAME type=DATA]
[2026-09-13 15:14:15] debug: 	zh:ember:uart:ash: <--- [FRAME type=DATA ackNum=4](ackRx=4 frmTx=4)
[2026-09-13 15:14:15] debug: 	zh:ember:uart:ash: <--- [FRAME type=DATA ackNum=4 frmNum=4](frmRx=4) Added to rxQueue
[2026-09-13 15:14:15] debug: 	zh:ember:uart:ash: ---> [FRAME type=ACK frmRx=5](ackRx=4)
[2026-09-13 15:14:15] debug: 	zh:ember:ezsp: <=== [CBFRAME: ID=69:"INCOMING_MESSAGE_HANDLER" Seq=83 Len=38]
[2026-09-13 15:14:15] debug: 	zh:ember:ezsp: ezspIncomingMessageHandler: type=UNICAST apsFrame={"profileId":260,"clusterId":61184,"sourceEndpoint":1,"destinationEndpoint":1,"options":256,"groupId":0,"sequence":185} packetInfo:{"senderShortId":3595,"senderLongId":"0xffffffffffffffff","bindingIndex":255,"addressIndex":255,"lastHopLqi":136,"lastHopRssi":-66,"lastHopTimestamp":0} messageContents=09350200031602000400000051
[2026-09-13 15:14:15] debug: 	zh:controller: Received payload: clusterID=61184, address=3595, groupID=0, endpoint=1, destinationEndpoint=1, wasBroadcast=false, linkQuality=136, frame={"header":{"frameControl":{"frameType":1,"manufacturerSpecific":false,"direction":1,"disableDefaultResponse":false,"reservedBits":0},"transactionSequenceNumber":53,"commandIdentifier":2},"payload":{"seq":768,"dpValues":[{"dp":22,"datatype":2,"data":{"type":"Buffer","data":[0,0,0,81]}}]},"command":{"name":"dataReport","ID":2,"parameters":[{"name":"seq","type":33,"max":65535},{"name":"dpValues","type":1011}]}}
[2026-09-13 15:14:15] debug: 	zh:controller:endpoint: ZCL command 0x94b216fffef3cf25/1 manuSpecificTuya.defaultRsp({"cmdId":2,"statusCode":0}, {"timeout":10000,"disableResponse":false,"disableRecovery":false,"disableDefaultResponse":true,"direction":0,"reservedBits":0,"transactionSequenceNumber":53,"writeUndiv":false})
[2026-09-13 15:14:15] debug: 	zh:ember: ~~~> [ZCL to=0x94b216fffef3cf25:3595 apsFrame={"profileId":260,"clusterId":61184,"sourceEndpoint":1,"destinationEndpoint":1,"options":4352,"groupId":0,"sequence":0} header={"frameControl":{"reservedBits":0,"frameType":0,"direction":0,"disableDefaultResponse":true,"manufacturerSpecific":false},"transactionSequenceNumber":53,"commandIdentifier":11}]
[2026-09-13 15:14:15] debug: 	zh:ember:ezsp: ===> [FRAME: ID=52:"SEND_UNICAST" Seq=84 Len=26]
[2026-09-13 15:14:15] debug: 	zh:ember:uart:ash: ---> [FRAME type=DATA frmTx=4 frmRx=5](ackRx=4)
[2026-09-13 15:14:15] debug: 	z2m: Received Zigbee message from 'Nivelagua', type 'commandDataReport', cluster 'manuSpecificTuya', data '{"dpValues":[{"data":{"data":[0,0,0,81],"type":"Buffer"},"datatype":2,"dp":22}],"seq":768}' from endpoint 1 with groupID 0
[2026-09-13 15:14:15] info: 	z2m:mqtt: MQTT publish: topic 'zigbee2mqtt/Nivelagua', payload '{"installation_height":0.75,"linkquality":136,"liquid_depth":0.38,"liquid_depth_max":0.28,"liquid_level_percent":81,"liquid_state":"high","max_set":80,"min_set":25}'
[2026-09-13 15:14:15] debug: 	zh:ember:uart:ash: <--- [FRAME type=DATA]
[2026-09-13 15:14:15] debug: 	zh:ember:uart:ash: <--- [FRAME type=DATA ackNum=5](ackRx=4 frmTx=5)
[2026-09-13 15:14:15] debug: 	zh:ember:uart:ash: <--- [FRAME type=DATA ackNum=5 frmNum=5](frmRx=5) Added to rxQueue
[2026-09-13 15:14:15] debug: 	zh:ember:uart:ash: ---> [FRAME type=ACK frmRx=6](ackRx=5)
[2026-09-13 15:14:15] debug: 	zh:ember:ezsp: <=== [FRAME: ID=52:"SEND_UNICAST" Seq=84 Len=7]
[2026-09-13 15:14:15] debug: 	zh:ember:ezsp: ~~~> [SENT type=DIRECT apsSequence=114 messageTag=47 status=OK]
[2026-09-13 15:14:15] debug: 	zh:ember:uart:ash: <--- [FRAME type=DATA]
[2026-09-13 15:14:15] debug: 	zh:ember:uart:ash: <--- [FRAME type=DATA ackNum=5](ackRx=5 frmTx=5)
[2026-09-13 15:14:15] debug: 	zh:ember:uart:ash: <--- [FRAME type=DATA ackNum=5 frmNum=6](frmRx=6) Added to rxQueue
[2026-09-13 15:14:15] debug: 	zh:ember:uart:ash: ---> [FRAME type=ACK frmRx=7](ackRx=5)
[2026-09-13 15:14:15] debug: 	zh:ember:ezsp: <=== [CBFRAME: ID=63:"MESSAGE_SENT_HANDLER" Seq=84 Len=22]
[2026-09-13 15:14:15] debug: 	zh:ember:ezsp: ezspMessageSentHandler: status=OK type=DIRECT indexOrDestination=3595 apsFrame={"profileId":260,"clusterId":61184,"sourceEndpoint":1,"destinationEndpoint":1,"options":4352,"groupId":0,"sequence":114} messageTag=47
[2026-09-13 15:14:16] debug: 	zh:ember:uart:ash: <--- [FRAME type=DATA]
[2026-09-13 15:14:16] debug: 	zh:ember:uart:ash: <--- [FRAME type=DATA ackNum=5](ackRx=5 frmTx=5)
[2026-09-13 15:14:16] debug: 	zh:ember:uart:ash: <--- [FRAME type=DATA ackNum=5 frmNum=7](frmRx=7) Added to rxQueue
[2026-09-13 15:14:16] debug: 	zh:ember:uart:ash: ---> [FRAME type=ACK frmRx=0](ackRx=5)
[2026-09-13 15:14:16] debug: 	zh:ember:ezsp: <=== [CBFRAME: ID=69:"INCOMING_MESSAGE_HANDLER" Seq=84 Len=35]
[2026-09-13 15:14:16] debug: 	zh:ember:ezsp: ezspIncomingMessageHandler: type=UNICAST apsFrame={"profileId":260,"clusterId":61184,"sourceEndpoint":1,"destinationEndpoint":1,"options":256,"groupId":0,"sequence":186} packetInfo:{"senderShortId":3595,"senderLongId":"0xffffffffffffffff","bindingIndex":255,"addressIndex":255,"lastHopLqi":136,"lastHopRssi":-66,"lastHopTimestamp":0} messageContents=09360200040104000102
[2026-09-13 15:14:16] debug: 	zh:controller: Received payload: clusterID=61184, address=3595, groupID=0, endpoint=1, destinationEndpoint=1, wasBroadcast=false, linkQuality=136, frame={"header":{"frameControl":{"frameType":1,"manufacturerSpecific":false,"direction":1,"disableDefaultResponse":false,"reservedBits":0},"transactionSequenceNumber":54,"commandIdentifier":2},"payload":{"seq":1024,"dpValues":[{"dp":1,"datatype":4,"data":{"type":"Buffer","data":[2]}}]},"command":{"name":"dataReport","ID":2,"parameters":[{"name":"seq","type":33,"max":65535},{"name":"dpValues","type":1011}]}}
[2026-09-13 15:14:16] debug: 	zh:controller:endpoint: ZCL command 0x94b216fffef3cf25/1 manuSpecificTuya.defaultRsp({"cmdId":2,"statusCode":0}, {"timeout":10000,"disableResponse":false,"disableRecovery":false,"disableDefaultResponse":true,"direction":0,"reservedBits":0,"transactionSequenceNumber":54,"writeUndiv":false})
[2026-09-13 15:14:16] debug: 	zh:ember: ~~~> [ZCL to=0x94b216fffef3cf25:3595 apsFrame={"profileId":260,"clusterId":61184,"sourceEndpoint":1,"destinationEndpoint":1,"options":4352,"groupId":0,"sequence":0} header={"frameControl":{"reservedBits":0,"frameType":0,"direction":0,"disableDefaultResponse":true,"manufacturerSpecific":false},"transactionSequenceNumber":54,"commandIdentifier":11}]
[2026-09-13 15:14:16] debug: 	zh:ember:ezsp: ===> [FRAME: ID=52:"SEND_UNICAST" Seq=85 Len=26]
[2026-09-13 15:14:16] debug: 	zh:ember:uart:ash: ---> [FRAME type=DATA frmTx=5 frmRx=0](ackRx=5)
[2026-09-13 15:14:16] debug: 	z2m: Received Zigbee message from 'Nivelagua', type 'commandDataReport', cluster 'manuSpecificTuya', data '{"dpValues":[{"data":{"data":[2],"type":"Buffer"},"datatype":4,"dp":1}],"seq":1024}' from endpoint 1 with groupID 0
[2026-09-13 15:14:16] info: 	z2m:mqtt: MQTT publish: topic 'zigbee2mqtt/Nivelagua', payload '{"installation_height":0.75,"linkquality":136,"liquid_depth":0.38,"liquid_depth_max":0.28,"liquid_level_percent":81,"liquid_state":"high","max_set":80,"min_set":25}'
[2026-09-13 15:14:16] debug: 	zh:ember:uart:ash: <--- [FRAME type=DATA]
[2026-09-13 15:14:16] debug: 	zh:ember:uart:ash: <--- [FRAME type=DATA ackNum=6](ackRx=5 frmTx=6)
[2026-09-13 15:14:16] debug: 	zh:ember:uart:ash: <--- [FRAME type=DATA ackNum=6 frmNum=0](frmRx=0) Added to rxQueue
[2026-09-13 15:14:16] debug: 	zh:ember:uart:ash: ---> [FRAME type=ACK frmRx=1](ackRx=6)
[2026-09-13 15:14:16] debug: 	zh:ember:ezsp: <=== [FRAME: ID=52:"SEND_UNICAST" Seq=85 Len=7]
[2026-09-13 15:14:16] debug: 	zh:ember:ezsp: ~~~> [SENT type=DIRECT apsSequence=115 messageTag=48 status=OK]
[2026-09-13 15:14:16] debug: 	zh:ember:uart:ash: <--- [FRAME type=DATA]
[2026-09-13 15:14:16] debug: 	zh:ember:uart:ash: <--- [FRAME type=DATA ackNum=6](ackRx=6 frmTx=6)
[2026-09-13 15:14:16] debug: 	zh:ember:uart:ash: <--- [FRAME type=DATA ackNum=6 frmNum=1](frmRx=1) Added to rxQueue
[2026-09-13 15:14:16] debug: 	zh:ember:uart:ash: ---> [FRAME type=ACK frmRx=2](ackRx=6)
[2026-09-13 15:14:16] debug: 	zh:ember:ezsp: <=== [CBFRAME: ID=63:"MESSAGE_SENT_HANDLER" Seq=85 Len=22]
[2026-09-13 15:14:16] debug: 	zh:ember:ezsp: ezspMessageSentHandler: status=OK type=DIRECT indexOrDestination=3595 apsFrame={"profileId":260,"clusterId":61184,"sourceEndpoint":1,"destinationEndpoint":1,"options":4352,"groupId":0,"sequence":115} messageTag=48
[2026-09-13 15:14:16] debug: 	zh:ember:uart:ash: <--- [FRAME type=DATA]
[2026-09-13 15:14:16] debug: 	zh:ember:uart:ash: <--- [FRAME type=DATA ackNum=6](ackRx=6 frmTx=6)
[2026-09-13 15:14:16] debug: 	zh:ember:uart:ash: <--- [FRAME type=DATA ackNum=6 frmNum=2](frmRx=2) Added to rxQueue
[2026-09-13 15:14:16] debug: 	zh:ember:uart:ash: ---> [FRAME type=ACK frmRx=3](ackRx=6)
[2026-09-13 15:14:16] debug: 	zh:ember:ezsp: <=== [CBFRAME: ID=69:"INCOMING_MESSAGE_HANDLER" Seq=85 Len=38]
[2026-09-13 15:14:16] debug: 	zh:ember:ezsp: ezspIncomingMessageHandler: type=UNICAST apsFrame={"profileId":260,"clusterId":61184,"sourceEndpoint":1,"destinationEndpoint":1,"options":256,"groupId":0,"sequence":187} packetInfo:{"senderShortId":3595,"senderLongId":"0xffffffffffffffff","bindingIndex":255,"addressIndex":255,"lastHopLqi":136,"lastHopRssi":-66,"lastHopTimestamp":0} messageContents=09370200050202000400000026
[2026-09-13 15:14:16] debug: 	zh:controller: Received payload: clusterID=61184, address=3595, groupID=0, endpoint=1, destinationEndpoint=1, wasBroadcast=false, linkQuality=136, frame={"header":{"frameControl":{"frameType":1,"manufacturerSpecific":false,"direction":1,"disableDefaultResponse":false,"reservedBits":0},"transactionSequenceNumber":55,"commandIdentifier":2},"payload":{"seq":1280,"dpValues":[{"dp":2,"datatype":2,"data":{"type":"Buffer","data":[0,0,0,38]}}]},"command":{"name":"dataReport","ID":2,"parameters":[{"name":"seq","type":33,"max":65535},{"name":"dpValues","type":1011}]}}
[2026-09-13 15:14:16] debug: 	zh:controller:endpoint: ZCL command 0x94b216fffef3cf25/1 manuSpecificTuya.defaultRsp({"cmdId":2,"statusCode":0}, {"timeout":10000,"disableResponse":false,"disableRecovery":false,"disableDefaultResponse":true,"direction":0,"reservedBits":0,"transactionSequenceNumber":55,"writeUndiv":false})
[2026-09-13 15:14:16] debug: 	zh:ember: ~~~> [ZCL to=0x94b216fffef3cf25:3595 apsFrame={"profileId":260,"clusterId":61184,"sourceEndpoint":1,"destinationEndpoint":1,"options":4352,"groupId":0,"sequence":0} header={"frameControl":{"reservedBits":0,"frameType":0,"direction":0,"disableDefaultResponse":true,"manufacturerSpecific":false},"transactionSequenceNumber":55,"commandIdentifier":11}]
[2026-09-13 15:14:16] debug: 	zh:ember:ezsp: ===> [FRAME: ID=52:"SEND_UNICAST" Seq=86 Len=26]
[2026-09-13 15:14:16] debug: 	zh:ember:uart:ash: ---> [FRAME type=DATA frmTx=6 frmRx=3](ackRx=6)
[2026-09-13 15:14:16] debug: 	z2m: Received Zigbee message from 'Nivelagua', type 'commandDataReport', cluster 'manuSpecificTuya', data '{"dpValues":[{"data":{"data":[0,0,0,38],"type":"Buffer"},"datatype":2,"dp":2}],"seq":1280}' from endpoint 1 with groupID 0
[2026-09-13 15:14:16] info: 	z2m:mqtt: MQTT publish: topic 'zigbee2mqtt/Nivelagua', payload '{"installation_height":0.75,"linkquality":136,"liquid_depth":0.38,"liquid_depth_max":0.28,"liquid_level_percent":81,"liquid_state":"high","max_set":80,"min_set":25}'
[2026-09-13 15:14:16] debug: 	zh:ember:uart:ash: <--- [FRAME type=DATA]
[2026-09-13 15:14:16] debug: 	zh:ember:uart:ash: <--- [FRAME type=DATA ackNum=7](ackRx=6 frmTx=7)
[2026-09-13 15:14:16] debug: 	zh:ember:uart:ash: <--- [FRAME type=DATA ackNum=7 frmNum=3](frmRx=3) Added to rxQueue
[2026-09-13 15:14:16] debug: 	zh:ember:uart:ash: ---> [FRAME type=ACK frmRx=4](ackRx=7)
[2026-09-13 15:14:16] debug: 	zh:ember:ezsp: <=== [FRAME: ID=52:"SEND_UNICAST" Seq=86 Len=7]
[2026-09-13 15:14:16] debug: 	zh:ember:ezsp: ~~~> [SENT type=DIRECT apsSequence=116 messageTag=49 status=OK]
[2026-09-13 15:14:16] debug: 	zh:ember:uart:ash: <--- [FRAME type=DATA]
[2026-09-13 15:14:16] debug: 	zh:ember:uart:ash: <--- [FRAME type=DATA ackNum=7](ackRx=7 frmTx=7)
[2026-09-13 15:14:16] debug: 	zh:ember:uart:ash: <--- [FRAME type=DATA ackNum=7 frmNum=4](frmRx=4) Added to rxQueue
[2026-09-13 15:14:16] debug: 	zh:ember:uart:ash: ---> [FRAME type=ACK frmRx=5](ackRx=7)
[2026-09-13 15:14:16] debug: 	zh:ember:ezsp: <=== [CBFRAME: ID=63:"MESSAGE_SENT_HANDLER" Seq=86 Len=22]
[2026-09-13 15:14:16] debug: 	zh:ember:ezsp: ezspMessageSentHandler: status=OK type=DIRECT indexOrDestination=3595 apsFrame={"profileId":260,"clusterId":61184,"sourceEndpoint":1,"destinationEndpoint":1,"options":4352,"groupId":0,"sequence":116} messageTag=49
[2026-09-13 15:14:16] debug: 	zh:ember:uart:ash: <--- [FRAME type=DATA]
[2026-09-13 15:14:16] debug: 	zh:ember:uart:ash: <--- [FRAME type=DATA ackNum=7](ackRx=7 frmTx=7)
[2026-09-13 15:14:16] debug: 	zh:ember:uart:ash: <--- [FRAME type=DATA ackNum=7 frmNum=5](frmRx=5) Added to rxQueue
[2026-09-13 15:14:16] debug: 	zh:ember:uart:ash: ---> [FRAME type=ACK frmRx=6](ackRx=7)
[2026-09-13 15:14:16] debug: 	zh:ember:ezsp: <=== [CBFRAME: ID=69:"INCOMING_MESSAGE_HANDLER" Seq=86 Len=38]
[2026-09-13 15:14:16] debug: 	zh:ember:ezsp: ezspIncomingMessageHandler: type=UNICAST apsFrame={"profileId":260,"clusterId":61184,"sourceEndpoint":1,"destinationEndpoint":1,"options":256,"groupId":0,"sequence":188} packetInfo:{"senderShortId":3595,"senderLongId":"0xffffffffffffffff","bindingIndex":255,"addressIndex":255,"lastHopLqi":136,"lastHopRssi":-66,"lastHopTimestamp":0} messageContents=09380200061602000400000051
[2026-09-13 15:14:16] debug: 	zh:controller: Received payload: clusterID=61184, address=3595, groupID=0, endpoint=1, destinationEndpoint=1, wasBroadcast=false, linkQuality=136, frame={"header":{"frameControl":{"frameType":1,"manufacturerSpecific":false,"direction":1,"disableDefaultResponse":false,"reservedBits":0},"transactionSequenceNumber":56,"commandIdentifier":2},"payload":{"seq":1536,"dpValues":[{"dp":22,"datatype":2,"data":{"type":"Buffer","data":[0,0,0,81]}}]},"command":{"name":"dataReport","ID":2,"parameters":[{"name":"seq","type":33,"max":65535},{"name":"dpValues","type":1011}]}}
[2026-09-13 15:14:16] debug: 	zh:controller:endpoint: ZCL command 0x94b216fffef3cf25/1 manuSpecificTuya.defaultRsp({"cmdId":2,"statusCode":0}, {"timeout":10000,"disableResponse":false,"disableRecovery":false,"disableDefaultResponse":true,"direction":0,"reservedBits":0,"transactionSequenceNumber":56,"writeUndiv":false})
[2026-09-13 15:14:16] debug: 	zh:ember: ~~~> [ZCL to=0x94b216fffef3cf25:3595 apsFrame={"profileId":260,"clusterId":61184,"sourceEndpoint":1,"destinationEndpoint":1,"options":4352,"groupId":0,"sequence":0} header={"frameControl":{"reservedBits":0,"frameType":0,"direction":0,"disableDefaultResponse":true,"manufacturerSpecific":false},"transactionSequenceNumber":56,"commandIdentifier":11}]
[2026-09-13 15:14:16] debug: 	zh:ember:ezsp: ===> [FRAME: ID=52:"SEND_UNICAST" Seq=87 Len=26]
[2026-09-13 15:14:16] debug: 	zh:ember:uart:ash: ---> [FRAME type=DATA frmTx=7 frmRx=6](ackRx=7)
[2026-09-13 15:14:16] debug: 	z2m: Received Zigbee message from 'Nivelagua', type 'commandDataReport', cluster 'manuSpecificTuya', data '{"dpValues":[{"data":{"data":[0,0,0,81],"type":"Buffer"},"datatype":2,"dp":22}],"seq":1536}' from endpoint 1 with groupID 0
[2026-09-13 15:14:16] info: 	z2m:mqtt: MQTT publish: topic 'zigbee2mqtt/Nivelagua', payload '{"installation_height":0.75,"linkquality":136,"liquid_depth":0.38,"liquid_depth_max":0.28,"liquid_level_percent":81,"liquid_state":"high","max_set":80,"min_set":25}'
[2026-09-13 15:14:16] debug: 	zh:ember:uart:ash: <--- [FRAME type=DATA]
[2026-09-13 15:14:16] debug: 	zh:ember:uart:ash: <--- [FRAME type=DATA ackNum=0](ackRx=7 frmTx=0)
[2026-09-13 15:14:16] debug: 	zh:ember:uart:ash: <--- [FRAME type=DATA ackNum=0 frmNum=6](frmRx=6) Added to rxQueue
[2026-09-13 15:14:16] debug: 	zh:ember:uart:ash: ---> [FRAME type=ACK frmRx=7](ackRx=0)
[2026-09-13 15:14:16] debug: 	zh:ember:ezsp: <=== [FRAME: ID=52:"SEND_UNICAST" Seq=87 Len=7]
[2026-09-13 15:14:16] debug: 	zh:ember:ezsp: ~~~> [SENT type=DIRECT apsSequence=117 messageTag=50 status=OK]
[2026-09-13 15:14:16] debug: 	zh:ember:uart:ash: <--- [FRAME type=DATA]
[2026-09-13 15:14:16] debug: 	zh:ember:uart:ash: <--- [FRAME type=DATA ackNum=0](ackRx=0 frmTx=0)
[2026-09-13 15:14:16] debug: 	zh:ember:uart:ash: <--- [FRAME type=DATA ackNum=0 frmNum=7](frmRx=7) Added to rxQueue
[2026-09-13 15:14:16] debug: 	zh:ember:uart:ash: ---> [FRAME type=ACK frmRx=0](ackRx=0)
[2026-09-13 15:14:16] debug: 	zh:ember:ezsp: <=== [CBFRAME: ID=63:"MESSAGE_SENT_HANDLER" Seq=87 Len=22]
[2026-09-13 15:14:16] debug: 	zh:ember:ezsp: ezspMessageSentHandler: status=OK type=DIRECT indexOrDestination=3595 apsFrame={"profileId":260,"clusterId":61184,"sourceEndpoint":1,"destinationEndpoint":1,"options":4352,"groupId":0,"sequence":117} messageTag=50
[2026-09-13 15:14:17] debug: 	zh:ember:uart:ash: <--- [FRAME type=DATA]
[2026-09-13 15:14:17] debug: 	zh:ember:uart:ash: <--- [FRAME type=DATA ackNum=0](ackRx=0 frmTx=0)
[2026-09-13 15:14:17] debug: 	zh:ember:uart:ash: <--- [FRAME type=DATA ackNum=0 frmNum=0](frmRx=0) Added to rxQueue
[2026-09-13 15:14:17] debug: 	zh:ember:uart:ash: ---> [FRAME type=ACK frmRx=1](ackRx=0)
[2026-09-13 15:14:17] debug: 	zh:ember:ezsp: <=== [CBFRAME: ID=69:"INCOMING_MESSAGE_HANDLER" Seq=87 Len=35]
[2026-09-13 15:14:17] debug: 	zh:ember:ezsp: ezspIncomingMessageHandler: type=UNICAST apsFrame={"profileId":260,"clusterId":61184,"sourceEndpoint":1,"destinationEndpoint":1,"options":256,"groupId":0,"sequence":189} packetInfo:{"senderShortId":3595,"senderLongId":"0xffffffffffffffff","bindingIndex":255,"addressIndex":255,"lastHopLqi":136,"lastHopRssi":-66,"lastHopTimestamp":0} messageContents=09390200070104000102
[2026-09-13 15:14:17] debug: 	zh:controller: Received payload: clusterID=61184, address=3595, groupID=0, endpoint=1, destinationEndpoint=1, wasBroadcast=false, linkQuality=136, frame={"header":{"frameControl":{"frameType":1,"manufacturerSpecific":false,"direction":1,"disableDefaultResponse":false,"reservedBits":0},"transactionSequenceNumber":57,"commandIdentifier":2},"payload":{"seq":1792,"dpValues":[{"dp":1,"datatype":4,"data":{"type":"Buffer","data":[2]}}]},"command":{"name":"dataReport","ID":2,"parameters":[{"name":"seq","type":33,"max":65535},{"name":"dpValues","type":1011}]}}
[2026-09-13 15:14:17] debug: 	zh:controller:endpoint: ZCL command 0x94b216fffef3cf25/1 manuSpecificTuya.defaultRsp({"cmdId":2,"statusCode":0}, {"timeout":10000,"disableResponse":false,"disableRecovery":false,"disableDefaultResponse":true,"direction":0,"reservedBits":0,"transactionSequenceNumber":57,"writeUndiv":false})
[2026-09-13 15:14:17] debug: 	zh:ember: ~~~> [ZCL to=0x94b216fffef3cf25:3595 apsFrame={"profileId":260,"clusterId":61184,"sourceEndpoint":1,"destinationEndpoint":1,"options":4352,"groupId":0,"sequence":0} header={"frameControl":{"reservedBits":0,"frameType":0,"direction":0,"disableDefaultResponse":true,"manufacturerSpecific":false},"transactionSequenceNumber":57,"commandIdentifier":11}]
[2026-09-13 15:14:17] debug: 	zh:ember:ezsp: ===> [FRAME: ID=52:"SEND_UNICAST" Seq=88 Len=26]
[2026-09-13 15:14:17] debug: 	zh:ember:uart:ash: ---> [FRAME type=DATA frmTx=0 frmRx=1](ackRx=0)
[2026-09-13 15:14:17] debug: 	z2m: Received Zigbee message from 'Nivelagua', type 'commandDataReport', cluster 'manuSpecificTuya', data '{"dpValues":[{"data":{"data":[2],"type":"Buffer"},"datatype":4,"dp":1}],"seq":1792}' from endpoint 1 with groupID 0
[2026-09-13 15:14:17] info: 	z2m:mqtt: MQTT publish: topic 'zigbee2mqtt/Nivelagua', payload '{"installation_height":0.75,"linkquality":136,"liquid_depth":0.38,"liquid_depth_max":0.28,"liquid_level_percent":81,"liquid_state":"high","max_set":80,"min_set":25}'
[2026-09-13 15:14:17] debug: 	zh:ember:uart:ash: <--- [FRAME type=DATA]
[2026-09-13 15:14:17] debug: 	zh:ember:uart:ash: <--- [FRAME type=DATA ackNum=1](ackRx=0 frmTx=1)
[2026-09-13 15:14:17] debug: 	zh:ember:uart:ash: <--- [FRAME type=DATA ackNum=1 frmNum=1](frmRx=1) Added to rxQueue
[2026-09-13 15:14:17] debug: 	zh:ember:uart:ash: ---> [FRAME type=ACK frmRx=2](ackRx=1)
[2026-09-13 15:14:17] debug: 	zh:ember:ezsp: <=== [FRAME: ID=52:"SEND_UNICAST" Seq=88 Len=7]
[2026-09-13 15:14:17] debug: 	zh:ember:ezsp: ~~~> [SENT type=DIRECT apsSequence=118 messageTag=51 status=OK]
[2026-09-13 15:14:17] debug: 	zh:ember:uart:ash: <--- [FRAME type=DATA]
[2026-09-13 15:14:17] debug: 	zh:ember:uart:ash: <--- [FRAME type=DATA ackNum=1](ackRx=1 frmTx=1)
[2026-09-13 15:14:17] debug: 	zh:ember:uart:ash: <--- [FRAME type=DATA ackNum=1 frmNum=2](frmRx=2) Added to rxQueue
[2026-09-13 15:14:17] debug: 	zh:ember:uart:ash: ---> [FRAME type=ACK frmRx=3](ackRx=1)
[2026-09-13 15:14:17] debug: 	zh:ember:ezsp: <=== [CBFRAME: ID=63:"MESSAGE_SENT_HANDLER" Seq=88 Len=22]
[2026-09-13 15:14:17] debug: 	zh:ember:ezsp: ezspMessageSentHandler: status=OK type=DIRECT indexOrDestination=3595 apsFrame={"profileId":260,"clusterId":61184,"sourceEndpoint":1,"destinationEndpoint":1,"options":4352,"groupId":0,"sequence":118} messageTag=51
[2026-09-13 15:14:17] debug: 	zh:ember:uart:ash: <--- [FRAME type=DATA]
[2026-09-13 15:14:17] debug: 	zh:ember:uart:ash: <--- [FRAME type=DATA ackNum=1](ackRx=1 frmTx=1)
[2026-09-13 15:14:17] debug: 	zh:ember:uart:ash: <--- [FRAME type=DATA ackNum=1 frmNum=3](frmRx=3) Added to rxQueue
[2026-09-13 15:14:17] debug: 	zh:ember:uart:ash: ---> [FRAME type=ACK frmRx=4](ackRx=1)
[2026-09-13 15:14:17] debug: 	zh:ember:ezsp: <=== [CBFRAME: ID=69:"INCOMING_MESSAGE_HANDLER" Seq=88 Len=38]
[2026-09-13 15:14:17] debug: 	zh:ember:ezsp: ezspIncomingMessageHandler: type=UNICAST apsFrame={"profileId":260,"clusterId":61184,"sourceEndpoint":1,"destinationEndpoint":1,"options":256,"groupId":0,"sequence":190} packetInfo:{"senderShortId":3595,"senderLongId":"0xffffffffffffffff","bindingIndex":255,"addressIndex":255,"lastHopLqi":136,"lastHopRssi":-66,"lastHopTimestamp":0} messageContents=093a0200080202000400000026
[2026-09-13 15:14:17] debug: 	zh:controller: Received payload: clusterID=61184, address=3595, groupID=0, endpoint=1, destinationEndpoint=1, wasBroadcast=false, linkQuality=136, frame={"header":{"frameControl":{"frameType":1,"manufacturerSpecific":false,"direction":1,"disableDefaultResponse":false,"reservedBits":0},"transactionSequenceNumber":58,"commandIdentifier":2},"payload":{"seq":2048,"dpValues":[{"dp":2,"datatype":2,"data":{"type":"Buffer","data":[0,0,0,38]}}]},"command":{"name":"dataReport","ID":2,"parameters":[{"name":"seq","type":33,"max":65535},{"name":"dpValues","type":1011}]}}
[2026-09-13 15:14:17] debug: 	zh:controller:endpoint: ZCL command 0x94b216fffef3cf25/1 manuSpecificTuya.defaultRsp({"cmdId":2,"statusCode":0}, {"timeout":10000,"disableResponse":false,"disableRecovery":false,"disableDefaultResponse":true,"direction":0,"reservedBits":0,"transactionSequenceNumber":58,"writeUndiv":false})
[2026-09-13 15:14:17] debug: 	zh:ember: ~~~> [ZCL to=0x94b216fffef3cf25:3595 apsFrame={"profileId":260,"clusterId":61184,"sourceEndpoint":1,"destinationEndpoint":1,"options":4352,"groupId":0,"sequence":0} header={"frameControl":{"reservedBits":0,"frameType":0,"direction":0,"disableDefaultResponse":true,"manufacturerSpecific":false},"transactionSequenceNumber":58,"commandIdentifier":11}]
[2026-09-13 15:14:17] debug: 	zh:ember:ezsp: ===> [FRAME: ID=52:"SEND_UNICAST" Seq=89 Len=26]
[2026-09-13 15:14:17] debug: 	zh:ember:uart:ash: ---> [FRAME type=DATA frmTx=1 frmRx=4](ackRx=1)
[2026-09-13 15:14:17] debug: 	z2m: Received Zigbee message from 'Nivelagua', type 'commandDataReport', cluster 'manuSpecificTuya', data '{"dpValues":[{"data":{"data":[0,0,0,38],"type":"Buffer"},"datatype":2,"dp":2}],"seq":2048}' from endpoint 1 with groupID 0
[2026-09-13 15:14:17] info: 	z2m:mqtt: MQTT publish: topic 'zigbee2mqtt/Nivelagua', payload '{"installation_height":0.75,"linkquality":136,"liquid_depth":0.38,"liquid_depth_max":0.28,"liquid_level_percent":81,"liquid_state":"high","max_set":80,"min_set":25}'
[2026-09-13 15:14:17] debug: 	zh:ember:uart:ash: <--- [FRAME type=DATA]
[2026-09-13 15:14:17] debug: 	zh:ember:uart:ash: <--- [FRAME type=DATA ackNum=2](ackRx=1 frmTx=2)
[2026-09-13 15:14:17] debug: 	zh:ember:uart:ash: <--- [FRAME type=DATA ackNum=2 frmNum=4](frmRx=4) Added to rxQueue
[2026-09-13 15:14:17] debug: 	zh:ember:uart:ash: ---> [FRAME type=ACK frmRx=5](ackRx=2)
[2026-09-13 15:14:17] debug: 	zh:ember:ezsp: <=== [FRAME: ID=52:"SEND_UNICAST" Seq=89 Len=7]
[2026-09-13 15:14:17] debug: 	zh:ember:ezsp: ~~~> [SENT type=DIRECT apsSequence=119 messageTag=52 status=OK]
[2026-09-13 15:14:17] debug: 	zh:ember:uart:ash: <--- [FRAME type=DATA]
[2026-09-13 15:14:17] debug: 	zh:ember:uart:ash: <--- [FRAME type=DATA ackNum=2](ackRx=2 frmTx=2)
[2026-09-13 15:14:17] debug: 	zh:ember:uart:ash: <--- [FRAME type=DATA ackNum=2 frmNum=5](frmRx=5) Added to rxQueue
[2026-09-13 15:14:17] debug: 	zh:ember:uart:ash: ---> [FRAME type=ACK frmRx=6](ackRx=2)
[2026-09-13 15:14:17] debug: 	zh:ember:ezsp: <=== [CBFRAME: ID=63:"MESSAGE_SENT_HANDLER" Seq=89 Len=22]
[2026-09-13 15:14:17] debug: 	zh:ember:ezsp: ezspMessageSentHandler: status=OK type=DIRECT indexOrDestination=3595 apsFrame={"profileId":260,"clusterId":61184,"sourceEndpoint":1,"destinationEndpoint":1,"options":4352,"groupId":0,"sequence":119} messageTag=52
[2026-09-13 15:14:17] debug: 	zh:ember:uart:ash: <--- [FRAME type=DATA]
[2026-09-13 15:14:17] debug: 	zh:ember:uart:ash: <--- [FRAME type=DATA ackNum=2](ackRx=2 frmTx=2)
[2026-09-13 15:14:17] debug: 	zh:ember:uart:ash: <--- [FRAME type=DATA ackNum=2 frmNum=6](frmRx=6) Added to rxQueue
[2026-09-13 15:14:17] debug: 	zh:ember:uart:ash: ---> [FRAME type=ACK frmRx=7](ackRx=2)
[2026-09-13 15:14:17] debug: 	zh:ember:ezsp: <=== [CBFRAME: ID=69:"INCOMING_MESSAGE_HANDLER" Seq=89 Len=38]
[2026-09-13 15:14:17] debug: 	zh:ember:ezsp: ezspIncomingMessageHandler: type=UNICAST apsFrame={"profileId":260,"clusterId":61184,"sourceEndpoint":1,"destinationEndpoint":1,"options":256,"groupId":0,"sequence":191} packetInfo:{"senderShortId":3595,"senderLongId":"0xffffffffffffffff","bindingIndex":255,"addressIndex":255,"lastHopLqi":136,"lastHopRssi":-66,"lastHopTimestamp":0} messageContents=093b0200091602000400000051
[2026-09-13 15:14:17] debug: 	zh:controller: Received payload: clusterID=61184, address=3595, groupID=0, endpoint=1, destinationEndpoint=1, wasBroadcast=false, linkQuality=136, frame={"header":{"frameControl":{"frameType":1,"manufacturerSpecific":false,"direction":1,"disableDefaultResponse":false,"reservedBits":0},"transactionSequenceNumber":59,"commandIdentifier":2},"payload":{"seq":2304,"dpValues":[{"dp":22,"datatype":2,"data":{"type":"Buffer","data":[0,0,0,81]}}]},"command":{"name":"dataReport","ID":2,"parameters":[{"name":"seq","type":33,"max":65535},{"name":"dpValues","type":1011}]}}
[2026-09-13 15:14:17] debug: 	zh:controller:endpoint: ZCL command 0x94b216fffef3cf25/1 manuSpecificTuya.defaultRsp({"cmdId":2,"statusCode":0}, {"timeout":10000,"disableResponse":false,"disableRecovery":false,"disableDefaultResponse":true,"direction":0,"reservedBits":0,"transactionSequenceNumber":59,"writeUndiv":false})
[2026-09-13 15:14:17] debug: 	zh:ember: ~~~> [ZCL to=0x94b216fffef3cf25:3595 apsFrame={"profileId":260,"clusterId":61184,"sourceEndpoint":1,"destinationEndpoint":1,"options":4352,"groupId":0,"sequence":0} header={"frameControl":{"reservedBits":0,"frameType":0,"direction":0,"disableDefaultResponse":true,"manufacturerSpecific":false},"transactionSequenceNumber":59,"commandIdentifier":11}]
[2026-09-13 15:14:17] debug: 	zh:ember:ezsp: ===> [FRAME: ID=52:"SEND_UNICAST" Seq=90 Len=26]
[2026-09-13 15:14:17] debug: 	zh:ember:uart:ash: ---> [FRAME type=DATA frmTx=2 frmRx=7](ackRx=2)
[2026-09-13 15:14:17] debug: 	z2m: Received Zigbee message from 'Nivelagua', type 'commandDataReport', cluster 'manuSpecificTuya', data '{"dpValues":[{"data":{"data":[0,0,0,81],"type":"Buffer"},"datatype":2,"dp":22}],"seq":2304}' from endpoint 1 with groupID 0
[2026-09-13 15:14:17] info: 	z2m:mqtt: MQTT publish: topic 'zigbee2mqtt/Nivelagua', payload '{"installation_height":0.75,"linkquality":136,"liquid_depth":0.38,"liquid_depth_max":0.28,"liquid_level_percent":81,"liquid_state":"high","max_set":80,"min_set":25}'
[2026-09-13 15:14:17] debug: 	zh:ember:uart:ash: <--- [FRAME type=DATA]
[2026-09-13 15:14:17] debug: 	zh:ember:uart:ash: <--- [FRAME type=DATA ackNum=3](ackRx=2 frmTx=3)
[2026-09-13 15:14:17] debug: 	zh:ember:uart:ash: <--- [FRAME type=DATA ackNum=3 frmNum=7](frmRx=7) Added to rxQueue
[2026-09-13 15:14:17] debug: 	zh:ember:uart:ash: ---> [FRAME type=ACK frmRx=0](ackRx=3)
[2026-09-13 15:14:17] debug: 	zh:ember:ezsp: <=== [FRAME: ID=52:"SEND_UNICAST" Seq=90 Len=7]
[2026-09-13 15:14:17] debug: 	zh:ember:ezsp: ~~~> [SENT type=DIRECT apsSequence=120 messageTag=53 status=OK]
[2026-09-13 15:14:17] debug: 	zh:ember:uart:ash: <--- [FRAME type=DATA]
[2026-09-13 15:14:17] debug: 	zh:ember:uart:ash: <--- [FRAME type=DATA ackNum=3](ackRx=3 frmTx=3)
[2026-09-13 15:14:17] debug: 	zh:ember:uart:ash: <--- [FRAME type=DATA ackNum=3 frmNum=0](frmRx=0) Added to rxQueue
[2026-09-13 15:14:17] debug: 	zh:ember:uart:ash: ---> [FRAME type=ACK frmRx=1](ackRx=3)
[2026-09-13 15:14:17] debug: 	zh:ember:ezsp: <=== [CBFRAME: ID=63:"MESSAGE_SENT_HANDLER" Seq=90 Len=22]
[2026-09-13 15:14:17] debug: 	zh:ember:ezsp: ezspMessageSentHandler: status=OK type=DIRECT indexOrDestination=3595 apsFrame={"profileId":260,"clusterId":61184,"sourceEndpoint":1,"destinationEndpoint":1,"options":4352,"groupId":0,"sequence":120} messageTag=53
[2026-09-13 15:14:18] debug: 	zh:ember:uart:ash: <--- [FRAME type=DATA]
[2026-09-13 15:14:18] debug: 	zh:ember:uart:ash: <--- [FRAME type=DATA ackNum=3](ackRx=3 frmTx=3)
[2026-09-13 15:14:18] debug: 	zh:ember:uart:ash: <--- [FRAME type=DATA ackNum=3 frmNum=1](frmRx=1) Added to rxQueue
[2026-09-13 15:14:18] debug: 	zh:ember:uart:ash: ---> [FRAME type=ACK frmRx=2](ackRx=3)
[2026-09-13 15:14:18] debug: 	zh:ember:ezsp: <=== [CBFRAME: ID=69:"INCOMING_MESSAGE_HANDLER" Seq=90 Len=35]
[2026-09-13 15:14:18] debug: 	zh:ember:ezsp: ezspIncomingMessageHandler: type=UNICAST apsFrame={"profileId":260,"clusterId":61184,"sourceEndpoint":1,"destinationEndpoint":1,"options":256,"groupId":0,"sequence":192} packetInfo:{"senderShortId":3595,"senderLongId":"0xffffffffffffffff","bindingIndex":255,"addressIndex":255,"lastHopLqi":136,"lastHopRssi":-66,"lastHopTimestamp":0} messageContents=093c02000a0104000102
[2026-09-13 15:14:18] debug: 	zh:controller: Received payload: clusterID=61184, address=3595, groupID=0, endpoint=1, destinationEndpoint=1, wasBroadcast=false, linkQuality=136, frame={"header":{"frameControl":{"frameType":1,"manufacturerSpecific":false,"direction":1,"disableDefaultResponse":false,"reservedBits":0},"transactionSequenceNumber":60,"commandIdentifier":2},"payload":{"seq":2560,"dpValues":[{"dp":1,"datatype":4,"data":{"type":"Buffer","data":[2]}}]},"command":{"name":"dataReport","ID":2,"parameters":[{"name":"seq","type":33,"max":65535},{"name":"dpValues","type":1011}]}}
[2026-09-13 15:14:18] debug: 	zh:controller:endpoint: ZCL command 0x94b216fffef3cf25/1 manuSpecificTuya.defaultRsp({"cmdId":2,"statusCode":0}, {"timeout":10000,"disableResponse":false,"disableRecovery":false,"disableDefaultResponse":true,"direction":0,"reservedBits":0,"transactionSequenceNumber":60,"writeUndiv":false})
[2026-09-13 15:14:18] debug: 	zh:ember: ~~~> [ZCL to=0x94b216fffef3cf25:3595 apsFrame={"profileId":260,"clusterId":61184,"sourceEndpoint":1,"destinationEndpoint":1,"options":4352,"groupId":0,"sequence":0} header={"frameControl":{"reservedBits":0,"frameType":0,"direction":0,"disableDefaultResponse":true,"manufacturerSpecific":false},"transactionSequenceNumber":60,"commandIdentifier":11}]
[2026-09-13 15:14:18] debug: 	zh:ember:ezsp: ===> [FRAME: ID=52:"SEND_UNICAST" Seq=91 Len=26]
[2026-09-13 15:14:18] debug: 	zh:ember:uart:ash: ---> [FRAME type=DATA frmTx=3 frmRx=2](ackRx=3)
[2026-09-13 15:14:18] debug: 	z2m: Received Zigbee message from 'Nivelagua', type 'commandDataReport', cluster 'manuSpecificTuya', data '{"dpValues":[{"data":{"data":[2],"type":"Buffer"},"datatype":4,"dp":1}],"seq":2560}' from endpoint 1 with groupID 0
[2026-09-13 15:14:18] info: 	z2m:mqtt: MQTT publish: topic 'zigbee2mqtt/Nivelagua', payload '{"installation_height":0.75,"linkquality":136,"liquid_depth":0.38,"liquid_depth_max":0.28,"liquid_level_percent":81,"liquid_state":"high","max_set":80,"min_set":25}'
[2026-09-13 15:14:18] debug: 	zh:ember:uart:ash: <--- [FRAME type=DATA]
[2026-09-13 15:14:18] debug: 	zh:ember:uart:ash: <--- [FRAME type=DATA ackNum=4](ackRx=3 frmTx=4)
[2026-09-13 15:14:18] debug: 	zh:ember:uart:ash: <--- [FRAME type=DATA ackNum=4 frmNum=2](frmRx=2) Added to rxQueue
[2026-09-13 15:14:18] debug: 	zh:ember:uart:ash: ---> [FRAME type=ACK frmRx=3](ackRx=4)
[2026-09-13 15:14:18] debug: 	zh:ember:ezsp: <=== [FRAME: ID=52:"SEND_UNICAST" Seq=91 Len=7]
[2026-09-13 15:14:18] debug: 	zh:ember:ezsp: ~~~> [SENT type=DIRECT apsSequence=121 messageTag=54 status=OK]
[2026-09-13 15:14:18] debug: 	zh:ember:uart:ash: <--- [FRAME type=DATA]
[2026-09-13 15:14:18] debug: 	zh:ember:uart:ash: <--- [FRAME type=DATA ackNum=4](ackRx=4 frmTx=4)
[2026-09-13 15:14:18] debug: 	zh:ember:uart:ash: <--- [FRAME type=DATA ackNum=4 frmNum=3](frmRx=3) Added to rxQueue
[2026-09-13 15:14:18] debug: 	zh:ember:uart:ash: ---> [FRAME type=ACK frmRx=4](ackRx=4)
[2026-09-13 15:14:18] debug: 	zh:ember:ezsp: <=== [CBFRAME: ID=63:"MESSAGE_SENT_HANDLER" Seq=91 Len=22]
[2026-09-13 15:14:18] debug: 	zh:ember:ezsp: ezspMessageSentHandler: status=OK type=DIRECT indexOrDestination=3595 apsFrame={"profileId":260,"clusterId":61184,"sourceEndpoint":1,"destinationEndpoint":1,"options":4352,"groupId":0,"sequence":121} messageTag=54
[2026-09-13 15:14:18] debug: 	zh:ember:uart:ash: <--- [FRAME type=DATA]
[2026-09-13 15:14:18] debug: 	zh:ember:uart:ash: <--- [FRAME type=DATA ackNum=4](ackRx=4 frmTx=4)
[2026-09-13 15:14:18] debug: 	zh:ember:uart:ash: <--- [FRAME type=DATA ackNum=4 frmNum=4](frmRx=4) Added to rxQueue
[2026-09-13 15:14:18] debug: 	zh:ember:uart:ash: ---> [FRAME type=ACK frmRx=5](ackRx=4)
[2026-09-13 15:14:18] debug: 	zh:ember:ezsp: <=== [CBFRAME: ID=69:"INCOMING_MESSAGE_HANDLER" Seq=91 Len=38]
[2026-09-13 15:14:18] debug: 	zh:ember:ezsp: ezspIncomingMessageHandler: type=UNICAST apsFrame={"profileId":260,"clusterId":61184,"sourceEndpoint":1,"destinationEndpoint":1,"options":256,"groupId":0,"sequence":193} packetInfo:{"senderShortId":3595,"senderLongId":"0xffffffffffffffff","bindingIndex":255,"addressIndex":255,"lastHopLqi":136,"lastHopRssi":-66,"lastHopTimestamp":0} messageContents=093d02000b0202000400000026
[2026-09-13 15:14:18] debug: 	zh:controller: Received payload: clusterID=61184, address=3595, groupID=0, endpoint=1, destinationEndpoint=1, wasBroadcast=false, linkQuality=136, frame={"header":{"frameControl":{"frameType":1,"manufacturerSpecific":false,"direction":1,"disableDefaultResponse":false,"reservedBits":0},"transactionSequenceNumber":61,"commandIdentifier":2},"payload":{"seq":2816,"dpValues":[{"dp":2,"datatype":2,"data":{"type":"Buffer","data":[0,0,0,38]}}]},"command":{"name":"dataReport","ID":2,"parameters":[{"name":"seq","type":33,"max":65535},{"name":"dpValues","type":1011}]}}
[2026-09-13 15:14:18] debug: 	zh:controller:endpoint: ZCL command 0x94b216fffef3cf25/1 manuSpecificTuya.defaultRsp({"cmdId":2,"statusCode":0}, {"timeout":10000,"disableResponse":false,"disableRecovery":false,"disableDefaultResponse":true,"direction":0,"reservedBits":0,"transactionSequenceNumber":61,"writeUndiv":false})
[2026-09-13 15:14:18] debug: 	zh:ember: ~~~> [ZCL to=0x94b216fffef3cf25:3595 apsFrame={"profileId":260,"clusterId":61184,"sourceEndpoint":1,"destinationEndpoint":1,"options":4352,"groupId":0,"sequence":0} header={"frameControl":{"reservedBits":0,"frameType":0,"direction":0,"disableDefaultResponse":true,"manufacturerSpecific":false},"transactionSequenceNumber":61,"commandIdentifier":11}]
[2026-09-13 15:14:18] debug: 	zh:ember:ezsp: ===> [FRAME: ID=52:"SEND_UNICAST" Seq=92 Len=26]
[2026-09-13 15:14:18] debug: 	zh:ember:uart:ash: ---> [FRAME type=DATA frmTx=4 frmRx=5](ackRx=4)
[2026-09-13 15:14:18] debug: 	z2m: Received Zigbee message from 'Nivelagua', type 'commandDataReport', cluster 'manuSpecificTuya', data '{"dpValues":[{"data":{"data":[0,0,0,38],"type":"Buffer"},"datatype":2,"dp":2}],"seq":2816}' from endpoint 1 with groupID 0
[2026-09-13 15:14:18] info: 	z2m:mqtt: MQTT publish: topic 'zigbee2mqtt/Nivelagua', payload '{"installation_height":0.75,"linkquality":136,"liquid_depth":0.38,"liquid_depth_max":0.28,"liquid_level_percent":81,"liquid_state":"high","max_set":80,"min_set":25}'
[2026-09-13 15:14:18] debug: 	zh:ember:uart:ash: <--- [FRAME type=DATA]
[2026-09-13 15:14:18] debug: 	zh:ember:uart:ash: <--- [FRAME type=DATA ackNum=5](ackRx=4 frmTx=5)
[2026-09-13 15:14:18] debug: 	zh:ember:uart:ash: <--- [FRAME type=DATA ackNum=5 frmNum=5](frmRx=5) Added to rxQueue
[2026-09-13 15:14:18] debug: 	zh:ember:uart:ash: ---> [FRAME type=ACK frmRx=6](ackRx=5)
[2026-09-13 15:14:18] debug: 	zh:ember:ezsp: <=== [FRAME: ID=52:"SEND_UNICAST" Seq=92 Len=7]
[2026-09-13 15:14:18] debug: 	zh:ember:ezsp: ~~~> [SENT type=DIRECT apsSequence=122 messageTag=55 status=OK]
[2026-09-13 15:14:18] debug: 	zh:ember:uart:ash: <--- [FRAME type=DATA]
[2026-09-13 15:14:18] debug: 	zh:ember:uart:ash: <--- [FRAME type=DATA ackNum=5](ackRx=5 frmTx=5)
[2026-09-13 15:14:18] debug: 	zh:ember:uart:ash: <--- [FRAME type=DATA ackNum=5 frmNum=6](frmRx=6) Added to rxQueue
[2026-09-13 15:14:18] debug: 	zh:ember:uart:ash: ---> [FRAME type=ACK frmRx=7](ackRx=5)
[2026-09-13 15:14:18] debug: 	zh:ember:ezsp: <=== [CBFRAME: ID=63:"MESSAGE_SENT_HANDLER" Seq=92 Len=22]
[2026-09-13 15:14:18] debug: 	zh:ember:ezsp: ezspMessageSentHandler: status=OK type=DIRECT indexOrDestination=3595 apsFrame={"profileId":260,"clusterId":61184,"sourceEndpoint":1,"destinationEndpoint":1,"options":4352,"groupId":0,"sequence":122} messageTag=55
[2026-09-13 15:14:18] debug: 	zh:ember:uart:ash: <--- [FRAME type=DATA]
[2026-09-13 15:14:18] debug: 	zh:ember:uart:ash: <--- [FRAME type=DATA ackNum=5](ackRx=5 frmTx=5)
[2026-09-13 15:14:18] debug: 	zh:ember:uart:ash: <--- [FRAME type=DATA ackNum=5 frmNum=7](frmRx=7) Added to rxQueue
[2026-09-13 15:14:18] debug: 	zh:ember:uart:ash: ---> [FRAME type=ACK frmRx=0](ackRx=5)
[2026-09-13 15:14:18] debug: 	zh:ember:ezsp: <=== [CBFRAME: ID=69:"INCOMING_MESSAGE_HANDLER" Seq=92 Len=38]
[2026-09-13 15:14:18] debug: 	zh:ember:ezsp: ezspIncomingMessageHandler: type=UNICAST apsFrame={"profileId":260,"clusterId":61184,"sourceEndpoint":1,"destinationEndpoint":1,"options":256,"groupId":0,"sequence":194} packetInfo:{"senderShortId":3595,"senderLongId":"0xffffffffffffffff","bindingIndex":255,"addressIndex":255,"lastHopLqi":136,"lastHopRssi":-66,"lastHopTimestamp":0} messageContents=093e02000c1602000400000051
[2026-09-13 15:14:18] debug: 	zh:controller: Received payload: clusterID=61184, address=3595, groupID=0, endpoint=1, destinationEndpoint=1, wasBroadcast=false, linkQuality=136, frame={"header":{"frameControl":{"frameType":1,"manufacturerSpecific":false,"direction":1,"disableDefaultResponse":false,"reservedBits":0},"transactionSequenceNumber":62,"commandIdentifier":2},"payload":{"seq":3072,"dpValues":[{"dp":22,"datatype":2,"data":{"type":"Buffer","data":[0,0,0,81]}}]},"command":{"name":"dataReport","ID":2,"parameters":[{"name":"seq","type":33,"max":65535},{"name":"dpValues","type":1011}]}}
[2026-09-13 15:14:18] debug: 	zh:controller:endpoint: ZCL command 0x94b216fffef3cf25/1 manuSpecificTuya.defaultRsp({"cmdId":2,"statusCode":0}, {"timeout":10000,"disableResponse":false,"disableRecovery":false,"disableDefaultResponse":true,"direction":0,"reservedBits":0,"transactionSequenceNumber":62,"writeUndiv":false})
[2026-09-13 15:14:18] debug: 	zh:ember: ~~~> [ZCL to=0x94b216fffef3cf25:3595 apsFrame={"profileId":260,"clusterId":61184,"sourceEndpoint":1,"destinationEndpoint":1,"options":4352,"groupId":0,"sequence":0} header={"frameControl":{"reservedBits":0,"frameType":0,"direction":0,"disableDefaultResponse":true,"manufacturerSpecific":false},"transactionSequenceNumber":62,"commandIdentifier":11}]
[2026-09-13 15:14:18] debug: 	zh:ember:ezsp: ===> [FRAME: ID=52:"SEND_UNICAST" Seq=93 Len=26]
[2026-09-13 15:14:18] debug: 	zh:ember:uart:ash: ---> [FRAME type=DATA frmTx=5 frmRx=0](ackRx=5)
[2026-09-13 15:14:18] debug: 	z2m: Received Zigbee message from 'Nivelagua', type 'commandDataReport', cluster 'manuSpecificTuya', data '{"dpValues":[{"data":{"data":[0,0,0,81],"type":"Buffer"},"datatype":2,"dp":22}],"seq":3072}' from endpoint 1 with groupID 0
[2026-09-13 15:14:18] info: 	z2m:mqtt: MQTT publish: topic 'zigbee2mqtt/Nivelagua', payload '{"installation_height":0.75,"linkquality":136,"liquid_depth":0.38,"liquid_depth_max":0.28,"liquid_level_percent":81,"liquid_state":"high","max_set":80,"min_set":25}'
[2026-09-13 15:14:18] debug: 	zh:ember:uart:ash: <--- [FRAME type=DATA]
[2026-09-13 15:14:18] debug: 	zh:ember:uart:ash: <--- [FRAME type=DATA ackNum=6](ackRx=5 frmTx=6)
[2026-09-13 15:14:18] debug: 	zh:ember:uart:ash: <--- [FRAME type=DATA ackNum=6 frmNum=0](frmRx=0) Added to rxQueue
[2026-09-13 15:14:18] debug: 	zh:ember:uart:ash: ---> [FRAME type=ACK frmRx=1](ackRx=6)
[2026-09-13 15:14:18] debug: 	zh:ember:ezsp: <=== [FRAME: ID=52:"SEND_UNICAST" Seq=93 Len=7]
[2026-09-13 15:14:18] debug: 	zh:ember:ezsp: ~~~> [SENT type=DIRECT apsSequence=123 messageTag=56 status=OK]
[2026-09-13 15:14:18] debug: 	zh:ember:uart:ash: <--- [FRAME type=DATA]
[2026-09-13 15:14:18] debug: 	zh:ember:uart:ash: <--- [FRAME type=DATA ackNum=6](ackRx=6 frmTx=6)
[2026-09-13 15:14:18] debug: 	zh:ember:uart:ash: <--- [FRAME type=DATA ackNum=6 frmNum=1](frmRx=1) Added to rxQueue
[2026-09-13 15:14:18] debug: 	zh:ember:uart:ash: ---> [FRAME type=ACK frmRx=2](ackRx=6)
[2026-09-13 15:14:18] debug: 	zh:ember:ezsp: <=== [CBFRAME: ID=63:"MESSAGE_SENT_HANDLER" Seq=93 Len=22]
[2026-09-13 15:14:18] debug: 	zh:ember:ezsp: ezspMessageSentHandler: status=OK type=DIRECT indexOrDestination=3595 apsFrame={"profileId":260,"clusterId":61184,"sourceEndpoint":1,"destinationEndpoint":1,"options":4352,"groupId":0,"sequence":123} messageTag=56
[2026-09-13 15:14:19] debug: 	zh:ember:uart:ash: <--- [FRAME type=DATA]
[2026-09-13 15:14:19] debug: 	zh:ember:uart:ash: <--- [FRAME type=DATA ackNum=6](ackRx=6 frmTx=6)
[2026-09-13 15:14:19] debug: 	zh:ember:uart:ash: <--- [FRAME type=DATA ackNum=6 frmNum=2](frmRx=2) Added to rxQueue
[2026-09-13 15:14:19] debug: 	zh:ember:uart:ash: ---> [FRAME type=ACK frmRx=3](ackRx=6)
[2026-09-13 15:14:19] debug: 	zh:ember:ezsp: <=== [CBFRAME: ID=69:"INCOMING_MESSAGE_HANDLER" Seq=93 Len=35]
[2026-09-13 15:14:19] debug: 	zh:ember:ezsp: ezspIncomingMessageHandler: type=UNICAST apsFrame={"profileId":260,"clusterId":61184,"sourceEndpoint":1,"destinationEndpoint":1,"options":256,"groupId":0,"sequence":195} packetInfo:{"senderShortId":3595,"senderLongId":"0xffffffffffffffff","bindingIndex":255,"addressIndex":255,"lastHopLqi":136,"lastHopRssi":-66,"lastHopTimestamp":0} messageContents=093f02000d0104000102
[2026-09-13 15:14:19] debug: 	zh:controller: Received payload: clusterID=61184, address=3595, groupID=0, endpoint=1, destinationEndpoint=1, wasBroadcast=false, linkQuality=136, frame={"header":{"frameControl":{"frameType":1,"manufacturerSpecific":false,"direction":1,"disableDefaultResponse":false,"reservedBits":0},"transactionSequenceNumber":63,"commandIdentifier":2},"payload":{"seq":3328,"dpValues":[{"dp":1,"datatype":4,"data":{"type":"Buffer","data":[2]}}]},"command":{"name":"dataReport","ID":2,"parameters":[{"name":"seq","type":33,"max":65535},{"name":"dpValues","type":1011}]}}
[2026-09-13 15:14:19] debug: 	zh:controller:endpoint: ZCL command 0x94b216fffef3cf25/1 manuSpecificTuya.defaultRsp({"cmdId":2,"statusCode":0}, {"timeout":10000,"disableResponse":false,"disableRecovery":false,"disableDefaultResponse":true,"direction":0,"reservedBits":0,"transactionSequenceNumber":63,"writeUndiv":false})
[2026-09-13 15:14:19] debug: 	zh:ember: ~~~> [ZCL to=0x94b216fffef3cf25:3595 apsFrame={"profileId":260,"clusterId":61184,"sourceEndpoint":1,"destinationEndpoint":1,"options":4352,"groupId":0,"sequence":0} header={"frameControl":{"reservedBits":0,"frameType":0,"direction":0,"disableDefaultResponse":true,"manufacturerSpecific":false},"transactionSequenceNumber":63,"commandIdentifier":11}]
[2026-09-13 15:14:19] debug: 	zh:ember:ezsp: ===> [FRAME: ID=52:"SEND_UNICAST" Seq=94 Len=26]
[2026-09-13 15:14:19] debug: 	zh:ember:uart:ash: ---> [FRAME type=DATA frmTx=6 frmRx=3](ackRx=6)
[2026-09-13 15:14:19] debug: 	z2m: Received Zigbee message from 'Nivelagua', type 'commandDataReport', cluster 'manuSpecificTuya', data '{"dpValues":[{"data":{"data":[2],"type":"Buffer"},"datatype":4,"dp":1}],"seq":3328}' from endpoint 1 with groupID 0
[2026-09-13 15:14:19] info: 	z2m:mqtt: MQTT publish: topic 'zigbee2mqtt/Nivelagua', payload '{"installation_height":0.75,"linkquality":136,"liquid_depth":0.38,"liquid_depth_max":0.28,"liquid_level_percent":81,"liquid_state":"high","max_set":80,"min_set":25}'
[2026-09-13 15:14:19] debug: 	zh:ember:uart:ash: <--- [FRAME type=DATA]
[2026-09-13 15:14:19] debug: 	zh:ember:uart:ash: <--- [FRAME type=DATA ackNum=7](ackRx=6 frmTx=7)
[2026-09-13 15:14:19] debug: 	zh:ember:uart:ash: <--- [FRAME type=DATA ackNum=7 frmNum=3](frmRx=3) Added to rxQueue
[2026-09-13 15:14:19] debug: 	zh:ember:uart:ash: ---> [FRAME type=ACK frmRx=4](ackRx=7)
[2026-09-13 15:14:19] debug: 	zh:ember:ezsp: <=== [FRAME: ID=52:"SEND_UNICAST" Seq=94 Len=7]
[2026-09-13 15:14:19] debug: 	zh:ember:ezsp: ~~~> [SENT type=DIRECT apsSequence=124 messageTag=57 status=OK]
[2026-09-13 15:14:19] debug: 	zh:ember:uart:ash: <--- [FRAME type=DATA]
[2026-09-13 15:14:19] debug: 	zh:ember:uart:ash: <--- [FRAME type=DATA ackNum=7](ackRx=7 frmTx=7)
[2026-09-13 15:14:19] debug: 	zh:ember:uart:ash: <--- [FRAME type=DATA ackNum=7 frmNum=4](frmRx=4) Added to rxQueue
[2026-09-13 15:14:19] debug: 	zh:ember:uart:ash: ---> [FRAME type=ACK frmRx=5](ackRx=7)
[2026-09-13 15:14:19] debug: 	zh:ember:ezsp: <=== [CBFRAME: ID=63:"MESSAGE_SENT_HANDLER" Seq=94 Len=22]
[2026-09-13 15:14:19] debug: 	zh:ember:ezsp: ezspMessageSentHandler: status=OK type=DIRECT indexOrDestination=3595 apsFrame={"profileId":260,"clusterId":61184,"sourceEndpoint":1,"destinationEndpoint":1,"options":4352,"groupId":0,"sequence":124} messageTag=57
[2026-09-13 15:14:19] debug: 	zh:ember:uart:ash: <--- [FRAME type=DATA]
[2026-09-13 15:14:19] debug: 	zh:ember:uart:ash: <--- [FRAME type=DATA ackNum=7](ackRx=7 frmTx=7)
[2026-09-13 15:14:19] debug: 	zh:ember:uart:ash: <--- [FRAME type=DATA ackNum=7 frmNum=5](frmRx=5) Added to rxQueue
[2026-09-13 15:14:19] debug: 	zh:ember:uart:ash: ---> [FRAME type=ACK frmRx=6](ackRx=7)
[2026-09-13 15:14:19] debug: 	zh:ember:ezsp: <=== [CBFRAME: ID=69:"INCOMING_MESSAGE_HANDLER" Seq=94 Len=38]
[2026-09-13 15:14:19] debug: 	zh:ember:ezsp: ezspIncomingMessageHandler: type=UNICAST apsFrame={"profileId":260,"clusterId":61184,"sourceEndpoint":1,"destinationEndpoint":1,"options":256,"groupId":0,"sequence":196} packetInfo:{"senderShortId":3595,"senderLongId":"0xffffffffffffffff","bindingIndex":255,"addressIndex":255,"lastHopLqi":136,"lastHopRssi":-66,"lastHopTimestamp":0} messageContents=094002000e0202000400000026
[2026-09-13 15:14:19] debug: 	zh:controller: Received payload: clusterID=61184, address=3595, groupID=0, endpoint=1, destinationEndpoint=1, wasBroadcast=false, linkQuality=136, frame={"header":{"frameControl":{"frameType":1,"manufacturerSpecific":false,"direction":1,"disableDefaultResponse":false,"reservedBits":0},"transactionSequenceNumber":64,"commandIdentifier":2},"payload":{"seq":3584,"dpValues":[{"dp":2,"datatype":2,"data":{"type":"Buffer","data":[0,0,0,38]}}]},"command":{"name":"dataReport","ID":2,"parameters":[{"name":"seq","type":33,"max":65535},{"name":"dpValues","type":1011}]}}
[2026-09-13 15:14:19] debug: 	zh:controller:endpoint: ZCL command 0x94b216fffef3cf25/1 manuSpecificTuya.defaultRsp({"cmdId":2,"statusCode":0}, {"timeout":10000,"disableResponse":false,"disableRecovery":false,"disableDefaultResponse":true,"direction":0,"reservedBits":0,"transactionSequenceNumber":64,"writeUndiv":false})
[2026-09-13 15:14:19] debug: 	zh:ember: ~~~> [ZCL to=0x94b216fffef3cf25:3595 apsFrame={"profileId":260,"clusterId":61184,"sourceEndpoint":1,"destinationEndpoint":1,"options":4352,"groupId":0,"sequence":0} header={"frameControl":{"reservedBits":0,"frameType":0,"direction":0,"disableDefaultResponse":true,"manufacturerSpecific":false},"transactionSequenceNumber":64,"commandIdentifier":11}]
[2026-09-13 15:14:19] debug: 	zh:ember:ezsp: ===> [FRAME: ID=52:"SEND_UNICAST" Seq=95 Len=26]
[2026-09-13 15:14:19] debug: 	zh:ember:uart:ash: ---> [FRAME type=DATA frmTx=7 frmRx=6](ackRx=7)
[2026-09-13 15:14:19] debug: 	z2m: Received Zigbee message from 'Nivelagua', type 'commandDataReport', cluster 'manuSpecificTuya', data '{"dpValues":[{"data":{"data":[0,0,0,38],"type":"Buffer"},"datatype":2,"dp":2}],"seq":3584}' from endpoint 1 with groupID 0
[2026-09-13 15:14:19] info: 	z2m:mqtt: MQTT publish: topic 'zigbee2mqtt/Nivelagua', payload '{"installation_height":0.75,"linkquality":136,"liquid_depth":0.38,"liquid_depth_max":0.28,"liquid_level_percent":81,"liquid_state":"high","max_set":80,"min_set":25}'
[2026-09-13 15:14:19] debug: 	zh:ember:uart:ash: <--- [FRAME type=DATA]
[2026-09-13 15:14:19] debug: 	zh:ember:uart:ash: <--- [FRAME type=DATA ackNum=0](ackRx=7 frmTx=0)
[2026-09-13 15:14:19] debug: 	zh:ember:uart:ash: <--- [FRAME type=DATA ackNum=0 frmNum=6](frmRx=6) Added to rxQueue
[2026-09-13 15:14:19] debug: 	zh:ember:uart:ash: ---> [FRAME type=ACK frmRx=7](ackRx=0)
[2026-09-13 15:14:19] debug: 	zh:ember:ezsp: <=== [FRAME: ID=52:"SEND_UNICAST" Seq=95 Len=7]
[2026-09-13 15:14:19] debug: 	zh:ember:ezsp: ~~~> [SENT type=DIRECT apsSequence=125 messageTag=58 status=OK]
[2026-09-13 15:14:19] debug: 	zh:ember:uart:ash: <--- [FRAME type=DATA]
[2026-09-13 15:14:19] debug: 	zh:ember:uart:ash: <--- [FRAME type=DATA ackNum=0](ackRx=0 frmTx=0)
[2026-09-13 15:14:19] debug: 	zh:ember:uart:ash: <--- [FRAME type=DATA ackNum=0 frmNum=7](frmRx=7) Added to rxQueue
[2026-09-13 15:14:19] debug: 	zh:ember:uart:ash: ---> [FRAME type=ACK frmRx=0](ackRx=0)
[2026-09-13 15:14:19] debug: 	zh:ember:ezsp: <=== [CBFRAME: ID=63:"MESSAGE_SENT_HANDLER" Seq=95 Len=22]
[2026-09-13 15:14:19] debug: 	zh:ember:ezsp: ezspMessageSentHandler: status=OK type=DIRECT indexOrDestination=3595 apsFrame={"profileId":260,"clusterId":61184,"sourceEndpoint":1,"destinationEndpoint":1,"options":4352,"groupId":0,"sequence":125} messageTag=58
[2026-09-13 15:14:19] debug: 	zh:ember:uart:ash: <--- [FRAME type=DATA]
[2026-09-13 15:14:19] debug: 	zh:ember:uart:ash: <--- [FRAME type=DATA ackNum=0](ackRx=0 frmTx=0)
[2026-09-13 15:14:19] debug: 	zh:ember:uart:ash: <--- [FRAME type=DATA ackNum=0 frmNum=0](frmRx=0) Added to rxQueue
[2026-09-13 15:14:19] debug: 	zh:ember:uart:ash: ---> [FRAME type=ACK frmRx=1](ackRx=0)
[2026-09-13 15:14:19] debug: 	zh:ember:ezsp: <=== [CBFRAME: ID=69:"INCOMING_MESSAGE_HANDLER" Seq=95 Len=38]
[2026-09-13 15:14:19] debug: 	zh:ember:ezsp: ezspIncomingMessageHandler: type=UNICAST apsFrame={"profileId":260,"clusterId":61184,"sourceEndpoint":1,"destinationEndpoint":1,"options":256,"groupId":0,"sequence":197} packetInfo:{"senderShortId":3595,"senderLongId":"0xffffffffffffffff","bindingIndex":255,"addressIndex":255,"lastHopLqi":136,"lastHopRssi":-66,"lastHopTimestamp":0} messageContents=094102000f1602000400000051
[2026-09-13 15:14:19] debug: 	zh:controller: Received payload: clusterID=61184, address=3595, groupID=0, endpoint=1, destinationEndpoint=1, wasBroadcast=false, linkQuality=136, frame={"header":{"frameControl":{"frameType":1,"manufacturerSpecific":false,"direction":1,"disableDefaultResponse":false,"reservedBits":0},"transactionSequenceNumber":65,"commandIdentifier":2},"payload":{"seq":3840,"dpValues":[{"dp":22,"datatype":2,"data":{"type":"Buffer","data":[0,0,0,81]}}]},"command":{"name":"dataReport","ID":2,"parameters":[{"name":"seq","type":33,"max":65535},{"name":"dpValues","type":1011}]}}
[2026-09-13 15:14:19] debug: 	zh:controller:endpoint: ZCL command 0x94b216fffef3cf25/1 manuSpecificTuya.defaultRsp({"cmdId":2,"statusCode":0}, {"timeout":10000,"disableResponse":false,"disableRecovery":false,"disableDefaultResponse":true,"direction":0,"reservedBits":0,"transactionSequenceNumber":65,"writeUndiv":false})
[2026-09-13 15:14:19] debug: 	zh:ember: ~~~> [ZCL to=0x94b216fffef3cf25:3595 apsFrame={"profileId":260,"clusterId":61184,"sourceEndpoint":1,"destinationEndpoint":1,"options":4352,"groupId":0,"sequence":0} header={"frameControl":{"reservedBits":0,"frameType":0,"direction":0,"disableDefaultResponse":true,"manufacturerSpecific":false},"transactionSequenceNumber":65,"commandIdentifier":11}]
[2026-09-13 15:14:19] debug: 	zh:ember:ezsp: ===> [FRAME: ID=52:"SEND_UNICAST" Seq=96 Len=26]
[2026-09-13 15:14:19] debug: 	zh:ember:uart:ash: ---> [FRAME type=DATA frmTx=0 frmRx=1](ackRx=0)
[2026-09-13 15:14:19] debug: 	z2m: Received Zigbee message from 'Nivelagua', type 'commandDataReport', cluster 'manuSpecificTuya', data '{"dpValues":[{"data":{"data":[0,0,0,81],"type":"Buffer"},"datatype":2,"dp":22}],"seq":3840}' from endpoint 1 with groupID 0
[2026-09-13 15:14:19] info: 	z2m:mqtt: MQTT publish: topic 'zigbee2mqtt/Nivelagua', payload '{"installation_height":0.75,"linkquality":136,"liquid_depth":0.38,"liquid_depth_max":0.28,"liquid_level_percent":81,"liquid_state":"high","max_set":80,"min_set":25}'
[2026-09-13 15:14:19] debug: 	zh:ember:uart:ash: <--- [FRAME type=DATA]
[2026-09-13 15:14:19] debug: 	zh:ember:uart:ash: <--- [FRAME type=DATA ackNum=1](ackRx=0 frmTx=1)
[2026-09-13 15:14:19] debug: 	zh:ember:uart:ash: <--- [FRAME type=DATA ackNum=1 frmNum=1](frmRx=1) Added to rxQueue
[2026-09-13 15:14:19] debug: 	zh:ember:uart:ash: ---> [FRAME type=ACK frmRx=2](ackRx=1)
[2026-09-13 15:14:19] debug: 	zh:ember:ezsp: <=== [FRAME: ID=52:"SEND_UNICAST" Seq=96 Len=7]
[2026-09-13 15:14:19] debug: 	zh:ember:ezsp: ~~~> [SENT type=DIRECT apsSequence=126 messageTag=59 status=OK]
[2026-09-13 15:14:19] debug: 	zh:ember:uart:ash: <--- [FRAME type=DATA]
[2026-09-13 15:14:19] debug: 	zh:ember:uart:ash: <--- [FRAME type=DATA ackNum=1](ackRx=1 frmTx=1)
[2026-09-13 15:14:19] debug: 	zh:ember:uart:ash: <--- [FRAME type=DATA ackNum=1 frmNum=2](frmRx=2) Added to rxQueue
[2026-09-13 15:14:19] debug: 	zh:ember:uart:ash: ---> [FRAME type=ACK frmRx=3](ackRx=1)
[2026-09-13 15:14:19] debug: 	zh:ember:ezsp: <=== [CBFRAME: ID=63:"MESSAGE_SENT_HANDLER" Seq=96 Len=22]
[2026-09-13 15:14:19] debug: 	zh:ember:ezsp: ezspMessageSentHandler: status=OK type=DIRECT indexOrDestination=3595 apsFrame={"profileId":260,"clusterId":61184,"sourceEndpoint":1,"destinationEndpoint":1,"options":4352,"groupId":0,"sequence":126} messageTag=59
[2026-09-13 15:14:20] debug: 	zh:ember:uart:ash: <--- [FRAME type=DATA]
[2026-09-13 15:14:20] debug: 	zh:ember:uart:ash: <--- [FRAME type=DATA ackNum=1](ackRx=1 frmTx=1)
[2026-09-13 15:14:20] debug: 	zh:ember:uart:ash: <--- [FRAME type=DATA ackNum=1 frmNum=3](frmRx=3) Added to rxQueue
[2026-09-13 15:14:20] debug: 	zh:ember:uart:ash: ---> [FRAME type=ACK frmRx=4](ackRx=1)
[2026-09-13 15:14:20] debug: 	zh:ember:ezsp: <=== [CBFRAME: ID=69:"INCOMING_MESSAGE_HANDLER" Seq=96 Len=35]
[2026-09-13 15:14:20] debug: 	zh:ember:ezsp: ezspIncomingMessageHandler: type=UNICAST apsFrame={"profileId":260,"clusterId":61184,"sourceEndpoint":1,"destinationEndpoint":1,"options":256,"groupId":0,"sequence":198} packetInfo:{"senderShortId":3595,"senderLongId":"0xffffffffffffffff","bindingIndex":255,"addressIndex":255,"lastHopLqi":136,"lastHopRssi":-66,"lastHopTimestamp":0} messageContents=09420200100104000102
[2026-09-13 15:14:20] debug: 	zh:controller: Received payload: clusterID=61184, address=3595, groupID=0, endpoint=1, destinationEndpoint=1, wasBroadcast=false, linkQuality=136, frame={"header":{"frameControl":{"frameType":1,"manufacturerSpecific":false,"direction":1,"disableDefaultResponse":false,"reservedBits":0},"transactionSequenceNumber":66,"commandIdentifier":2},"payload":{"seq":4096,"dpValues":[{"dp":1,"datatype":4,"data":{"type":"Buffer","data":[2]}}]},"command":{"name":"dataReport","ID":2,"parameters":[{"name":"seq","type":33,"max":65535},{"name":"dpValues","type":1011}]}}
[2026-09-13 15:14:20] debug: 	zh:controller:endpoint: ZCL command 0x94b216fffef3cf25/1 manuSpecificTuya.defaultRsp({"cmdId":2,"statusCode":0}, {"timeout":10000,"disableResponse":false,"disableRecovery":false,"disableDefaultResponse":true,"direction":0,"reservedBits":0,"transactionSequenceNumber":66,"writeUndiv":false})
[2026-09-13 15:14:20] debug: 	zh:ember: ~~~> [ZCL to=0x94b216fffef3cf25:3595 apsFrame={"profileId":260,"clusterId":61184,"sourceEndpoint":1,"destinationEndpoint":1,"options":4352,"groupId":0,"sequence":0} header={"frameControl":{"reservedBits":0,"frameType":0,"direction":0,"disableDefaultResponse":true,"manufacturerSpecific":false},"transactionSequenceNumber":66,"commandIdentifier":11}]
[2026-09-13 15:14:20] debug: 	zh:ember:ezsp: ===> [FRAME: ID=52:"SEND_UNICAST" Seq=97 Len=26]
[2026-09-13 15:14:20] debug: 	zh:ember:uart:ash: ---> [FRAME type=DATA frmTx=1 frmRx=4](ackRx=1)
[2026-09-13 15:14:20] debug: 	z2m: Received Zigbee message from 'Nivelagua', type 'commandDataReport', cluster 'manuSpecificTuya', data '{"dpValues":[{"data":{"data":[2],"type":"Buffer"},"datatype":4,"dp":1}],"seq":4096}' from endpoint 1 with groupID 0
[2026-09-13 15:14:20] info: 	z2m:mqtt: MQTT publish: topic 'zigbee2mqtt/Nivelagua', payload '{"installation_height":0.75,"linkquality":136,"liquid_depth":0.38,"liquid_depth_max":0.28,"liquid_level_percent":81,"liquid_state":"high","max_set":80,"min_set":25}'
[2026-09-13 15:14:20] debug: 	zh:ember:uart:ash: <--- [FRAME type=DATA]
[2026-09-13 15:14:20] debug: 	zh:ember:uart:ash: <--- [FRAME type=DATA ackNum=2](ackRx=1 frmTx=2)
[2026-09-13 15:14:20] debug: 	zh:ember:uart:ash: <--- [FRAME type=DATA ackNum=2 frmNum=4](frmRx=4) Added to rxQueue
[2026-09-13 15:14:20] debug: 	zh:ember:uart:ash: ---> [FRAME type=ACK frmRx=5](ackRx=2)
[2026-09-13 15:14:20] debug: 	zh:ember:ezsp: <=== [FRAME: ID=52:"SEND_UNICAST" Seq=97 Len=7]
[2026-09-13 15:14:20] debug: 	zh:ember:ezsp: ~~~> [SENT type=DIRECT apsSequence=127 messageTag=60 status=OK]
[2026-09-13 15:14:20] debug: 	zh:ember:uart:ash: <--- [FRAME type=DATA]
[2026-09-13 15:14:20] debug: 	zh:ember:uart:ash: <--- [FRAME type=DATA ackNum=2](ackRx=2 frmTx=2)
[2026-09-13 15:14:20] debug: 	zh:ember:uart:ash: <--- [FRAME type=DATA ackNum=2 frmNum=5](frmRx=5) Added to rxQueue
[2026-09-13 15:14:20] debug: 	zh:ember:uart:ash: ---> [FRAME type=ACK frmRx=6](ackRx=2)
[2026-09-13 15:14:20] debug: 	zh:ember:ezsp: <=== [CBFRAME: ID=63:"MESSAGE_SENT_HANDLER" Seq=97 Len=22]
[2026-09-13 15:14:20] debug: 	zh:ember:ezsp: ezspMessageSentHandler: status=OK type=DIRECT indexOrDestination=3595 apsFrame={"profileId":260,"clusterId":61184,"sourceEndpoint":1,"destinationEndpoint":1,"options":4352,"groupId":0,"sequence":127} messageTag=60
[2026-09-13 15:14:20] debug: 	zh:ember:uart:ash: <--- [FRAME type=DATA]
[2026-09-13 15:14:20] debug: 	zh:ember:uart:ash: <--- [FRAME type=DATA ackNum=2](ackRx=2 frmTx=2)
[2026-09-13 15:14:20] debug: 	zh:ember:uart:ash: <--- [FRAME type=DATA ackNum=2 frmNum=6](frmRx=6) Added to rxQueue
[2026-09-13 15:14:20] debug: 	zh:ember:uart:ash: ---> [FRAME type=ACK frmRx=7](ackRx=2)
[2026-09-13 15:14:20] debug: 	zh:ember:ezsp: <=== [CBFRAME: ID=69:"INCOMING_MESSAGE_HANDLER" Seq=97 Len=38]
[2026-09-13 15:14:20] debug: 	zh:ember:ezsp: ezspIncomingMessageHandler: type=UNICAST apsFrame={"profileId":260,"clusterId":61184,"sourceEndpoint":1,"destinationEndpoint":1,"options":256,"groupId":0,"sequence":199} packetInfo:{"senderShortId":3595,"senderLongId":"0xffffffffffffffff","bindingIndex":255,"addressIndex":255,"lastHopLqi":136,"lastHopRssi":-66,"lastHopTimestamp":0} messageContents=09430200110202000400000026
[2026-09-13 15:14:20] debug: 	zh:controller: Received payload: clusterID=61184, address=3595, groupID=0, endpoint=1, destinationEndpoint=1, wasBroadcast=false, linkQuality=136, frame={"header":{"frameControl":{"frameType":1,"manufacturerSpecific":false,"direction":1,"disableDefaultResponse":false,"reservedBits":0},"transactionSequenceNumber":67,"commandIdentifier":2},"payload":{"seq":4352,"dpValues":[{"dp":2,"datatype":2,"data":{"type":"Buffer","data":[0,0,0,38]}}]},"command":{"name":"dataReport","ID":2,"parameters":[{"name":"seq","type":33,"max":65535},{"name":"dpValues","type":1011}]}}
[2026-09-13 15:14:20] debug: 	zh:controller:endpoint: ZCL command 0x94b216fffef3cf25/1 manuSpecificTuya.defaultRsp({"cmdId":2,"statusCode":0}, {"timeout":10000,"disableResponse":false,"disableRecovery":false,"disableDefaultResponse":true,"direction":0,"reservedBits":0,"transactionSequenceNumber":67,"writeUndiv":false})
[2026-09-13 15:14:20] debug: 	zh:ember: ~~~> [ZCL to=0x94b216fffef3cf25:3595 apsFrame={"profileId":260,"clusterId":61184,"sourceEndpoint":1,"destinationEndpoint":1,"options":4352,"groupId":0,"sequence":0} header={"frameControl":{"reservedBits":0,"frameType":0,"direction":0,"disableDefaultResponse":true,"manufacturerSpecific":false},"transactionSequenceNumber":67,"commandIdentifier":11}]
[2026-09-13 15:14:20] debug: 	zh:ember:ezsp: ===> [FRAME: ID=52:"SEND_UNICAST" Seq=98 Len=26]
[2026-09-13 15:14:20] debug: 	zh:ember:uart:ash: ---> [FRAME type=DATA frmTx=2 frmRx=7](ackRx=2)
[2026-09-13 15:14:20] debug: 	z2m: Received Zigbee message from 'Nivelagua', type 'commandDataReport', cluster 'manuSpecificTuya', data '{"dpValues":[{"data":{"data":[0,0,0,38],"type":"Buffer"},"datatype":2,"dp":2}],"seq":4352}' from endpoint 1 with groupID 0
[2026-09-13 15:14:20] info: 	z2m:mqtt: MQTT publish: topic 'zigbee2mqtt/Nivelagua', payload '{"installation_height":0.75,"linkquality":136,"liquid_depth":0.38,"liquid_depth_max":0.28,"liquid_level_percent":81,"liquid_state":"high","max_set":80,"min_set":25}'
[2026-09-13 15:14:20] debug: 	zh:ember:uart:ash: <--- [FRAME type=DATA]
[2026-09-13 15:14:20] debug: 	zh:ember:uart:ash: <--- [FRAME type=DATA ackNum=3](ackRx=2 frmTx=3)
[2026-09-13 15:14:20] debug: 	zh:ember:uart:ash: <--- [FRAME type=DATA ackNum=3 frmNum=7](frmRx=7) Added to rxQueue
[2026-09-13 15:14:20] debug: 	zh:ember:uart:ash: ---> [FRAME type=ACK frmRx=0](ackRx=3)
[2026-09-13 15:14:20] debug: 	zh:ember:ezsp: <=== [FRAME: ID=52:"SEND_UNICAST" Seq=98 Len=7]
[2026-09-13 15:14:20] debug: 	zh:ember:ezsp: ~~~> [SENT type=DIRECT apsSequence=128 messageTag=61 status=OK]
[2026-09-13 15:14:20] debug: 	zh:ember:uart:ash: <--- [FRAME type=DATA]
[2026-09-13 15:14:20] debug: 	zh:ember:uart:ash: <--- [FRAME type=DATA ackNum=3](ackRx=3 frmTx=3)
[2026-09-13 15:14:20] debug: 	zh:ember:uart:ash: <--- [FRAME type=DATA ackNum=3 frmNum=0](frmRx=0) Added to rxQueue
[2026-09-13 15:14:20] debug: 	zh:ember:uart:ash: ---> [FRAME type=ACK frmRx=1](ackRx=3)
[2026-09-13 15:14:20] debug: 	zh:ember:ezsp: <=== [CBFRAME: ID=63:"MESSAGE_SENT_HANDLER" Seq=98 Len=22]
[2026-09-13 15:14:20] debug: 	zh:ember:ezsp: ezspMessageSentHandler: status=OK type=DIRECT indexOrDestination=3595 apsFrame={"profileId":260,"clusterId":61184,"sourceEndpoint":1,"destinationEndpoint":1,"options":4352,"groupId":0,"sequence":128} messageTag=61
[2026-09-13 15:14:20] debug: 	zh:ember:uart:ash: <--- [FRAME type=DATA]
[2026-09-13 15:14:20] debug: 	zh:ember:uart:ash: <--- [FRAME type=DATA ackNum=3](ackRx=3 frmTx=3)
[2026-09-13 15:14:20] debug: 	zh:ember:uart:ash: <--- [FRAME type=DATA ackNum=3 frmNum=1](frmRx=1) Added to rxQueue
[2026-09-13 15:14:20] debug: 	zh:ember:uart:ash: ---> [FRAME type=ACK frmRx=2](ackRx=3)
[2026-09-13 15:14:20] debug: 	zh:ember:ezsp: <=== [CBFRAME: ID=69:"INCOMING_MESSAGE_HANDLER" Seq=98 Len=38]
[2026-09-13 15:14:20] debug: 	zh:ember:ezsp: ezspIncomingMessageHandler: type=UNICAST apsFrame={"profileId":260,"clusterId":61184,"sourceEndpoint":1,"destinationEndpoint":1,"options":256,"groupId":0,"sequence":200} packetInfo:{"senderShortId":3595,"senderLongId":"0xffffffffffffffff","bindingIndex":255,"addressIndex":255,"lastHopLqi":136,"lastHopRssi":-66,"lastHopTimestamp":0} messageContents=09440200121602000400000051
[2026-09-13 15:14:20] debug: 	zh:controller: Received payload: clusterID=61184, address=3595, groupID=0, endpoint=1, destinationEndpoint=1, wasBroadcast=false, linkQuality=136, frame={"header":{"frameControl":{"frameType":1,"manufacturerSpecific":false,"direction":1,"disableDefaultResponse":false,"reservedBits":0},"transactionSequenceNumber":68,"commandIdentifier":2},"payload":{"seq":4608,"dpValues":[{"dp":22,"datatype":2,"data":{"type":"Buffer","data":[0,0,0,81]}}]},"command":{"name":"dataReport","ID":2,"parameters":[{"name":"seq","type":33,"max":65535},{"name":"dpValues","type":1011}]}}
[2026-09-13 15:14:20] debug: 	zh:controller:endpoint: ZCL command 0x94b216fffef3cf25/1 manuSpecificTuya.defaultRsp({"cmdId":2,"statusCode":0}, {"timeout":10000,"disableResponse":false,"disableRecovery":false,"disableDefaultResponse":true,"direction":0,"reservedBits":0,"transactionSequenceNumber":68,"writeUndiv":false})
[2026-09-13 15:14:20] debug: 	zh:ember: ~~~> [ZCL to=0x94b216fffef3cf25:3595 apsFrame={"profileId":260,"clusterId":61184,"sourceEndpoint":1,"destinationEndpoint":1,"options":4352,"groupId":0,"sequence":0} header={"frameControl":{"reservedBits":0,"frameType":0,"direction":0,"disableDefaultResponse":true,"manufacturerSpecific":false},"transactionSequenceNumber":68,"commandIdentifier":11}]
[2026-09-13 15:14:20] debug: 	zh:ember:ezsp: ===> [FRAME: ID=52:"SEND_UNICAST" Seq=99 Len=26]
[2026-09-13 15:14:20] debug: 	zh:ember:uart:ash: ---> [FRAME type=DATA frmTx=3 frmRx=2](ackRx=3)
[2026-09-13 15:14:20] debug: 	z2m: Received Zigbee message from 'Nivelagua', type 'commandDataReport', cluster 'manuSpecificTuya', data '{"dpValues":[{"data":{"data":[0,0,0,81],"type":"Buffer"},"datatype":2,"dp":22}],"seq":4608}' from endpoint 1 with groupID 0
[2026-09-13 15:14:20] info: 	z2m:mqtt: MQTT publish: topic 'zigbee2mqtt/Nivelagua', payload '{"installation_height":0.75,"linkquality":136,"liquid_depth":0.38,"liquid_depth_max":0.28,"liquid_level_percent":81,"liquid_state":"high","max_set":80,"min_set":25}'
[2026-09-13 15:14:20] debug: 	zh:ember:uart:ash: <--- [FRAME type=DATA]
[2026-09-13 15:14:20] debug: 	zh:ember:uart:ash: <--- [FRAME type=DATA ackNum=4](ackRx=3 frmTx=4)
[2026-09-13 15:14:20] debug: 	zh:ember:uart:ash: <--- [FRAME type=DATA ackNum=4 frmNum=2](frmRx=2) Added to rxQueue
[2026-09-13 15:14:20] debug: 	zh:ember:uart:ash: ---> [FRAME type=ACK frmRx=3](ackRx=4)
[2026-09-13 15:14:20] debug: 	zh:ember:ezsp: <=== [FRAME: ID=52:"SEND_UNICAST" Seq=99 Len=7]
[2026-09-13 15:14:20] debug: 	zh:ember:ezsp: ~~~> [SENT type=DIRECT apsSequence=129 messageTag=62 status=OK]
[2026-09-13 15:14:20] debug: 	zh:ember:uart:ash: <--- [FRAME type=DATA]
[2026-09-13 15:14:20] debug: 	zh:ember:uart:ash: <--- [FRAME type=DATA ackNum=4](ackRx=4 frmTx=4)
[2026-09-13 15:14:20] debug: 	zh:ember:uart:ash: <--- [FRAME type=DATA ackNum=4 frmNum=3](frmRx=3) Added to rxQueue
[2026-09-13 15:14:20] debug: 	zh:ember:uart:ash: ---> [FRAME type=ACK frmRx=4](ackRx=4)
[2026-09-13 15:14:20] debug: 	zh:ember:ezsp: <=== [CBFRAME: ID=63:"MESSAGE_SENT_HANDLER" Seq=99 Len=22]
[2026-09-13 15:14:20] debug: 	zh:ember:ezsp: ezspMessageSentHandler: status=OK type=DIRECT indexOrDestination=3595 apsFrame={"profileId":260,"clusterId":61184,"sourceEndpoint":1,"destinationEndpoint":1,"options":4352,"groupId":0,"sequence":129} messageTag=62
[2026-09-13 15:14:21] debug: 	zh:ember:uart:ash: <--- [FRAME type=DATA]
[2026-09-13 15:14:21] debug: 	zh:ember:uart:ash: <--- [FRAME type=DATA ackNum=4](ackRx=4 frmTx=4)
[2026-09-13 15:14:21] debug: 	zh:ember:uart:ash: <--- [FRAME type=DATA ackNum=4 frmNum=4](frmRx=4) Added to rxQueue
[2026-09-13 15:14:21] debug: 	zh:ember:uart:ash: ---> [FRAME type=ACK frmRx=5](ackRx=4)
[2026-09-13 15:14:21] debug: 	zh:ember:ezsp: <=== [CBFRAME: ID=69:"INCOMING_MESSAGE_HANDLER" Seq=99 Len=35]
[2026-09-13 15:14:21] debug: 	zh:ember:ezsp: ezspIncomingMessageHandler: type=UNICAST apsFrame={"profileId":260,"clusterId":61184,"sourceEndpoint":1,"destinationEndpoint":1,"options":256,"groupId":0,"sequence":201} packetInfo:{"senderShortId":3595,"senderLongId":"0xffffffffffffffff","bindingIndex":255,"addressIndex":255,"lastHopLqi":136,"lastHopRssi":-66,"lastHopTimestamp":0} messageContents=09450200130104000102
[2026-09-13 15:14:21] debug: 	zh:controller: Received payload: clusterID=61184, address=3595, groupID=0, endpoint=1, destinationEndpoint=1, wasBroadcast=false, linkQuality=136, frame={"header":{"frameControl":{"frameType":1,"manufacturerSpecific":false,"direction":1,"disableDefaultResponse":false,"reservedBits":0},"transactionSequenceNumber":69,"commandIdentifier":2},"payload":{"seq":4864,"dpValues":[{"dp":1,"datatype":4,"data":{"type":"Buffer","data":[2]}}]},"command":{"name":"dataReport","ID":2,"parameters":[{"name":"seq","type":33,"max":65535},{"name":"dpValues","type":1011}]}}
[2026-09-13 15:14:21] debug: 	zh:controller:endpoint: ZCL command 0x94b216fffef3cf25/1 manuSpecificTuya.defaultRsp({"cmdId":2,"statusCode":0}, {"timeout":10000,"disableResponse":false,"disableRecovery":false,"disableDefaultResponse":true,"direction":0,"reservedBits":0,"transactionSequenceNumber":69,"writeUndiv":false})
[2026-09-13 15:14:21] debug: 	zh:ember: ~~~> [ZCL to=0x94b216fffef3cf25:3595 apsFrame={"profileId":260,"clusterId":61184,"sourceEndpoint":1,"destinationEndpoint":1,"options":4352,"groupId":0,"sequence":0} header={"frameControl":{"reservedBits":0,"frameType":0,"direction":0,"disableDefaultResponse":true,"manufacturerSpecific":false},"transactionSequenceNumber":69,"commandIdentifier":11}]
[2026-09-13 15:14:21] debug: 	zh:ember:ezsp: ===> [FRAME: ID=52:"SEND_UNICAST" Seq=100 Len=26]
[2026-09-13 15:14:21] debug: 	zh:ember:uart:ash: ---> [FRAME type=DATA frmTx=4 frmRx=5](ackRx=4)
[2026-09-13 15:14:21] debug: 	z2m: Received Zigbee message from 'Nivelagua', type 'commandDataReport', cluster 'manuSpecificTuya', data '{"dpValues":[{"data":{"data":[2],"type":"Buffer"},"datatype":4,"dp":1}],"seq":4864}' from endpoint 1 with groupID 0
[2026-09-13 15:14:21] info: 	z2m:mqtt: MQTT publish: topic 'zigbee2mqtt/Nivelagua', payload '{"installation_height":0.75,"linkquality":136,"liquid_depth":0.38,"liquid_depth_max":0.28,"liquid_level_percent":81,"liquid_state":"high","max_set":80,"min_set":25}'
[2026-09-13 15:14:21] debug: 	zh:ember:uart:ash: <--- [FRAME type=DATA]
[2026-09-13 15:14:21] debug: 	zh:ember:uart:ash: <--- [FRAME type=DATA ackNum=5](ackRx=4 frmTx=5)
[2026-09-13 15:14:21] debug: 	zh:ember:uart:ash: <--- [FRAME type=DATA ackNum=5 frmNum=5](frmRx=5) Added to rxQueue
[2026-09-13 15:14:21] debug: 	zh:ember:uart:ash: ---> [FRAME type=ACK frmRx=6](ackRx=5)
[2026-09-13 15:14:21] debug: 	zh:ember:ezsp: <=== [FRAME: ID=52:"SEND_UNICAST" Seq=100 Len=7]
[2026-09-13 15:14:21] debug: 	zh:ember:ezsp: ~~~> [SENT type=DIRECT apsSequence=130 messageTag=63 status=OK]
[2026-09-13 15:14:21] debug: 	zh:ember:uart:ash: <--- [FRAME type=DATA]
[2026-09-13 15:14:21] debug: 	zh:ember:uart:ash: <--- [FRAME type=DATA ackNum=5](ackRx=5 frmTx=5)
[2026-09-13 15:14:21] debug: 	zh:ember:uart:ash: <--- [FRAME type=DATA ackNum=5 frmNum=6](frmRx=6) Added to rxQueue
[2026-09-13 15:14:21] debug: 	zh:ember:uart:ash: ---> [FRAME type=ACK frmRx=7](ackRx=5)
[2026-09-13 15:14:21] debug: 	zh:ember:ezsp: <=== [CBFRAME: ID=63:"MESSAGE_SENT_HANDLER" Seq=100 Len=22]
[2026-09-13 15:14:21] debug: 	zh:ember:ezsp: ezspMessageSentHandler: status=OK type=DIRECT indexOrDestination=3595 apsFrame={"profileId":260,"clusterId":61184,"sourceEndpoint":1,"destinationEndpoint":1,"options":4352,"groupId":0,"sequence":130} messageTag=63
[2026-09-13 15:14:21] debug: 	zh:ember:uart:ash: <--- [FRAME type=DATA]
[2026-09-13 15:14:21] debug: 	zh:ember:uart:ash: <--- [FRAME type=DATA ackNum=5](ackRx=5 frmTx=5)
[2026-09-13 15:14:21] debug: 	zh:ember:uart:ash: <--- [FRAME type=DATA ackNum=5 frmNum=7](frmRx=7) Added to rxQueue
[2026-09-13 15:14:21] debug: 	zh:ember:uart:ash: ---> [FRAME type=ACK frmRx=0](ackRx=5)
[2026-09-13 15:14:21] debug: 	zh:ember:ezsp: <=== [CBFRAME: ID=69:"INCOMING_MESSAGE_HANDLER" Seq=100 Len=38]
[2026-09-13 15:14:21] debug: 	zh:ember:ezsp: ezspIncomingMessageHandler: type=UNICAST apsFrame={"profileId":260,"clusterId":61184,"sourceEndpoint":1,"destinationEndpoint":1,"options":256,"groupId":0,"sequence":202} packetInfo:{"senderShortId":3595,"senderLongId":"0xffffffffffffffff","bindingIndex":255,"addressIndex":255,"lastHopLqi":136,"lastHopRssi":-66,"lastHopTimestamp":0} messageContents=09460200140202000400000026
[2026-09-13 15:14:21] debug: 	zh:controller: Received payload: clusterID=61184, address=3595, groupID=0, endpoint=1, destinationEndpoint=1, wasBroadcast=false, linkQuality=136, frame={"header":{"frameControl":{"frameType":1,"manufacturerSpecific":false,"direction":1,"disableDefaultResponse":false,"reservedBits":0},"transactionSequenceNumber":70,"commandIdentifier":2},"payload":{"seq":5120,"dpValues":[{"dp":2,"datatype":2,"data":{"type":"Buffer","data":[0,0,0,38]}}]},"command":{"name":"dataReport","ID":2,"parameters":[{"name":"seq","type":33,"max":65535},{"name":"dpValues","type":1011}]}}
[2026-09-13 15:14:21] debug: 	zh:controller:endpoint: ZCL command 0x94b216fffef3cf25/1 manuSpecificTuya.defaultRsp({"cmdId":2,"statusCode":0}, {"timeout":10000,"disableResponse":false,"disableRecovery":false,"disableDefaultResponse":true,"direction":0,"reservedBits":0,"transactionSequenceNumber":70,"writeUndiv":false})
[2026-09-13 15:14:21] debug: 	zh:ember: ~~~> [ZCL to=0x94b216fffef3cf25:3595 apsFrame={"profileId":260,"clusterId":61184,"sourceEndpoint":1,"destinationEndpoint":1,"options":4352,"groupId":0,"sequence":0} header={"frameControl":{"reservedBits":0,"frameType":0,"direction":0,"disableDefaultResponse":true,"manufacturerSpecific":false},"transactionSequenceNumber":70,"commandIdentifier":11}]
[2026-09-13 15:14:21] debug: 	zh:ember:ezsp: ===> [FRAME: ID=52:"SEND_UNICAST" Seq=101 Len=26]
[2026-09-13 15:14:21] debug: 	zh:ember:uart:ash: ---> [FRAME type=DATA frmTx=5 frmRx=0](ackRx=5)
[2026-09-13 15:14:21] debug: 	z2m: Received Zigbee message from 'Nivelagua', type 'commandDataReport', cluster 'manuSpecificTuya', data '{"dpValues":[{"data":{"data":[0,0,0,38],"type":"Buffer"},"datatype":2,"dp":2}],"seq":5120}' from endpoint 1 with groupID 0
[2026-09-13 15:14:21] info: 	z2m:mqtt: MQTT publish: topic 'zigbee2mqtt/Nivelagua', payload '{"installation_height":0.75,"linkquality":136,"liquid_depth":0.38,"liquid_depth_max":0.28,"liquid_level_percent":81,"liquid_state":"high","max_set":80,"min_set":25}'
[2026-09-13 15:14:21] debug: 	zh:ember:uart:ash: <--- [FRAME type=DATA]
[2026-09-13 15:14:21] debug: 	zh:ember:uart:ash: <--- [FRAME type=DATA ackNum=6](ackRx=5 frmTx=6)
[2026-09-13 15:14:21] debug: 	zh:ember:uart:ash: <--- [FRAME type=DATA ackNum=6 frmNum=0](frmRx=0) Added to rxQueue
[2026-09-13 15:14:21] debug: 	zh:ember:uart:ash: ---> [FRAME type=ACK frmRx=1](ackRx=6)
[2026-09-13 15:14:21] debug: 	zh:ember:ezsp: <=== [FRAME: ID=52:"SEND_UNICAST" Seq=101 Len=7]
[2026-09-13 15:14:21] debug: 	zh:ember:ezsp: ~~~> [SENT type=DIRECT apsSequence=131 messageTag=64 status=OK]
[2026-09-13 15:14:21] debug: 	zh:ember:uart:ash: <--- [FRAME type=DATA]
[2026-09-13 15:14:21] debug: 	zh:ember:uart:ash: <--- [FRAME type=DATA ackNum=6](ackRx=6 frmTx=6)
[2026-09-13 15:14:21] debug: 	zh:ember:uart:ash: <--- [FRAME type=DATA ackNum=6 frmNum=1](frmRx=1) Added to rxQueue
[2026-09-13 15:14:21] debug: 	zh:ember:uart:ash: ---> [FRAME type=ACK frmRx=2](ackRx=6)
[2026-09-13 15:14:21] debug: 	zh:ember:ezsp: <=== [CBFRAME: ID=63:"MESSAGE_SENT_HANDLER" Seq=101 Len=22]
[2026-09-13 15:14:21] debug: 	zh:ember:ezsp: ezspMessageSentHandler: status=OK type=DIRECT indexOrDestination=3595 apsFrame={"profileId":260,"clusterId":61184,"sourceEndpoint":1,"destinationEndpoint":1,"options":4352,"groupId":0,"sequence":131} messageTag=64
[2026-09-13 15:14:21] debug: 	zh:ember:uart:ash: <--- [FRAME type=DATA]
[2026-09-13 15:14:21] debug: 	zh:ember:uart:ash: <--- [FRAME type=DATA ackNum=6](ackRx=6 frmTx=6)
[2026-09-13 15:14:21] debug: 	zh:ember:uart:ash: <--- [FRAME type=DATA ackNum=6 frmNum=2](frmRx=2) Added to rxQueue
[2026-09-13 15:14:21] debug: 	zh:ember:uart:ash: ---> [FRAME type=ACK frmRx=3](ackRx=6)
[2026-09-13 15:14:21] debug: 	zh:ember:ezsp: <=== [CBFRAME: ID=69:"INCOMING_MESSAGE_HANDLER" Seq=101 Len=38]
[2026-09-13 15:14:21] debug: 	zh:ember:ezsp: ezspIncomingMessageHandler: type=UNICAST apsFrame={"profileId":260,"clusterId":61184,"sourceEndpoint":1,"destinationEndpoint":1,"options":256,"groupId":0,"sequence":203} packetInfo:{"senderShortId":3595,"senderLongId":"0xffffffffffffffff","bindingIndex":255,"addressIndex":255,"lastHopLqi":136,"lastHopRssi":-66,"lastHopTimestamp":0} messageContents=09470200151602000400000051
[2026-09-13 15:14:21] debug: 	zh:controller: Received payload: clusterID=61184, address=3595, groupID=0, endpoint=1, destinationEndpoint=1, wasBroadcast=false, linkQuality=136, frame={"header":{"frameControl":{"frameType":1,"manufacturerSpecific":false,"direction":1,"disableDefaultResponse":false,"reservedBits":0},"transactionSequenceNumber":71,"commandIdentifier":2},"payload":{"seq":5376,"dpValues":[{"dp":22,"datatype":2,"data":{"type":"Buffer","data":[0,0,0,81]}}]},"command":{"name":"dataReport","ID":2,"parameters":[{"name":"seq","type":33,"max":65535},{"name":"dpValues","type":1011}]}}
[2026-09-13 15:14:21] debug: 	zh:controller:endpoint: ZCL command 0x94b216fffef3cf25/1 manuSpecificTuya.defaultRsp({"cmdId":2,"statusCode":0}, {"timeout":10000,"disableResponse":false,"disableRecovery":false,"disableDefaultResponse":true,"direction":0,"reservedBits":0,"transactionSequenceNumber":71,"writeUndiv":false})
[2026-09-13 15:14:21] debug: 	zh:ember: ~~~> [ZCL to=0x94b216fffef3cf25:3595 apsFrame={"profileId":260,"clusterId":61184,"sourceEndpoint":1,"destinationEndpoint":1,"options":4352,"groupId":0,"sequence":0} header={"frameControl":{"reservedBits":0,"frameType":0,"direction":0,"disableDefaultResponse":true,"manufacturerSpecific":false},"transactionSequenceNumber":71,"commandIdentifier":11}]
[2026-09-13 15:14:21] debug: 	zh:ember:ezsp: ===> [FRAME: ID=52:"SEND_UNICAST" Seq=102 Len=26]
[2026-09-13 15:14:21] debug: 	zh:ember:uart:ash: ---> [FRAME type=DATA frmTx=6 frmRx=3](ackRx=6)
[2026-09-13 15:14:21] debug: 	z2m: Received Zigbee message from 'Nivelagua', type 'commandDataReport', cluster 'manuSpecificTuya', data '{"dpValues":[{"data":{"data":[0,0,0,81],"type":"Buffer"},"datatype":2,"dp":22}],"seq":5376}' from endpoint 1 with groupID 0
[2026-09-13 15:14:21] info: 	z2m:mqtt: MQTT publish: topic 'zigbee2mqtt/Nivelagua', payload '{"installation_height":0.75,"linkquality":136,"liquid_depth":0.38,"liquid_depth_max":0.28,"liquid_level_percent":81,"liquid_state":"high","max_set":80,"min_set":25}'
[2026-09-13 15:14:21] debug: 	zh:ember:uart:ash: <--- [FRAME type=DATA]
[2026-09-13 15:14:21] debug: 	zh:ember:uart:ash: <--- [FRAME type=DATA ackNum=7](ackRx=6 frmTx=7)
[2026-09-13 15:14:21] debug: 	zh:ember:uart:ash: <--- [FRAME type=DATA ackNum=7 frmNum=3](frmRx=3) Added to rxQueue
[2026-09-13 15:14:21] debug: 	zh:ember:uart:ash: ---> [FRAME type=ACK frmRx=4](ackRx=7)
[2026-09-13 15:14:21] debug: 	zh:ember:ezsp: <=== [FRAME: ID=52:"SEND_UNICAST" Seq=102 Len=7]
[2026-09-13 15:14:21] debug: 	zh:ember:ezsp: ~~~> [SENT type=DIRECT apsSequence=132 messageTag=65 status=OK]
[2026-09-13 15:14:21] debug: 	zh:ember:uart:ash: <--- [FRAME type=DATA]
[2026-09-13 15:14:21] debug: 	zh:ember:uart:ash: <--- [FRAME type=DATA ackNum=7](ackRx=7 frmTx=7)
[2026-09-13 15:14:21] debug: 	zh:ember:uart:ash: <--- [FRAME type=DATA ackNum=7 frmNum=4](frmRx=4) Added to rxQueue
[2026-09-13 15:14:21] debug: 	zh:ember:uart:ash: ---> [FRAME type=ACK frmRx=5](ackRx=7)
[2026-09-13 15:14:21] debug: 	zh:ember:ezsp: <=== [CBFRAME: ID=63:"MESSAGE_SENT_HANDLER" Seq=102 Len=22]
[2026-09-13 15:14:21] debug: 	zh:ember:ezsp: ezspMessageSentHandler: status=OK type=DIRECT indexOrDestination=3595 apsFrame={"profileId":260,"clusterId":61184,"sourceEndpoint":1,"destinationEndpoint":1,"options":4352,"groupId":0,"sequence":132} messageTag=65
[2026-09-13 15:14:22] info: 	z2m: Stopping Zigbee2MQTT (restart=false, code=0, signal=SIGTERM)
[2026-09-13 15:14:22] debug: 	z2m: Saving state to file /config/zigbee2mqtt/state.json
[2026-09-13 15:14:22] info: 	z2m:mqtt: MQTT publish: topic 'zigbee2mqtt/bridge/state', payload '{"state":"offline"}'
[2026-09-13 15:14:22] info: 	z2m: Disconnecting from MQTT server
[2026-09-13 15:14:22] info: 	z2m: Stopping zigbee-herdsman...
[2026-09-13 15:14:22] debug: 	zh:controller: Disable joining
[2026-09-13 15:14:22] debug: 	zh:ember: ~~~> [ZCL BROADCAST apsFrame={"profileId":41440,"clusterId":33,"sourceEndpoint":242,"destinationEndpoint":242,"options":4416,"groupId":65533,"sequence":0} header={"frameControl":{"reservedBits":0,"frameType":1,"direction":1,"disableDefaultResponse":true,"manufacturerSpecific":false},"transactionSequenceNumber":9,"commandIdentifier":2}]
[2026-09-13 15:14:22] debug: 	zh:ember:ezsp: ===> [FRAME: ID=54:"SEND_BROADCAST" Seq=103 Len=27]
[2026-09-13 15:14:22] debug: 	zh:ember:uart:ash: ---> [FRAME type=DATA frmTx=7 frmRx=5](ackRx=7)
[2026-09-13 15:14:22] debug: 	zh:ember:uart:ash: <--- [FRAME type=DATA]
[2026-09-13 15:14:22] debug: 	zh:ember:uart:ash: <--- [FRAME type=DATA ackNum=0](ackRx=7 frmTx=0)
[2026-09-13 15:14:22] debug: 	zh:ember:uart:ash: <--- [FRAME type=DATA ackNum=0 frmNum=5](frmRx=5) Added to rxQueue
[2026-09-13 15:14:22] debug: 	zh:ember:uart:ash: ---> [FRAME type=ACK frmRx=6](ackRx=0)
[2026-09-13 15:14:22] debug: 	zh:ember:ezsp: <=== [FRAME: ID=54:"SEND_BROADCAST" Seq=103 Len=7]
[2026-09-13 15:14:22] debug: 	zh:ember:ezsp: ~~~> [SENT type=BROADCAST apsSequence=133 messageTag=66 status=OK]
[2026-09-13 15:14:22] debug: 	zh:ember:uart:ash: <--- [FRAME type=DATA]
[2026-09-13 15:14:22] debug: 	zh:ember:uart:ash: <--- [FRAME type=DATA ackNum=0](ackRx=0 frmTx=0)
[2026-09-13 15:14:22] debug: 	zh:ember:uart:ash: <--- [FRAME type=DATA ackNum=0 frmNum=6](frmRx=6) Added to rxQueue
[2026-09-13 15:14:22] debug: 	zh:ember:uart:ash: ---> [FRAME type=ACK frmRx=7](ackRx=0)
[2026-09-13 15:14:22] debug: 	zh:ember:ezsp: <=== [CBFRAME: ID=69:"INCOMING_MESSAGE_HANDLER" Seq=103 Len=30]
[2026-09-13 15:14:22] debug: 	zh:ember:ezsp: ezspIncomingMessageHandler: type=BROADCAST_LOOPBACK apsFrame={"profileId":41440,"clusterId":33,"sourceEndpoint":242,"destinationEndpoint":242,"options":256,"groupId":0,"sequence":133} packetInfo:{"senderShortId":0,"senderLongId":"0xffffffffffffffff","bindingIndex":255,"addressIndex":255,"lastHopLqi":255,"lastHopRssi":0,"lastHopTimestamp":0} messageContents=1909020a0000
[2026-09-13 15:14:22] debug: 	zh:ember:uart:ash: <--- [FRAME type=DATA]
[2026-09-13 15:14:22] debug: 	zh:ember:uart:ash: <--- [FRAME type=DATA ackNum=0](ackRx=0 frmTx=0)
[2026-09-13 15:14:22] debug: 	zh:ember:uart:ash: <--- [FRAME type=DATA ackNum=0 frmNum=7](frmRx=7) Added to rxQueue
[2026-09-13 15:14:22] debug: 	zh:ember:uart:ash: ---> [FRAME type=ACK frmRx=0](ackRx=0)
[2026-09-13 15:14:22] debug: 	zh:ember:ezsp: <=== [CBFRAME: ID=69:"INCOMING_MESSAGE_HANDLER" Seq=103 Len=35]
[2026-09-13 15:14:22] debug: 	zh:ember:ezsp: ezspIncomingMessageHandler: type=UNICAST apsFrame={"profileId":260,"clusterId":61184,"sourceEndpoint":1,"destinationEndpoint":1,"options":256,"groupId":0,"sequence":204} packetInfo:{"senderShortId":3595,"senderLongId":"0xffffffffffffffff","bindingIndex":255,"addressIndex":255,"lastHopLqi":136,"lastHopRssi":-66,"lastHopTimestamp":0} messageContents=09480200160104000102
[2026-09-13 15:14:22] debug: 	zh:ember:ezsp: ===> [FRAME: ID=107:"CLEAR_TRANSIENT_LINK_KEYS" Seq=104 Len=5]
[2026-09-13 15:14:22] debug: 	zh:ember:uart:ash: ---> [FRAME type=DATA frmTx=0 frmRx=0](ackRx=0)
[2026-09-13 15:14:22] debug: 	zh:ember:uart:ash: <--- [FRAME type=DATA]
[2026-09-13 15:14:22] debug: 	zh:ember:uart:ash: <--- [FRAME type=DATA ackNum=1](ackRx=0 frmTx=1)
[2026-09-13 15:14:22] debug: 	zh:ember:uart:ash: <--- [FRAME type=DATA ackNum=1 frmNum=0](frmRx=0) Added to rxQueue
[2026-09-13 15:14:22] debug: 	zh:ember:uart:ash: ---> [FRAME type=ACK frmRx=1](ackRx=1)
[2026-09-13 15:14:22] debug: 	zh:ember:uart:ash: <--- [FRAME type=DATA]
[2026-09-13 15:14:22] debug: 	zh:ember:uart:ash: <--- [FRAME type=DATA ackNum=1](ackRx=1 frmTx=1)
[2026-09-13 15:14:22] debug: 	zh:ember:uart:ash: <--- [FRAME type=DATA ackNum=1 frmNum=1](frmRx=1) Added to rxQueue
[2026-09-13 15:14:22] debug: 	zh:ember:uart:ash: ---> [FRAME type=ACK frmRx=2](ackRx=1)
[2026-09-13 15:14:22] debug: 	zh:ember:ezsp: <=== [FRAME: ID=107:"CLEAR_TRANSIENT_LINK_KEYS" Seq=104 Len=5]
[2026-09-13 15:14:22] debug: 	zh:ember:ezsp: ===> [FRAME: ID=85:"SET_POLICY" Seq=105 Len=7]
[2026-09-13 15:14:22] debug: 	zh:ember:uart:ash: ---> [FRAME type=DATA frmTx=1 frmRx=2](ackRx=1)
[2026-09-13 15:14:22] debug: 	zh:ember:ezsp: <=== [CBFRAME: ID=155:"ZIGBEE_KEY_ESTABLISHMENT_HANDLER" Seq=104 Len=14]
[2026-09-13 15:14:22] debug: 	zh:ember:ezsp: ezspZigbeeKeyEstablishmentHandler: partner=0xffffffffffffffff status=TC_REQUESTER_VERIFY_KEY_TIMEOUT
[2026-09-13 15:14:22] debug: 	zh:ember:uart:ash: <--- [FRAME type=DATA]
[2026-09-13 15:14:22] debug: 	zh:ember:uart:ash: <--- [FRAME type=DATA ackNum=2](ackRx=1 frmTx=2)
[2026-09-13 15:14:22] debug: 	zh:ember:uart:ash: <--- [FRAME type=DATA ackNum=2 frmNum=2](frmRx=2) Added to rxQueue
[2026-09-13 15:14:22] debug: 	zh:ember:uart:ash: ---> [FRAME type=ACK frmRx=3](ackRx=2)
[2026-09-13 15:14:22] debug: 	zh:ember:ezsp: <=== [FRAME: ID=85:"SET_POLICY" Seq=105 Len=6]
[2026-09-13 15:14:22] debug: 	zh:ember: [EzspPolicyId] SET 'TRUST_CENTER_POLICY' TO '2' with status=OK.
[2026-09-13 15:14:22] debug: 	zh:ember:ezsp: ===> [FRAME: ID=34:"PERMIT_JOINING" Seq=106 Len=6]
[2026-09-13 15:14:22] debug: 	zh:ember:uart:ash: ---> [FRAME type=DATA frmTx=2 frmRx=3](ackRx=2)
[2026-09-13 15:14:22] debug: 	zh:ember:uart:ash: <--- [FRAME type=DATA]
[2026-09-13 15:14:22] debug: 	zh:ember:uart:ash: <--- [FRAME type=DATA ackNum=3](ackRx=2 frmTx=3)
[2026-09-13 15:14:22] debug: 	zh:ember:uart:ash: <--- [FRAME type=DATA ackNum=3 frmNum=3](frmRx=3) Added to rxQueue
[2026-09-13 15:14:22] debug: 	zh:ember:uart:ash: ---> [FRAME type=ACK frmRx=4](ackRx=3)
[2026-09-13 15:14:22] debug: 	zh:ember:uart:ash: <--- [FRAME type=DATA]
[2026-09-13 15:14:22] debug: 	zh:ember:uart:ash: <--- [FRAME type=DATA ackNum=3](ackRx=3 frmTx=3)
[2026-09-13 15:14:22] debug: 	zh:ember:uart:ash: <--- [FRAME type=DATA ackNum=3 frmNum=4](frmRx=4) Added to rxQueue
[2026-09-13 15:14:22] debug: 	zh:ember:uart:ash: ---> [FRAME type=ACK frmRx=5](ackRx=3)
[2026-09-13 15:14:22] debug: 	zh:ember:ezsp: <=== [FRAME: ID=34:"PERMIT_JOINING" Seq=106 Len=6]
[2026-09-13 15:14:22] debug: 	zh:ember: Permit joining on coordinator for 0 sec.
[2026-09-13 15:14:22] debug: 	zh:ember: ~~~> [ZDO PERMIT_JOINING_REQUEST BROADCAST to=65532 messageTag=2 payload=020001]
[2026-09-13 15:14:22] debug: 	zh:ember:ezsp: ===> [FRAME: ID=54:"SEND_BROADCAST" Seq=107 Len=24]
[2026-09-13 15:14:22] debug: 	zh:ember:uart:ash: ---> [FRAME type=DATA frmTx=3 frmRx=5](ackRx=3)
[2026-09-13 15:14:22] debug: 	zh:ember:ezsp: <=== [CBFRAME: ID=25:"STACK_STATUS_HANDLER" Seq=106 Len=6]
[2026-09-13 15:14:22] debug: 	zh:ember:ezsp: ezspStackStatusHandler: status=ZIGBEE_NETWORK_CLOSED
[2026-09-13 15:14:22] info: 	zh:ember: [STACK STATUS] Network closed.
[2026-09-13 15:14:22] debug: 	zh:ember:uart:ash: <--- [FRAME type=DATA]
[2026-09-13 15:14:22] debug: 	zh:ember:uart:ash: <--- [FRAME type=DATA ackNum=4](ackRx=3 frmTx=4)
[2026-09-13 15:14:22] debug: 	zh:ember:uart:ash: <--- [FRAME type=DATA ackNum=4 frmNum=5](frmRx=5) Added to rxQueue
[2026-09-13 15:14:22] debug: 	zh:ember:uart:ash: ---> [FRAME type=ACK frmRx=6](ackRx=4)
[2026-09-13 15:14:22] debug: 	zh:ember:ezsp: <=== [FRAME: ID=54:"SEND_BROADCAST" Seq=107 Len=7]
[2026-09-13 15:14:22] debug: 	zh:ember: ~~~> [SENT ZDO BROADCAST messageTag=2 apsSequence=134 status=OK]
[2026-09-13 15:14:22] debug: 	zh:controller:database: Writing database to '/config/zigbee2mqtt/database.db'
[2026-09-13 15:14:22] debug: 	zh:controller: Creating coordinator backup
[2026-09-13 15:14:22] debug: 	zh:ember:ezsp: ===> [FRAME: ID=40:"GET_NETWORK_PARAMETERS" Seq=108 Len=5]
[2026-09-13 15:14:22] debug: 	zh:ember:uart:ash: ---> [FRAME type=DATA frmTx=4 frmRx=6](ackRx=4)
[2026-09-13 15:14:22] debug: 	zh:ember:uart:ash: <--- [FRAME type=DATA]
[2026-09-13 15:14:22] debug: 	zh:ember:uart:ash: <--- [FRAME type=DATA ackNum=5](ackRx=4 frmTx=5)
[2026-09-13 15:14:22] debug: 	zh:ember:uart:ash: <--- [FRAME type=DATA ackNum=5 frmNum=6](frmRx=6) Added to rxQueue
[2026-09-13 15:14:22] debug: 	zh:ember:uart:ash: ---> [FRAME type=ACK frmRx=7](ackRx=5)
[2026-09-13 15:14:22] debug: 	zh:ember:ezsp: <=== [FRAME: ID=40:"GET_NETWORK_PARAMETERS" Seq=108 Len=27]
[2026-09-13 15:14:22] debug: 	zh:ember:ezsp: ===> [FRAME: ID=38:"GET_EUI64" Seq=109 Len=5]
[2026-09-13 15:14:22] debug: 	zh:ember:uart:ash: ---> [FRAME type=DATA frmTx=5 frmRx=7](ackRx=5)
[2026-09-13 15:14:22] debug: 	zh:ember:uart:ash: <--- [FRAME type=DATA]
[2026-09-13 15:14:22] debug: 	zh:ember:uart:ash: <--- [FRAME type=DATA ackNum=6](ackRx=5 frmTx=6)
[2026-09-13 15:14:22] debug: 	zh:ember:uart:ash: <--- [FRAME type=DATA ackNum=6 frmNum=7](frmRx=7) Added to rxQueue
[2026-09-13 15:14:22] debug: 	zh:ember:uart:ash: ---> [FRAME type=ACK frmRx=0](ackRx=6)
[2026-09-13 15:14:22] debug: 	zh:ember:ezsp: <=== [FRAME: ID=38:"GET_EUI64" Seq=109 Len=13]
[2026-09-13 15:14:22] debug: 	zh:ember:ezsp: ===> [FRAME: ID=278:"GET_NETWORK_KEY_INFO" Seq=110 Len=5]
[2026-09-13 15:14:22] debug: 	zh:ember:uart:ash: ---> [FRAME type=DATA frmTx=6 frmRx=0](ackRx=6)
[2026-09-13 15:14:22] debug: 	zh:ember:uart:ash: <--- [FRAME type=DATA]
[2026-09-13 15:14:22] debug: 	zh:ember:uart:ash: <--- [FRAME type=DATA ackNum=7](ackRx=6 frmTx=7)
[2026-09-13 15:14:22] debug: 	zh:ember:uart:ash: <--- [FRAME type=DATA ackNum=7 frmNum=0](frmRx=0) Added to rxQueue
[2026-09-13 15:14:22] debug: 	zh:ember:uart:ash: ---> [FRAME type=ACK frmRx=1](ackRx=7)
[2026-09-13 15:14:22] debug: 	zh:ember:ezsp: <=== [FRAME: ID=278:"GET_NETWORK_KEY_INFO" Seq=110 Len=17]
[2026-09-13 15:14:22] debug: 	zh:ember:ezsp: ===> [FRAME: ID=276:"EXPORT_KEY" Seq=111 Len=23]
[2026-09-13 15:14:22] debug: 	zh:ember:uart:ash: ---> [FRAME type=DATA frmTx=7 frmRx=1](ackRx=7)
[2026-09-13 15:14:22] debug: 	zh:ember:uart:ash: <--- [FRAME type=DATA]
[2026-09-13 15:14:22] debug: 	zh:ember:uart:ash: <--- [FRAME type=DATA ackNum=0](ackRx=7 frmTx=0)
[2026-09-13 15:14:22] debug: 	zh:ember:uart:ash: <--- [FRAME type=DATA ackNum=0 frmNum=1](frmRx=1) Added to rxQueue
[2026-09-13 15:14:22] debug: 	zh:ember:uart:ash: ---> [FRAME type=ACK frmRx=2](ackRx=0)
[2026-09-13 15:14:22] debug: 	zh:ember:ezsp: <=== [FRAME: ID=276:"EXPORT_KEY" Seq=111 Len=25]
[2026-09-13 15:14:22] debug: 	zh:ember:ezsp: ===> [FRAME: ID=276:"EXPORT_KEY" Seq=112 Len=23]
[2026-09-13 15:14:22] debug: 	zh:ember:uart:ash: ---> [FRAME type=DATA frmTx=0 frmRx=2](ackRx=0)
[2026-09-13 15:14:22] debug: 	zh:ember:uart:ash: <--- [FRAME type=DATA]
[2026-09-13 15:14:22] debug: 	zh:ember:uart:ash: <--- [FRAME type=DATA ackNum=1](ackRx=0 frmTx=1)
[2026-09-13 15:14:22] debug: 	zh:ember:uart:ash: <--- [FRAME type=DATA ackNum=1 frmNum=2](frmRx=2) Added to rxQueue
[2026-09-13 15:14:22] debug: 	zh:ember:uart:ash: ---> [FRAME type=ACK frmRx=3](ackRx=1)
[2026-09-13 15:14:22] debug: 	zh:ember:ezsp: <=== [FRAME: ID=276:"EXPORT_KEY" Seq=112 Len=25]
[2026-09-13 15:14:22] info: 	zh:controller: Wrote coordinator backup to '/config/zigbee2mqtt/coordinator_backup.json'
[2026-09-13 15:14:22] info: 	zh:ember:uart:ash: ASH COUNTERS since last clear:
[2026-09-13 15:14:22] info: 	zh:ember:uart:ash:   Total frames: RX=21863, TX=29145
[2026-09-13 15:14:22] info: 	zh:ember:uart:ash:   Cancelled   : RX=0, TX=0
[2026-09-13 15:14:22] info: 	zh:ember:uart:ash:   DATA frames : RX=21859, TX=7281
[2026-09-13 15:14:22] info: 	zh:ember:uart:ash:   DATA bytes  : RX=480304, TX=188599
[2026-09-13 15:14:22] info: 	zh:ember:uart:ash:   Retry frames: RX=3, TX=0
[2026-09-13 15:14:22] info: 	zh:ember:uart:ash:   ACK frames  : RX=0, TX=21863
[2026-09-13 15:14:22] info: 	zh:ember:uart:ash:   NAK frames  : RX=0, TX=0
[2026-09-13 15:14:22] info: 	zh:ember:uart:ash:   nRdy frames : RX=0, TX=0
[2026-09-13 15:14:22] info: 	zh:ember:uart:ash:   CRC errors      : RX=0
[2026-09-13 15:14:22] info: 	zh:ember:uart:ash:   Comm errors     : RX=0
[2026-09-13 15:14:22] info: 	zh:ember:uart:ash:   Length < minimum: RX=0
[2026-09-13 15:14:22] info: 	zh:ember:uart:ash:   Length > maximum: RX=0
[2026-09-13 15:14:22] info: 	zh:ember:uart:ash:   Bad controls    : RX=0
[2026-09-13 15:14:22] info: 	zh:ember:uart:ash:   Bad lengths     : RX=0
[2026-09-13 15:14:22] info: 	zh:ember:uart:ash:   Bad ACK numbers : RX=0
[2026-09-13 15:14:22] info: 	zh:ember:uart:ash:   Out of buffers  : RX=0
[2026-09-13 15:14:22] info: 	zh:ember:uart:ash:   Retry dupes     : RX=3
[2026-09-13 15:14:22] info: 	zh:ember:uart:ash:   Out of sequence : RX=0
[2026-09-13 15:14:22] info: 	zh:ember:uart:ash:   ACK timeouts    : RX=0
[2026-09-13 15:14:22] info: 	zh:ember:uart:ash: ======== ASH stopped ========
[2026-09-13 15:14:22] info: 	zh:ember:ezsp: ======== EZSP stopped ========
[2026-09-13 15:14:22] info: 	zh:ember: ======== Ember Adapter Stopped ========
[2026-09-13 15:14:22] info: 	z2m: Stopped zigbee-herdsman
[2026-09-13 15:14:22] info: 	z2m: Stopped Zigbee2MQTT
